condition,drugName,rating,sentiment,usefulCount,drug_popularity,recommendation_score
0</span> users found this comment helpful.,Aricept,2.0,-0.7,0.0,14.0,0.8000000000000003
0</span> users found this comment helpful.,Atripla,8.0,0.0,0.0,68.0,10.0
0</span> users found this comment helpful.,Aviane,4.0,-0.0421212121212121,0.0,249.0,26.415757575757578
0</span> users found this comment helpful.,Bepreve,3.0,-0.039999999999999945,0.0,13.0,2.4200000000000004
0</span> users found this comment helpful.,Blisovi Fe 1 / 20,2.0,-0.078125,0.0,50.0,5.64375
0</span> users found this comment helpful.,Chantix,8.5,-0.11761363636363636,0.0,637.0,66.86477272727274
0</span> users found this comment helpful.,Contrave,1.0,-0.8,0.0,920.0,90.8
0</span> users found this comment helpful.,Cryselle,4.0,-0.18,0.0,94.0,10.64
0</span> users found this comment helpful.,Depo-Provera,7.857142857142857,0.16305000472411188,0.0,882.0,91.66895715230537
0</span> users found this comment helpful.,Drysol,10.0,0.035625000000000004,0.0,150.0,19.07125
0</span> users found this comment helpful.,Gadavist,1.0,-0.15669642857142854,0.0,2.0,0.28660714285714295
0</span> users found this comment helpful.,GoLYTELY,8.0,0.08307291666666666,0.0,19.0,5.266145833333334
0</span> users found this comment helpful.,Hypercare,9.666666666666666,0.18740699404761907,0.0,158.0,20.041480654761905
0</span> users found this comment helpful.,Implanon,7.4,0.12642358567358566,0.0,1102.0,113.41284717134718
0</span> users found this comment helpful.,Jolessa,6.0,-0.010000000000000009,0.0,80.0,10.38
0</span> users found this comment helpful.,Lexapro,8.0,0.21703703703703706,0.0,952.0,98.83407407407408
0</span> users found this comment helpful.,LoSeasonique,6.0,0.16111111111111112,0.0,73.0,10.022222222222224
0</span> users found this comment helpful.,Loestrin 24 Fe,6.380952380952381,0.11261577113362829,0.0,486.0,51.37761249464821
0</span> users found this comment helpful.,Loestrin Fe 1 / 20,2.5,0.02777777777777778,0.0,8.0,1.8555555555555556
0</span> users found this comment helpful.,Microgestin Fe 1 / 20,5.333333333333333,0.004576210826210829,0.0,392.0,41.34248575498576
0</span> users found this comment helpful.,Mirena,6.142857142857143,-0.02951788291074005,0.0,1242.0,126.59810709132138
0</span> users found this comment helpful.,Nortrel 1 / 35,2.0,-0.18111111111111108,0.0,16.0,2.037777777777778
0</span> users found this comment helpful.,NuvaRing,4.0,0.16041666666666668,0.0,622.0,64.12083333333334
0</span> users found this comment helpful.,Ocella,9.0,0.07953703703703703,0.0,95.0,13.259074074074075
0</span> users found this comment helpful.,Ogestrel-28,10.0,0.08444444444444447,0.0,5.0,4.668888888888889
0</span> users found this comment helpful.,Ortho Tri-Cyclen Lo,7.666666666666667,0.04951388888888889,0.0,215.0,24.665694444444444
0</span> users found this comment helpful.,Ortho-Cept,7.0,-0.13346153846153844,0.0,12.0,3.7330769230769234
0</span> users found this comment helpful.,Portia,2.0,0.0030864197530864274,0.0,52.0,6.006172839506173
0</span> users found this comment helpful.,Previfem,1.0,-0.029722222222222216,0.0,20.0,2.3405555555555555
0</span> users found this comment helpful.,Relpax,10.0,0.04166666666666667,0.0,95.0,13.583333333333332
0</span> users found this comment helpful.,Rezira,9.0,0.5,0.0,4.0,5.0
0</span> users found this comment helpful.,Safyral,2.0,0.13888888888888892,0.0,47.0,5.777777777777779
0</span> users found this comment helpful.,Seasonique,4.0,0.016399572649572654,0.0,220.0,23.632799145299145
0</span> users found this comment helpful.,Sprintec,5.2,-0.03541919191919191,0.0,509.0,52.90916161616162
0</span> users found this comment helpful.,Stribild,10.0,0.09999999999999999,0.0,61.0,10.3
0</span> users found this comment helpful.,Suboxone,10.0,0.0,0.0,355.0,39.5
0</span> users found this comment helpful.,Treximet,8.0,-0.13030303030303025,0.0,58.0,8.73939393939394
0</span> users found this comment helpful.,Tri-Sprintec,3.6,-0.0256804379070004,0.0,392.0,40.588639124186
0</span> users found this comment helpful.,TriNessa,3.5,0.12182539682539681,0.0,277.0,29.343650793650795
0</span> users found this comment helpful.,Xyzal,9.0,1.0,0.0,112.0,16.8
0</span> users found this comment helpful.,Yaz,1.0,0.06111111111111113,0.0,344.0,34.922222222222224
0</span> users found this comment helpful.,femhrt,1.0,-0.4166666666666667,0.0,3.0,-0.1333333333333333
10</span> users found this comment helpful.,Adderall,6.0,0.13350340136054423,10.0,201.0,24.76700680272109
10</span> users found this comment helpful.,Adderall XR,8.0,0.0,10.0,114.0,16.6
10</span> users found this comment helpful.,Advair Diskus,7.0,-0.016666666666666677,10.0,61.0,10.866666666666667
10</span> users found this comment helpful.,Allegra-D 24 Hour,9.0,0.07552083333333333,10.0,11.0,6.851041666666667
10</span> users found this comment helpful.,Ambien,9.0,-0.07735042735042735,10.0,288.0,34.24529914529914
10</span> users found this comment helpful.,Amitiza,3.0,0.10909090909090909,10.0,140.0,17.418181818181818
10</span> users found this comment helpful.,Amnesteem,9.0,0.0015277777777777724,10.0,22.0,7.803055555555556
10</span> users found this comment helpful.,Astelin,10.0,0.42,10.0,9.0,7.74
10</span> users found this comment helpful.,Benicar HCT,9.0,0.175,10.0,18.0,7.75
10</span> users found this comment helpful.,Beyaz,3.0,0.0881542699724518,10.0,94.0,12.776308539944903
10</span> users found this comment helpful.,Bontril Slow Release,1.0,0.06000000000000001,10.0,18.0,4.32
10</span> users found this comment helpful.,Fleet Enema,10.0,0.0,10.0,17.0,7.7
10</span> users found this comment helpful.,Junel Fe 1 / 20,4.0,-0.09999999999999999,10.0,220.0,25.4
10</span> users found this comment helpful.,Levitra,8.0,0.11893939393939394,10.0,72.0,12.637878787878787
10</span> users found this comment helpful.,Limbrel,9.0,-0.08194444444444444,10.0,7.0,6.136111111111112
10</span> users found this comment helpful.,Loestrin 24 Fe,9.0,0.0699074074074074,10.0,486.0,54.339814814814815
10</span> users found this comment helpful.,MoviPrep,7.0,-0.24583333333333335,10.0,147.0,19.008333333333333
10</span> users found this comment helpful.,Mucinex,9.0,-0.1875,10.0,62.0,11.425
10</span> users found this comment helpful.,Ornex,10.0,0.07916666666666669,10.0,3.0,6.458333333333333
10</span> users found this comment helpful.,Ortho Micronor,6.0,0.03224206349206349,10.0,55.0,9.964484126984127
10</span> users found this comment helpful.,Orthovisc,9.0,-0.0036363636363636394,10.0,79.0,13.492727272727272
10</span> users found this comment helpful.,Prozac,9.0,0.4916666666666667,10.0,472.0,53.78333333333334
10</span> users found this comment helpful.,Roxicet,10.0,0.030000000000000027,10.0,19.0,7.960000000000001
10</span> users found this comment helpful.,Safyral,2.0,-0.016666666666666666,10.0,47.0,7.466666666666667
10</span> users found this comment helpful.,Seroquel,7.0,0.6,10.0,334.0,39.4
10</span> users found this comment helpful.,Tradjenta,2.0,0.1357142857142857,10.0,22.0,5.271428571428571
10</span> users found this comment helpful.,Ultram,3.0,0.11111111111111112,10.0,142.0,17.622222222222224
10</span> users found this comment helpful.,Zegerid,10.0,0.2833333333333333,10.0,17.0,8.266666666666666
110</span> users found this comment helpful.,Plavix,9.0,0.1,110.0,26.0,28.400000000000002
11</span> users found this comment helpful.,Estradiol Patch,9.0,0.036964285714285706,11.0,10.0,6.873928571428571
11</span> users found this comment helpful.,Finacea,10.0,1.0,11.0,42.0,12.399999999999999
11</span> users found this comment helpful.,Levaquin,1.0,-0.5,11.0,202.0,21.800000000000004
11</span> users found this comment helpful.,Methadone Diskets,10.0,0.3,11.0,23.0,9.1
11</span> users found this comment helpful.,Norco,9.0,0.03928571428571429,11.0,156.0,21.47857142857143
11</span> users found this comment helpful.,Provigil,8.0,0.0,11.0,113.0,16.700000000000003
11</span> users found this comment helpful.,Saphris,9.0,0.14887310606060605,11.0,181.0,24.197746212121213
11</span> users found this comment helpful.,Veramyst,10.0,0.3037037037037037,11.0,15.0,8.307407407407407
11</span> users found this comment helpful.,Wellbutrin,3.0,-0.20055555555555554,11.0,281.0,31.09888888888889
11</span> users found this comment helpful.,Xanax XR,2.0,0.2375,11.0,38.0,7.275
121</span> users found this comment helpful.,Plavix,6.0,-0.1,121.0,26.0,29.000000000000004
123</span> users found this comment helpful.,BuSpar,10.0,-0.051388888888888894,123.0,264.0,54.897222222222226
12</span> users found this comment helpful.,Adderall,6.0,-0.025925925925925918,12.0,201.0,24.848148148148148
12</span> users found this comment helpful.,Ambien CR,6.0,-0.047321428571428556,12.0,46.0,9.305357142857144
12</span> users found this comment helpful.,Amitiza,9.0,0.09375,12.0,140.0,20.1875
12</span> users found this comment helpful.,Drixoral Cold and Allergy,10.0,0.14261363636363636,12.0,39.0,10.585227272727273
12</span> users found this comment helpful.,Dulcolax,7.0,0.20833333333333334,12.0,396.0,45.21666666666667
12</span> users found this comment helpful.,Enulose,10.0,0.0,12.0,2.0,6.6000000000000005
12</span> users found this comment helpful.,Fanapt,5.0,0.0,12.0,16.0,6.0
12</span> users found this comment helpful.,Generess Fe,4.0,-0.06931818181818182,12.0,106.0,14.461363636363638
12</span> users found this comment helpful.,Halcion,8.0,-0.1125,12.0,14.0,6.775
12</span> users found this comment helpful.,Junel Fe 1 / 20,3.0,0.13714285714285715,12.0,220.0,25.874285714285715
12</span> users found this comment helpful.,Mucinex,7.0,-0.3505952380952381,12.0,62.0,10.698809523809524
12</span> users found this comment helpful.,Nasonex,8.0,0.3333333333333333,12.0,30.0,9.266666666666667
12</span> users found this comment helpful.,Orapred,7.0,0.09523809523809523,12.0,1.0,5.4904761904761905
12</span> users found this comment helpful.,Pepcid AC Chewable Tablets,9.0,0.23888888888888885,12.0,2.0,6.677777777777778
12</span> users found this comment helpful.,Toradol,9.0,0.1619047619047619,12.0,117.0,18.023809523809526
12</span> users found this comment helpful.,Wellbutrin,9.0,0.3333333333333333,12.0,281.0,34.766666666666666
12</span> users found this comment helpful.,Zyprexa,9.0,0.15,12.0,167.0,23.0
13</span> users found this comment helpful.,Accutane,10.0,-0.05555555555555555,13.0,330.0,39.48888888888889
13</span> users found this comment helpful.,Adderall XR,10.0,-0.04155844155844155,13.0,114.0,17.916883116883117
13</span> users found this comment helpful.,AndroGel,10.0,0.38533333333333336,13.0,56.0,12.970666666666666
13</span> users found this comment helpful.,Axiron,3.0,0.13333333333333333,13.0,69.0,10.966666666666667
13</span> users found this comment helpful.,Beyaz,2.0,0.2429070929070929,13.0,94.0,13.285814185814186
13</span> users found this comment helpful.,Camila,4.0,0.21319444444444446,13.0,31.0,7.72638888888889
13</span> users found this comment helpful.,Celebrex,10.0,0.13333333333333333,13.0,97.0,16.56666666666667
13</span> users found this comment helpful.,Darvocet-N 50,8.0,0.05714285714285715,13.0,2.0,6.114285714285715
13</span> users found this comment helpful.,Deplin,6.0,0.29,13.0,56.0,11.18
13</span> users found this comment helpful.,Dilaudid,10.0,0.19687500000000002,13.0,196.0,26.59375
13</span> users found this comment helpful.,Duexis,1.0,0.11190476190476191,13.0,11.0,4.323809523809524
13</span> users found this comment helpful.,Junel Fe 1 / 20,5.5,-0.004656084656084657,13.0,220.0,26.79068783068783
13</span> users found this comment helpful.,Lyrica,10.0,0.010714285714285747,13.0,441.0,50.721428571428575
13</span> users found this comment helpful.,Nora-Be,8.0,-0.04918414918414919,13.0,66.0,12.301631701631702
13</span> users found this comment helpful.,Omnaris,8.0,0.3,13.0,7.0,7.1000000000000005
13</span> users found this comment helpful.,Ortho Tri-Cyclen Lo,3.0,-0.10416666666666663,13.0,215.0,25.09166666666667
13</span> users found this comment helpful.,Sronyx,9.0,0.004166666666666689,13.0,88.0,15.008333333333335
13</span> users found this comment helpful.,Synvisc,9.0,-0.04246031746031746,13.0,22.0,8.315079365079367
13</span> users found this comment helpful.,Thorazine,10.0,0.0,13.0,25.0,9.1
142</span> users found this comment helpful.,Adderall,10.0,0.43333333333333335,142.0,201.0,53.36666666666667
142</span> users found this comment helpful.,Alli,9.0,0.5,142.0,55.0,38.5
145</span> users found this comment helpful.,Flexeril,10.0,0.26875000000000004,145.0,119.0,45.4375
146</span> users found this comment helpful.,Efudex,10.0,0.16281250000000003,146.0,23.0,35.825625
14</span> users found this comment helpful.,Adderall,10.0,0.425,14.0,201.0,27.75
14</span> users found this comment helpful.,Benicar,9.0,0.3,14.0,59.0,12.9
14</span> users found this comment helpful.,Contrave,1.0,-0.125,14.0,920.0,94.95
14</span> users found this comment helpful.,Hair Regrowth Treatment for Women,1.0,-0.17142857142857146,14.0,1.0,2.9571428571428573
14</span> users found this comment helpful.,Intuniv,10.0,0.27788461538461545,14.0,84.0,15.755769230769232
14</span> users found this comment helpful.,Linzess,6.0,-0.07190476190476189,14.0,324.0,37.45619047619047
14</span> users found this comment helpful.,Pepcid,8.0,-0.2571428571428571,14.0,6.0,6.085714285714285
14</span> users found this comment helpful.,Protonix,10.0,0.16,14.0,35.0,10.620000000000001
14</span> users found this comment helpful.,Revlimid,10.0,1.0,14.0,6.0,9.4
14</span> users found this comment helpful.,Silenor,3.0,-0.5083333333333332,14.0,71.0,10.083333333333336
14</span> users found this comment helpful.,Viibryd,8.0,0.3284722222222222,14.0,375.0,44.15694444444445
14</span> users found this comment helpful.,Vimovo,1.0,-0.06191788009969829,14.0,17.0,4.776164239800604
14</span> users found this comment helpful.,Yasmin,1.0,0.0,14.0,171.0,20.3
14</span> users found this comment helpful.,Yaz,7.0,0.1864583333333333,14.0,344.0,40.37291666666667
15</span> users found this comment helpful.,Adderall,9.0,0.06410256410256411,15.0,201.0,26.82820512820513
15</span> users found this comment helpful.,Azo-Standard,7.0,0.10416666666666667,15.0,8.0,6.808333333333334
15</span> users found this comment helpful.,Contrave,6.0,0.043750000000000004,15.0,920.0,97.4875
15</span> users found this comment helpful.,Cryselle,10.0,0.2013888888888889,15.0,94.0,16.802777777777777
15</span> users found this comment helpful.,Depo-Provera,6.0,0.11439393939393938,15.0,882.0,93.82878787878788
15</span> users found this comment helpful.,Dymista,10.0,0.11,15.0,51.0,12.32
15</span> users found this comment helpful.,Fiorinal with Codeine,9.0,-0.03272727272727273,15.0,9.0,7.4345454545454555
15</span> users found this comment helpful.,Flexeril,1.0,-0.24375000000000002,15.0,119.0,14.8125
15</span> users found this comment helpful.,MS Contin,6.0,0.08055555555555555,15.0,68.0,12.361111111111112
15</span> users found this comment helpful.,Restasis,3.0,0.11875000000000001,15.0,31.0,7.5375
15</span> users found this comment helpful.,Rogaine,1.0,0.12161458333333336,15.0,10.0,4.643229166666667
15</span> users found this comment helpful.,Skelaxin,5.0,-0.16875,15.0,60.0,10.6625
15</span> users found this comment helpful.,Toprol-XL,7.0,0.2222222222222222,15.0,38.0,10.044444444444444
15</span> users found this comment helpful.,Ultram,1.0,-0.2833333333333333,15.0,142.0,17.033333333333335
15</span> users found this comment helpful.,Viibryd,5.0,0.34375,15.0,375.0,43.1875
15</span> users found this comment helpful.,Wellbutrin SR,10.0,0.2125,15.0,73.0,14.725000000000001
16</span> users found this comment helpful.,Adderall,10.0,0.8,16.0,201.0,28.900000000000002
16</span> users found this comment helpful.,Chloraseptic Sore Throat Spray,9.0,0.00833333333333334,16.0,8.0,7.616666666666666
16</span> users found this comment helpful.,Climara Pro,7.0,0.12333333333333334,16.0,13.0,7.546666666666667
16</span> users found this comment helpful.,Luvox,3.0,0.5,16.0,60.0,11.4
16</span> users found this comment helpful.,Lyrica,1.0,-0.9047619047619048,16.0,441.0,45.89047619047619
16</span> users found this comment helpful.,Metadate CD,10.0,0.17440476190476192,16.0,28.0,10.348809523809525
16</span> users found this comment helpful.,Mobic,10.0,0.6000000000000001,16.0,84.0,16.8
16</span> users found this comment helpful.,Mononessa,1.0,0.03645276292335115,16.0,129.0,16.572905525846704
16</span> users found this comment helpful.,Remeron,9.0,-0.13598484848484846,16.0,127.0,19.228030303030305
16</span> users found this comment helpful.,Saphris,8.5,0.17916666666666667,16.0,181.0,25.058333333333337
16</span> users found this comment helpful.,Suprep Bowel Prep Kit,4.0,0.15833333333333333,16.0,598.0,64.91666666666667
16</span> users found this comment helpful.,VESIcare,5.0,0.2,16.0,70.0,12.6
16</span> users found this comment helpful.,Xanax,10.0,-0.4041666666666667,16.0,456.0,51.99166666666667
17</span> users found this comment helpful.,Adipex-P,10.0,0.06309523809523812,17.0,326.0,40.12619047619048
17</span> users found this comment helpful.,Antabuse,2.0,-0.07857142857142858,17.0,34.0,7.442857142857144
17</span> users found this comment helpful.,Cheratussin AC,7.0,0.0,17.0,22.0,8.400000000000002
17</span> users found this comment helpful.,Cialis,10.0,0.1988095238095238,17.0,279.0,35.69761904761905
17</span> users found this comment helpful.,Levora,9.0,0.215,17.0,122.0,19.630000000000003
17</span> users found this comment helpful.,Lo Loestrin Fe,10.0,0.07347222222222223,17.0,680.0,75.54694444444445
17</span> users found this comment helpful.,Lyrica,1.0,0.13446969696969696,17.0,441.0,48.1689393939394
17</span> users found this comment helpful.,Ortho Tri-Cyclen Lo,9.0,0.11875000000000001,17.0,215.0,28.7375
17</span> users found this comment helpful.,Remeron,10.0,-0.05902777777777776,17.0,127.0,19.981944444444444
17</span> users found this comment helpful.,Ritalin,10.0,0.11388888888888889,17.0,78.0,15.427777777777779
17</span> users found this comment helpful.,Serzone,10.0,0.0,17.0,9.0,8.3
17</span> users found this comment helpful.,Trintellix,1.0,-0.5875,17.0,395.0,42.125
17</span> users found this comment helpful.,Vaniqa,10.0,0.16666666666666666,17.0,32.0,10.933333333333334
17</span> users found this comment helpful.,Zetia,5.0,-0.078125,17.0,26.0,7.84375
18</span> users found this comment helpful.,Adipex-P,9.0,0.015555555555555562,18.0,326.0,39.83111111111111
18</span> users found this comment helpful.,Beyaz,7.0,-0.06805555555555555,18.0,94.0,15.66388888888889
18</span> users found this comment helpful.,Flomax,8.0,0.18333333333333335,18.0,117.0,18.866666666666667
18</span> users found this comment helpful.,Nutropin,10.0,0.10388888888888889,18.0,1.0,7.907777777777778
18</span> users found this comment helpful.,Ortho Tri-Cyclen Lo,9.0,0.04629629629629629,18.0,215.0,28.79259259259259
18</span> users found this comment helpful.,Soma,9.0,0.15433333333333332,18.0,119.0,19.40866666666667
18</span> users found this comment helpful.,Synvisc-One,1.0,-0.125,18.0,61.0,9.850000000000001
18</span> users found this comment helpful.,Taztia XT,9.0,0.23750000000000002,18.0,1.0,7.775
18</span> users found this comment helpful.,Testim,8.0,0.29062499999999997,18.0,65.0,13.88125
18</span> users found this comment helpful.,Xolair,10.0,0.06302800734618917,18.0,67.0,14.426056014692378
18</span> users found this comment helpful.,Zyprexa,10.0,0.3588383838383838,18.0,167.0,25.017676767676768
19</span> users found this comment helpful.,Anafranil,4.0,0.43333333333333335,19.0,39.0,10.166666666666668
19</span> users found this comment helpful.,Concerta,9.0,0.3194444444444444,19.0,198.0,27.83888888888889
19</span> users found this comment helpful.,Depo-Provera,9.0,0.07526041666666666,19.0,882.0,95.75052083333334
19</span> users found this comment helpful.,Dexilant,9.0,-0.08999999999999997,19.0,81.0,15.32
19</span> users found this comment helpful.,Invega Sustenna,1.0,-0.3159090909090909,19.0,21.0,5.668181818181818
19</span> users found this comment helpful.,Mirena,7.0,-0.09777777777777774,19.0,1242.0,130.60444444444445
19</span> users found this comment helpful.,NP Thyroid,9.0,0.0,19.0,6.0,8.0
19</span> users found this comment helpful.,Nardil,1.0,-0.5,19.0,29.0,6.1000000000000005
19</span> users found this comment helpful.,Necon 1 / 35,10.0,-0.22166666666666662,19.0,24.0,9.756666666666668
19</span> users found this comment helpful.,OsmoPrep,10.0,0.29,19.0,5.0,8.88
19</span> users found this comment helpful.,Zoloft,10.0,0.13666666666666666,19.0,805.0,88.57333333333334
1</span> users found this comment helpful.,Aerobid-M,10.0,0.12166666666666667,1.0,1.0,4.543333333333333
1</span> users found this comment helpful.,Alavert D-12 Hour Allergy and Sinus,5.0,0.0,1.0,1.0,2.3000000000000003
1</span> users found this comment helpful.,Alesse,2.0,-0.12515151515151518,1.0,109.0,11.64969696969697
1</span> users found this comment helpful.,Allegra,9.0,-0.2833333333333333,1.0,45.0,7.733333333333333
1</span> users found this comment helpful.,Atripla,10.0,0.33555555555555555,1.0,68.0,11.671111111111113
1</span> users found this comment helpful.,Augmentin,9.0,0.0062500000000000056,1.0,169.0,20.712500000000002
1</span> users found this comment helpful.,Aviane,5.0,0.011388888888888886,1.0,249.0,27.12277777777778
1</span> users found this comment helpful.,Beyaz,5.0,0.48333333333333334,1.0,94.0,12.566666666666666
1</span> users found this comment helpful.,Chateal,8.0,0.084375,1.0,113.0,14.868750000000002
1</span> users found this comment helpful.,Cipro,4.0,-0.5,1.0,165.0,17.3
1</span> users found this comment helpful.,Ciprodex,8.0,-0.32426303854875277,1.0,26.0,5.351473922902494
1</span> users found this comment helpful.,Depo-Provera,5.142857142857143,0.04074710012210013,1.0,882.0,90.53863705738706
1</span> users found this comment helpful.,Desogen,2.0,0.0505952380952381,1.0,22.0,3.3011904761904765
1</span> users found this comment helpful.,Duac,1.0,0.033769841269841276,1.0,122.0,12.867539682539684
1</span> users found this comment helpful.,Epiduo,9.0,0.1631416202844774,1.0,396.0,43.726283240568954
1</span> users found this comment helpful.,Flagyl,4.0,-0.43333333333333335,1.0,141.0,15.033333333333335
1</span> users found this comment helpful.,Gianvi,4.833333333333333,0.03886698269051211,1.0,133.0,15.511067298714359
1</span> users found this comment helpful.,Gildess Fe 1 / 20,5.0,0.0,1.0,175.0,19.7
1</span> users found this comment helpful.,Jolessa,5.0,0.011562500000000017,1.0,80.0,10.223125
1</span> users found this comment helpful.,Levora,3.5,0.14901556776556774,1.0,122.0,14.098031135531137
1</span> users found this comment helpful.,Linzess,10.0,-0.11666666666666665,1.0,324.0,36.36666666666667
1</span> users found this comment helpful.,Lo Loestrin Fe,2.0,0.03555555555555556,1.0,680.0,69.07111111111111
1</span> users found this comment helpful.,Loestrin 24 Fe,6.5,-0.011079545454545458,1.0,486.0,51.377840909090914
1</span> users found this comment helpful.,Lotrimin AF Athlete's Foot Powder,9.0,-1.0,1.0,1.0,1.9000000000000001
1</span> users found this comment helpful.,Meridia,9.5,0.16440972222222222,1.0,43.0,8.628819444444446
1</span> users found this comment helpful.,Microgestin Fe 1 / 20,5.0,0.10050965007215007,1.0,392.0,41.6010193001443
1</span> users found this comment helpful.,Minastrin 24 Fe,8.0,-0.024242424242424246,1.0,157.0,19.051515151515154
1</span> users found this comment helpful.,Nexium,9.0,0.4,1.0,80.0,12.600000000000001
1</span> users found this comment helpful.,Nexplanon,1.0,-0.05,1.0,2156.0,216.10000000000002
1</span> users found this comment helpful.,Nystop,1.0,-0.022222222222222216,1.0,1.0,0.6555555555555556
1</span> users found this comment helpful.,Ocella,7.0,0.050000000000000024,1.0,95.0,12.600000000000001
1</span> users found this comment helpful.,Ortho Tri-Cyclen Lo,10.0,0.33474358974358975,1.0,215.0,26.36948717948718
1</span> users found this comment helpful.,ParaGard,10.0,0.09791666666666668,1.0,369.0,41.295833333333334
1</span> users found this comment helpful.,Safyral,9.0,0.32055555555555554,1.0,47.0,9.141111111111112
1</span> users found this comment helpful.,Seasonique,7.5,0.1442956349206349,1.0,220.0,25.48859126984127
1</span> users found this comment helpful.,Sprintec,8.333333333333334,0.045439393939393946,1.0,509.0,54.52421212121213
1</span> users found this comment helpful.,Suboxone,9.666666666666666,0.26366161616161615,1.0,355.0,40.093989898989896
1</span> users found this comment helpful.,Tri-Sprintec,5.0,-0.06141798941798941,1.0,392.0,41.277164021164026
1</span> users found this comment helpful.,TriNessa,4.4,-0.09367522160379302,1.0,277.0,29.472649556792415
1</span> users found this comment helpful.,Yaz,6.0,0.1365530303030303,1.0,344.0,37.27310606060606
1</span> users found this comment helpful.,Zithromax,10.0,0.605,1.0,79.0,13.31
1</span> users found this comment helpful.,Zofran,10.0,0.03492063492063494,1.0,122.0,16.46984126984127
20</span> users found this comment helpful.,Beyaz,7.5,0.15166666666666664,20.0,94.0,16.703333333333333
20</span> users found this comment helpful.,Bydureon,8.0,-0.028846153846153855,20.0,137.0,20.842307692307692
20</span> users found this comment helpful.,Contrave,9.0,0.10325970469159323,20.0,920.0,99.80651940938318
20</span> users found this comment helpful.,Cryselle,10.0,-0.45,20.0,94.0,16.5
20</span> users found this comment helpful.,Lamisil,3.0,-0.03929602143887857,20.0,63.0,11.421407957122245
20</span> users found this comment helpful.,Microgestin Fe 1 / 20,1.0,-0.13802083333333334,20.0,392.0,43.32395833333334
20</span> users found this comment helpful.,Neurontin,1.0,-0.1875,20.0,140.0,18.025
20</span> users found this comment helpful.,Ortho Tri-Cyclen Lo,9.0,0.16354166666666667,20.0,215.0,29.427083333333336
20</span> users found this comment helpful.,Restoril,9.0,0.18333333333333332,20.0,38.0,11.766666666666667
20</span> users found this comment helpful.,Viibryd,1.0,-0.032744444444444444,20.0,375.0,41.83451111111111
20</span> users found this comment helpful.,Zyrtec,10.0,0.07307692307692308,20.0,69.0,15.046153846153848
21</span> users found this comment helpful.,Adderall,8.0,0.28939393939393937,21.0,201.0,28.078787878787878
21</span> users found this comment helpful.,Belviq,5.0,0.0,21.0,563.0,62.50000000000001
21</span> users found this comment helpful.,Enskyce,6.0,0.04807692307692308,21.0,4.0,7.096153846153847
21</span> users found this comment helpful.,Intuniv,2.0,0.24999999999999997,21.0,84.0,13.9
21</span> users found this comment helpful.,Latuda,1.0,-0.19999999999999998,21.0,330.0,37.2
21</span> users found this comment helpful.,Librium,10.0,-0.05833333333333332,21.0,79.0,15.983333333333334
21</span> users found this comment helpful.,Mirena,10.0,0.1373809523809524,21.0,1242.0,132.6747619047619
21</span> users found this comment helpful.,Ortho Tri-Cyclen Lo,10.0,0.1638888888888889,21.0,215.0,30.02777777777778
21</span> users found this comment helpful.,Wellbutrin XL,10.0,0.275,21.0,202.0,28.950000000000003
22</span> users found this comment helpful.,Provigil,9.0,0.0,22.0,113.0,19.3
22</span> users found this comment helpful.,Ritalin,10.0,0.18666666666666668,22.0,78.0,16.573333333333334
23</span> users found this comment helpful.,Amitiza,10.0,0.1939102564102564,23.0,140.0,22.987820512820512
23</span> users found this comment helpful.,Amrix,9.0,0.28227513227513223,23.0,35.0,12.264550264550266
23</span> users found this comment helpful.,Bentyl,10.0,0.10000000000000005,23.0,49.0,13.700000000000001
23</span> users found this comment helpful.,Cialis,9.0,-0.01790364583333335,23.0,279.0,36.06419270833334
23</span> users found this comment helpful.,Coenzyme Q10,9.0,0.2588888888888889,23.0,2.0,8.917777777777777
23</span> users found this comment helpful.,Flexeril,8.0,0.05,23.0,119.0,19.8
23</span> users found this comment helpful.,Restasis,10.0,-0.08063725490196079,23.0,31.0,11.538725490196079
23</span> users found this comment helpful.,Seasonique,9.0,-0.11388888888888887,23.0,220.0,29.97222222222222
23</span> users found this comment helpful.,Silenor,10.0,0.1375,23.0,71.0,15.975000000000001
24</span> users found this comment helpful.,Contrave,9.0,0.025148809523809525,24.0,920.0,100.45029761904762
24</span> users found this comment helpful.,Lyrica,5.0,-0.05729166666666667,24.0,441.0,50.78541666666667
24</span> users found this comment helpful.,Viibryd,6.0,0.05583333333333333,24.0,375.0,44.81166666666667
25</span> users found this comment helpful.,Arthrotec,10.0,0.03125,25.0,27.0,11.7625
25</span> users found this comment helpful.,Junel Fe 1 / 20,9.0,0.05256410256410257,25.0,220.0,30.705128205128204
25</span> users found this comment helpful.,Lescol,9.0,-0.03597402597402596,25.0,1.0,8.628051948051947
25</span> users found this comment helpful.,Lo Loestrin Fe,8.0,0.321875,25.0,680.0,76.84375
25</span> users found this comment helpful.,MoviPrep,1.0,0.0,25.0,147.0,20.1
25</span> users found this comment helpful.,Silenor,10.0,0.25,25.0,71.0,16.6
25</span> users found this comment helpful.,Viagra,10.0,0.42000000000000004,25.0,113.0,21.14
26</span> users found this comment helpful.,Dulcolax,10.0,-0.19583333333333333,26.0,396.0,48.40833333333333
27</span> users found this comment helpful.,Dulcolax,1.0,-0.3833333333333333,27.0,396.0,44.63333333333333
27</span> users found this comment helpful.,Femring,10.0,-0.2,27.0,15.0,10.5
27</span> users found this comment helpful.,Nardil,9.0,0.06904761904761907,27.0,29.0,12.03809523809524
27</span> users found this comment helpful.,Premarin,10.0,-0.0279296875,27.0,29.0,12.244140625000002
27</span> users found this comment helpful.,Silenor,10.0,0.2,27.0,71.0,16.900000000000002
28</span> users found this comment helpful.,Marinol,9.0,0.3904761904761905,28.0,19.0,11.880952380952381
28</span> users found this comment helpful.,Namenda XR,3.0,-0.10952380952380951,28.0,3.0,6.880952380952381
28</span> users found this comment helpful.,Silenor,10.0,-0.11279761904761905,28.0,71.0,16.474404761904765
29</span> users found this comment helpful.,Adderall,9.0,0.05361111111111111,29.0,201.0,29.607222222222227
29</span> users found this comment helpful.,Contrave,10.0,0.0703703703703704,29.0,920.0,101.94074074074074
29</span> users found this comment helpful.,Prempro,1.0,0.15297619047619046,29.0,10.0,7.505952380952381
29</span> users found this comment helpful.,Remeron SolTab,9.0,0.41874999999999996,29.0,6.0,10.8375
29</span> users found this comment helpful.,Tenex,10.0,0.7333333333333334,29.0,3.0,11.566666666666668
2</span> users found this comment helpful.,Aczone,9.0,0.10497835497835502,2.0,130.0,17.20995670995671
2</span> users found this comment helpful.,Advair Diskus,1.0,7.401486830834377e-17,2.0,61.0,6.9
2</span> users found this comment helpful.,Alesse,10.0,0.32,2.0,109.0,15.940000000000001
2</span> users found this comment helpful.,Allegra-D 24 Hour,8.0,0.78,2.0,11.0,6.26
2</span> users found this comment helpful.,Aviane,4.5,0.1343295304232804,2.0,249.0,27.368659060846564
2</span> users found this comment helpful.,Bactrim DS,5.0,0.030555555555555544,2.0,136.0,16.061111111111114
2</span> users found this comment helpful.,Cymbalta,1.0,-0.007575757575757569,2.0,864.0,87.18484848484849
2</span> users found this comment helpful.,Darvocet A500,9.0,-0.08333333333333333,2.0,4.0,4.233333333333333
2</span> users found this comment helpful.,Depo-Provera,5.333333333333333,0.0972689909297052,2.0,882.0,90.92787131519275
2</span> users found this comment helpful.,Desogen,9.0,-0.23416666666666663,2.0,22.0,5.731666666666667
2</span> users found this comment helpful.,Effexor XR,10.0,0.033333333333333326,2.0,399.0,44.366666666666674
2</span> users found this comment helpful.,Florinef,9.0,0.06622362012987014,2.0,4.0,4.53244724025974
2</span> users found this comment helpful.,Fluzone,3.0,0.06904761904761905,2.0,2.0,1.938095238095238
2</span> users found this comment helpful.,Gianvi,9.0,-0.06538299663299661,2.0,133.0,17.16923400673401
2</span> users found this comment helpful.,Implanon,5.5,0.19857503607503607,2.0,1102.0,113.19715007215008
2</span> users found this comment helpful.,Jolessa,4.666666666666667,0.047993827160493836,2.0,80.0,10.362654320987655
2</span> users found this comment helpful.,Larin Fe 1 / 20,9.0,-0.78125,2.0,4.0,2.8375
2</span> users found this comment helpful.,Levora,5.0,-0.013907639979068548,2.0,122.0,14.572184720041864
2</span> users found this comment helpful.,Lo Loestrin Fe,3.0,0.28437500000000004,2.0,680.0,70.16875
2</span> users found this comment helpful.,LoSeasonique,6.5,0.03572916666666667,2.0,73.0,10.371458333333333
2</span> users found this comment helpful.,Loestrin 24 Fe,5.818181818181818,0.09541261190408917,2.0,486.0,51.518097951080904
2</span> users found this comment helpful.,Lutera,10.0,-0.11666666666666665,2.0,205.0,24.666666666666668
2</span> users found this comment helpful.,Microgestin Fe 1 / 20,8.666666666666666,0.04941798941798942,2.0,392.0,43.16550264550265
2</span> users found this comment helpful.,Mirena,7.333333333333333,0.004318424630924639,2.0,1242.0,127.54197018259518
2</span> users found this comment helpful.,Nexplanon,1.0,0.2,2.0,2156.0,216.8
2</span> users found this comment helpful.,NuvaRing,1.0,-0.17604166666666665,2.0,622.0,62.64791666666667
2</span> users found this comment helpful.,Orsythia,1.0,-0.018749999999999996,2.0,149.0,15.6625
2</span> users found this comment helpful.,Patanol,10.0,0.0,2.0,14.0,5.800000000000001
2</span> users found this comment helpful.,Percocet,10.0,0.05763888888888889,2.0,148.0,19.31527777777778
2</span> users found this comment helpful.,Polysporin First Aid Antibiotic Ointment,1.0,-0.6999999999999998,2.0,2.0,-0.39999999999999963
2</span> users found this comment helpful.,Portia,9.0,0.08333333333333337,2.0,52.0,9.366666666666667
2</span> users found this comment helpful.,Seasonique,4.5,0.19362244897959183,2.0,220.0,24.587244897959184
2</span> users found this comment helpful.,Skyla,6.0,0.11833333333333336,2.0,824.0,85.43666666666667
2</span> users found this comment helpful.,Sprintec,5.666666666666667,-0.07883630952380953,2.0,509.0,53.40899404761905
2</span> users found this comment helpful.,Suboxone,10.0,0.06851851851851852,2.0,355.0,40.03703703703704
2</span> users found this comment helpful.,Subutex,10.0,0.275,2.0,61.0,11.05
2</span> users found this comment helpful.,Tri-Sprintec,7.0,0.0827597196735755,2.0,392.0,42.565519439347156
2</span> users found this comment helpful.,TriNessa,8.0,0.024246031746031738,2.0,277.0,31.348492063492067
2</span> users found this comment helpful.,Trileptal,7.5,0.06008597883597883,2.0,46.0,8.120171957671959
2</span> users found this comment helpful.,Uta,7.0,0.0398989898989899,2.0,3.0,3.5797979797979798
2</span> users found this comment helpful.,Yaz,7.0,0.05523243801652893,2.0,344.0,37.71046487603306
2</span> users found this comment helpful.,Zoloft,9.0,0.090625,2.0,805.0,84.68125
2</span> users found this comment helpful.,Zutripro,10.0,0.46875000000000006,2.0,11.0,6.4375
30</span> users found this comment helpful.,Xanax,10.0,0.1278846153846154,30.0,456.0,55.85576923076923
31</span> users found this comment helpful.,Flexeril,9.0,0.0625,31.0,119.0,21.825000000000003
31</span> users found this comment helpful.,Rogaine Men's Extra Strength,1.0,0.0035714285714285657,31.0,1.0,6.707142857142857
31</span> users found this comment helpful.,Xanax,10.0,0.55,31.0,456.0,56.900000000000006
32</span> users found this comment helpful.,Deplin,9.0,0.11249999999999999,32.0,56.0,15.825000000000003
32</span> users found this comment helpful.,Lamictal,10.0,-0.15249999999999994,32.0,339.0,43.995
32</span> users found this comment helpful.,Mucinex,6.0,0.39166666666666666,32.0,62.0,15.783333333333335
32</span> users found this comment helpful.,Testopel,10.0,0.05,32.0,5.0,11.0
33</span> users found this comment helpful.,Bentyl,10.0,0.25,33.0,49.0,16.0
33</span> users found this comment helpful.,BuSpar,10.0,0.05714285714285715,33.0,264.0,37.114285714285714
33</span> users found this comment helpful.,Diovan,10.0,0.58,33.0,45.0,16.26
33</span> users found this comment helpful.,Lexapro,9.0,0.19444444444444445,33.0,952.0,105.78888888888889
33</span> users found this comment helpful.,Zanaflex,10.0,0.7,33.0,65.0,18.5
34</span> users found this comment helpful.,Viagra,8.0,0.29500000000000004,34.0,113.0,21.89
35</span> users found this comment helpful.,Remeron,9.0,0.06232638888888888,35.0,127.0,23.42465277777778
35</span> users found this comment helpful.,Restasis,9.0,0.35666666666666663,35.0,31.0,14.413333333333332
36</span> users found this comment helpful.,Klor-Con,10.0,0.0,36.0,5.0,11.7
36</span> users found this comment helpful.,Lodine,9.0,-0.125,36.0,9.0,11.450000000000001
36</span> users found this comment helpful.,Namenda,1.0,-0.1,36.0,8.0,8.200000000000001
36</span> users found this comment helpful.,Soma,10.0,0.12410714285714286,36.0,119.0,23.348214285714285
36</span> users found this comment helpful.,Vimovo,4.0,-0.5999999999999999,36.0,17.0,9.3
39</span> users found this comment helpful.,Flexeril,5.0,0.01428571428571429,39.0,119.0,21.728571428571428
39</span> users found this comment helpful.,Trileptal,10.0,-0.1682745825602969,39.0,46.0,16.063450834879408
39</span> users found this comment helpful.,Vivelle-Dot,9.0,0.18687499999999999,39.0,17.0,13.473749999999999
3</span> users found this comment helpful.,Abilify,7.0,0.4,3.0,446.0,48.800000000000004
3</span> users found this comment helpful.,Accutane,9.0,0.005769230769230775,3.0,330.0,37.21153846153846
3</span> users found this comment helpful.,Alesse,8.0,0.07003205128205128,3.0,109.0,14.840064102564103
3</span> users found this comment helpful.,Ambien,8.0,0.03333333333333333,3.0,288.0,32.66666666666667
3</span> users found this comment helpful.,Apri,4.0,0.03200000000000001,3.0,218.0,24.064
3</span> users found this comment helpful.,Astepro,9.0,0.5,3.0,13.0,6.499999999999999
3</span> users found this comment helpful.,Augmentin,6.0,0.6,3.0,169.0,21.1
3</span> users found this comment helpful.,Bactrim,2.0,0.11166666666666668,3.0,212.0,22.823333333333338
3</span> users found this comment helpful.,Beyaz,3.0,0.13939393939393938,3.0,94.0,11.47878787878788
3</span> users found this comment helpful.,Chantix,10.0,0.01799242424242426,3.0,637.0,68.33598484848486
3</span> users found this comment helpful.,Cymbalta,10.0,0.0,3.0,864.0,91.0
3</span> users found this comment helpful.,Depo-Provera,1.0,-0.2916666666666667,3.0,882.0,88.61666666666667
3</span> users found this comment helpful.,Desogen,5.0,-0.03280423280423279,3.0,22.0,4.734391534391534
3</span> users found this comment helpful.,Dilantin,1.0,0.1888888888888889,3.0,40.0,5.377777777777778
3</span> users found this comment helpful.,Drixoral Cold and Allergy,10.0,-0.13333333333333333,3.0,39.0,8.233333333333334
3</span> users found this comment helpful.,Elavil,10.0,0.06027777777777777,3.0,116.0,16.320555555555558
3</span> users found this comment helpful.,Fioricet with Codeine,5.0,-0.4,3.0,11.0,2.9000000000000004
3</span> users found this comment helpful.,Gianvi,2.0,-0.004269972451790626,3.0,133.0,14.69146005509642
3</span> users found this comment helpful.,Jolessa,7.0,0.2844907407407407,3.0,80.0,11.968981481481482
3</span> users found this comment helpful.,Junel Fe 1 / 20,4.5,0.04672506313131314,3.0,220.0,24.493450126262626
3</span> users found this comment helpful.,Klonopin,10.0,0.20461538461538464,3.0,432.0,48.20923076923077
3</span> users found this comment helpful.,Latuda,2.0,-0.20499999999999993,3.0,330.0,33.99
3</span> users found this comment helpful.,Levaquin,2.0,0.1892857142857143,3.0,202.0,21.97857142857143
3</span> users found this comment helpful.,Levora,5.5,0.35800189393939397,3.0,122.0,15.716003787878789
3</span> users found this comment helpful.,Lexapro,9.0,0.08981481481481482,3.0,952.0,99.57962962962964
3</span> users found this comment helpful.,Lo Loestrin Fe,6.0,0.06738376322751324,3.0,680.0,71.13476752645502
3</span> users found this comment helpful.,LoSeasonique,5.25,0.17413194444444446,3.0,73.0,10.34826388888889
3</span> users found this comment helpful.,Loestrin 24 Fe,5.0,-0.005615842490842478,3.0,486.0,51.188768315018315
3</span> users found this comment helpful.,Low-Ogestrel-21,8.0,-0.05,3.0,2.0,3.9000000000000004
3</span> users found this comment helpful.,Microgestin Fe 1 / 20,8.0,0.07142384731670447,3.0,392.0,43.14284769463341
3</span> users found this comment helpful.,Mirena,7.0,0.013611111111111138,3.0,1242.0,127.62722222222223
3</span> users found this comment helpful.,Nexplanon,1.0,-0.3507936507936508,3.0,2156.0,215.89841269841273
3</span> users found this comment helpful.,Nuvigil,9.0,0.3095238095238095,3.0,169.0,21.719047619047622
3</span> users found this comment helpful.,Ocella,6.5,-0.3029521404521405,3.0,95.0,12.09409571909572
3</span> users found this comment helpful.,Ortho Tri-Cyclen Lo,8.5,0.24831439393939395,3.0,215.0,25.996628787878787
3</span> users found this comment helpful.,OxyContin,10.0,0.75,3.0,188.0,24.9
3</span> users found this comment helpful.,Paxil,9.0,0.15000000000000005,3.0,457.0,50.2
3</span> users found this comment helpful.,Phenergan,10.0,0.0,3.0,67.0,11.3
3</span> users found this comment helpful.,ProAir HFA,9.0,0.3238095238095238,3.0,13.0,6.147619047619048
3</span> users found this comment helpful.,Proventil HFA,10.0,0.03375,3.0,5.0,5.1675
3</span> users found this comment helpful.,Savella,8.0,0.17896825396825397,3.0,212.0,25.35793650793651
3</span> users found this comment helpful.,Seasonique,5.0,0.0011904761904761943,3.0,220.0,24.60238095238095
3</span> users found this comment helpful.,Seroquel,9.0,-0.5,3.0,334.0,36.6
3</span> users found this comment helpful.,Seroquel XR,9.0,-0.00993589743589743,3.0,126.0,16.780128205128207
3</span> users found this comment helpful.,Skyla,1.0,-0.05833333333333335,3.0,824.0,83.28333333333335
3</span> users found this comment helpful.,Sprintec,5.5,-0.25043650793650796,3.0,509.0,53.19912698412699
3</span> users found this comment helpful.,Sronyx,7.0,0.17083333333333336,3.0,88.0,12.541666666666668
3</span> users found this comment helpful.,Tazorac,2.0,-0.19084821428571425,3.0,10.0,2.0183035714285715
3</span> users found this comment helpful.,Tri-Linyah,10.0,0.12604166666666666,3.0,16.0,6.4520833333333325
3</span> users found this comment helpful.,Tri-Sprintec,6.0,0.018489207551707548,3.0,392.0,42.236978415103415
3</span> users found this comment helpful.,TriNessa,5.5,-0.01911931818181819,3.0,277.0,30.461761363636366
3</span> users found this comment helpful.,Tussionex Pennkinetic,10.0,0.0,3.0,59.0,10.5
3</span> users found this comment helpful.,Victoza,6.0,0.43333333333333335,3.0,344.0,38.266666666666666
3</span> users found this comment helpful.,Vyvanse,8.0,0.08611111111111111,3.0,434.0,47.37222222222223
3</span> users found this comment helpful.,Xanax,9.0,0.08554687500000002,3.0,456.0,49.97109375
3</span> users found this comment helpful.,Yasmin,5.0,0.01652777777777778,3.0,171.0,19.733055555555556
3</span> users found this comment helpful.,Yaz,7.0,0.07787037037037037,3.0,344.0,37.95574074074074
40</span> users found this comment helpful.,Remeron,8.0,0.5,40.0,127.0,24.9
41</span> users found this comment helpful.,Deplin,10.0,0.033333333333333326,41.0,56.0,17.866666666666667
41</span> users found this comment helpful.,Exalgo,8.0,0.15200000000000002,41.0,27.0,14.404
41</span> users found this comment helpful.,Phillips' Milk of Magnesia,10.0,0.6083333333333334,41.0,75.0,20.916666666666668
41</span> users found this comment helpful.,Soma,10.0,0.049523809523809526,41.0,119.0,24.19904761904762
41</span> users found this comment helpful.,Viibryd,9.0,0.1655677655677656,41.0,375.0,49.631135531135534
42</span> users found this comment helpful.,Solu-Medrol,8.0,0.0933201058201058,42.0,5.0,12.286640211640211
42</span> users found this comment helpful.,Zoloft,10.0,0.45,42.0,805.0,93.8
43</span> users found this comment helpful.,Fanapt,8.0,0.5,43.0,16.0,14.4
43</span> users found this comment helpful.,Lo / Ovral-28,10.0,0.24,43.0,7.0,13.78
43</span> users found this comment helpful.,Pristiq,9.0,0.2044642857142857,43.0,548.0,67.40892857142858
43</span> users found this comment helpful.,Valium,9.0,0.018750000000000003,43.0,157.0,27.9375
44</span> users found this comment helpful.,Mysoline,10.0,0.0025974025974025883,44.0,6.0,13.405194805194805
44</span> users found this comment helpful.,Ultram ODT,10.0,-0.0744268077601411,44.0,9.0,13.551146384479718
44</span> users found this comment helpful.,Viagra,9.0,0.1898809523809524,44.0,113.0,24.079761904761906
44</span> users found this comment helpful.,Viibryd,10.0,0.23733974358974355,44.0,375.0,50.77467948717948
45</span> users found this comment helpful.,Depo-Provera,1.0,-0.06785714285714287,45.0,882.0,97.46428571428572
45</span> users found this comment helpful.,Vitamin B12,10.0,0.16666666666666666,45.0,8.0,14.133333333333333
46</span> users found this comment helpful.,Uricalm,10.0,0.27999999999999997,46.0,13.0,15.060000000000002
46</span> users found this comment helpful.,Vagifem,9.0,0.43928571428571433,46.0,18.0,15.478571428571431
47</span> users found this comment helpful.,Rexulti,9.0,0.40111111111111114,47.0,83.0,22.102222222222224
48</span> users found this comment helpful.,Flomax,10.0,-0.04999999999999999,48.0,117.0,25.200000000000003
4</span> users found this comment helpful.,Adderall,4.0,0.0,4.0,201.0,22.5
4</span> users found this comment helpful.,Adipex-P,9.666666666666666,0.17060185185185187,4.0,326.0,37.60787037037037
4</span> users found this comment helpful.,Alesse,9.0,0.28545454545454546,4.0,109.0,15.870909090909091
4</span> users found this comment helpful.,Augmentin,2.0,0.1583333333333333,4.0,169.0,18.81666666666667
4</span> users found this comment helpful.,Biaxin,9.0,-0.01802827380952381,4.0,44.0,8.763943452380953
4</span> users found this comment helpful.,Blisovi 24 Fe,1.0,-0.019345238095238096,4.0,90.0,10.161309523809525
4</span> users found this comment helpful.,Chateal,4.0,0.06833333333333333,4.0,113.0,13.836666666666668
4</span> users found this comment helpful.,Contrave,1.0,-0.2511904761904762,4.0,920.0,92.69761904761904
4</span> users found this comment helpful.,Cymbalta,8.0,0.11316786283891549,4.0,864.0,90.62633572567783
4</span> users found this comment helpful.,Depakote,8.0,0.7,4.0,153.0,20.7
4</span> users found this comment helpful.,Depo-Medrol,1.0,0.0,4.0,8.0,2.0
4</span> users found this comment helpful.,Depo-Provera,9.0,-0.04415064102564103,4.0,882.0,92.51169871794872
4</span> users found this comment helpful.,Flagyl,8.0,0.010000000000000031,4.0,141.0,18.12
4</span> users found this comment helpful.,Flexeril,3.0,-0.1677083333333333,4.0,119.0,13.564583333333335
4</span> users found this comment helpful.,Fragmin,10.0,0.09999999999999999,4.0,1.0,5.1
4</span> users found this comment helpful.,Jalyn,5.0,0.11499999999999999,4.0,13.0,4.33
4</span> users found this comment helpful.,Jolessa,3.5,0.06331439393939395,4.0,80.0,10.32662878787879
4</span> users found this comment helpful.,Kadian,10.0,-0.02500000000000001,4.0,32.0,7.95
4</span> users found this comment helpful.,Klonopin,10.0,0.03125,4.0,432.0,48.0625
4</span> users found this comment helpful.,Lamictal,9.5,0.010416666666666682,4.0,339.0,38.52083333333333
4</span> users found this comment helpful.,Levora,3.5,-0.1362433862433862,4.0,122.0,14.127513227513228
4</span> users found this comment helpful.,Lexapro,8.0,-0.0351472517381608,4.0,952.0,99.12970549652368
4</span> users found this comment helpful.,Limbrel,1.0,-0.33499999999999996,4.0,7.0,1.2300000000000002
4</span> users found this comment helpful.,Loestrin 24 Fe,4.625,-0.04310686013091441,4.0,486.0,51.163786279738176
4</span> users found this comment helpful.,Maxidex,6.0,0.10884615384615384,4.0,1.0,3.517692307692308
4</span> users found this comment helpful.,Mirena,3.0,0.12447089947089947,4.0,1242.0,126.4489417989418
4</span> users found this comment helpful.,Nexplanon,1.0,0.08333333333333333,4.0,2156.0,216.9666666666667
4</span> users found this comment helpful.,Nuvigil,7.0,0.185,4.0,169.0,20.870000000000005
4</span> users found this comment helpful.,Nytol,6.0,-0.04791666666666667,4.0,6.0,3.704166666666667
4</span> users found this comment helpful.,Ortho Tri-Cyclen Lo,6.5,0.06343253968253969,4.0,215.0,25.02686507936508
4</span> users found this comment helpful.,OxyContin,10.0,1.0,4.0,188.0,25.6
4</span> users found this comment helpful.,Paxil CR,8.0,-0.006249999999999999,4.0,24.0,6.3875
4</span> users found this comment helpful.,Provera,1.0,-0.026470588235294114,4.0,71.0,8.247058823529413
4</span> users found this comment helpful.,Roxicet,10.0,0.10782828282828283,4.0,19.0,6.915656565656566
4</span> users found this comment helpful.,Safyral,4.0,-0.23333333333333328,4.0,47.0,6.633333333333334
4</span> users found this comment helpful.,Seasonale,7.0,-0.0012499999999999998,4.0,25.0,6.0975
4</span> users found this comment helpful.,Seasonique,1.0,0.09333333333333335,4.0,220.0,23.386666666666667
4</span> users found this comment helpful.,Seroquel,6.0,-0.044583333333333336,4.0,334.0,36.51083333333333
4</span> users found this comment helpful.,Spectracef,1.0,-0.5499999999999999,4.0,1.0,0.2000000000000002
4</span> users found this comment helpful.,Suboxone,8.0,-0.007692307692307693,4.0,355.0,39.48461538461538
4</span> users found this comment helpful.,Tri-Sprintec,7.0,0.22321428571428573,4.0,392.0,43.246428571428574
4</span> users found this comment helpful.,Trivora,4.0,0.2875,4.0,8.0,3.7749999999999995
4</span> users found this comment helpful.,Trulance,1.0,-0.03726851851851851,4.0,28.0,3.925462962962963
4</span> users found this comment helpful.,Yasmin,4.5,0.0049479166666666664,4.0,171.0,19.709895833333334
4</span> users found this comment helpful.,Yaz,9.5,0.14702525252525253,4.0,344.0,39.29405050505051
51</span> users found this comment helpful.,Alli,9.0,0.05,51.0,55.0,19.400000000000002
54</span> users found this comment helpful.,Euflexxa,9.0,0.19161184210526316,54.0,99.0,24.683223684210525
55</span> users found this comment helpful.,Arthrotec,8.0,0.25,55.0,27.0,17.4
55</span> users found this comment helpful.,Mucinex,8.0,0.08303030303030304,55.0,62.0,20.566060606060606
5</span> users found this comment helpful.,Adderall XR,9.0,0.1,5.0,114.0,16.200000000000003
5</span> users found this comment helpful.,Beyaz,3.0,-0.027857142857142886,5.0,94.0,11.544285714285714
5</span> users found this comment helpful.,Chateal,4.0,0.02339285714285712,5.0,113.0,13.946785714285715
5</span> users found this comment helpful.,Depo-Provera,1.0,0.04984848484848485,5.0,882.0,89.69969696969697
5</span> users found this comment helpful.,Diprivan,10.0,0.43333333333333335,5.0,15.0,7.366666666666667
5</span> users found this comment helpful.,Duragesic,9.0,0.07499999999999998,5.0,54.0,10.15
5</span> users found this comment helpful.,Fioricet,9.0,0.14772727272727273,5.0,90.0,13.895454545454545
5</span> users found this comment helpful.,Fleet Bisacodyl,10.0,0.11875000000000001,5.0,2.0,5.4375
5</span> users found this comment helpful.,Geodon,6.0,-0.06333333333333334,5.0,165.0,19.773333333333333
5</span> users found this comment helpful.,Gianvi,1.0,0.062037037037037036,5.0,133.0,14.824074074074074
5</span> users found this comment helpful.,Hydromet,9.0,0.6000000000000001,5.0,25.0,8.3
5</span> users found this comment helpful.,Jolessa,1.0,-0.07607142857142855,5.0,80.0,9.247857142857143
5</span> users found this comment helpful.,Kariva,3.0,0.013333333333333353,5.0,58.0,8.026666666666667
5</span> users found this comment helpful.,Klonopin,9.0,0.5,5.0,432.0,48.800000000000004
5</span> users found this comment helpful.,Levora,7.75,0.23730208333333336,5.0,122.0,16.77460416666667
5</span> users found this comment helpful.,Lo Loestrin Fe,7.0,-0.04912587412587412,5.0,680.0,71.70174825174826
5</span> users found this comment helpful.,Loestrin 24 Fe,8.0,0.09402777777777775,5.0,486.0,52.988055555555555
5</span> users found this comment helpful.,Lyrica,6.5,0.10625,5.0,441.0,47.9125
5</span> users found this comment helpful.,Mirena,8.0,-0.07499999999999997,5.0,1242.0,128.25
5</span> users found this comment helpful.,Nexium,6.0,0.0,5.0,80.0,11.4
5</span> users found this comment helpful.,Nicotrol Inhaler,10.0,0.1142857142857143,5.0,16.0,6.828571428571429
5</span> users found this comment helpful.,Ortho Tri-Cyclen,8.0,0.06388888888888888,5.0,138.0,18.12777777777778
5</span> users found this comment helpful.,Ortho Tri-Cyclen Lo,7.0,0.27651064213564214,5.0,215.0,25.853021284271286
5</span> users found this comment helpful.,OxyContin,10.0,1.0,5.0,188.0,25.8
5</span> users found this comment helpful.,Paxil,1.0,-0.44333333333333325,5.0,457.0,46.21333333333334
5</span> users found this comment helpful.,Quasense,6.0,0.03901515151515152,5.0,37.0,7.178030303030304
5</span> users found this comment helpful.,Sprintec,8.0,0.10171428571428573,5.0,509.0,55.303428571428576
5</span> users found this comment helpful.,Strattera,10.0,0.027777777777777773,5.0,200.0,25.055555555555557
5</span> users found this comment helpful.,Thorazine,8.0,0.07490530303030303,5.0,25.0,6.849810606060606
5</span> users found this comment helpful.,Tri-Sprintec,8.0,0.001515151515151516,5.0,392.0,43.403030303030306
5</span> users found this comment helpful.,Viagra,10.0,0.4277777777777778,5.0,113.0,17.15555555555556
5</span> users found this comment helpful.,Yasmin,9.0,-0.06818181818181818,5.0,171.0,21.563636363636366
5</span> users found this comment helpful.,Zovia,1.0,-0.10000000000000002,5.0,31.0,4.3
61</span> users found this comment helpful.,Cozaar,9.0,0.125,61.0,37.0,19.75
62</span> users found this comment helpful.,Soma,5.0,-0.00902777777777777,62.0,119.0,26.281944444444445
63</span> users found this comment helpful.,Viibryd,10.0,0.32862554112554115,63.0,375.0,54.75725108225109
64</span> users found this comment helpful.,Estrace Vaginal Cream,8.0,0.05,64.0,33.0,19.400000000000002
6</span> users found this comment helpful.,Adderall,8.0,0.15999999999999998,6.0,201.0,24.82
6</span> users found this comment helpful.,Advair Diskus,10.0,-1.0,6.0,61.0,9.3
6</span> users found this comment helpful.,Ceftin,8.0,0.446,6.0,25.0,7.792000000000001
6</span> users found this comment helpful.,Cymbalta,3.0,-0.02733333333333332,6.0,864.0,88.74533333333333
6</span> users found this comment helpful.,Dulcolax,10.0,-0.10763888888888885,6.0,396.0,44.584722222222226
6</span> users found this comment helpful.,Dymista,10.0,0.16666666666666666,6.0,51.0,10.633333333333333
6</span> users found this comment helpful.,Epiduo,10.0,0.16666666666666666,6.0,396.0,45.13333333333333
6</span> users found this comment helpful.,Estarylla,4.0,-0.014697802197802198,6.0,82.0,10.970604395604397
6</span> users found this comment helpful.,Fleet Phospho Soda,6.0,0.2,6.0,1.0,4.1
6</span> users found this comment helpful.,Fluoridex,10.0,0.16499999999999998,6.0,1.0,5.63
6</span> users found this comment helpful.,Gardasil,8.0,-0.11041666666666666,6.0,19.0,6.0791666666666675
6</span> users found this comment helpful.,Kariva,2.0,0.03829365079365078,6.0,58.0,7.8765873015873025
6</span> users found this comment helpful.,Kerydin,10.0,-0.023076923076923068,6.0,17.0,6.853846153846154
6</span> users found this comment helpful.,Klonopin,9.0,0.07509018759018757,6.0,432.0,48.150180375180376
6</span> users found this comment helpful.,Lo Loestrin Fe,4.666666666666667,0.17750004625004626,6.0,680.0,71.42166675916675
6</span> users found this comment helpful.,Loestrin 24 Fe,4.5,0.1632476076555024,6.0,486.0,51.92649521531101
6</span> users found this comment helpful.,Mirena,5.333333333333333,0.15,6.0,1242.0,127.83333333333334
6</span> users found this comment helpful.,MoviPrep,9.0,0.05555555555555557,6.0,147.0,19.611111111111114
6</span> users found this comment helpful.,Nor-QD,4.0,0.3,6.0,1.0,3.5000000000000004
6</span> users found this comment helpful.,Nortrel 7 / 7 / 7,6.0,-0.1375,6.0,5.0,3.8250000000000006
6</span> users found this comment helpful.,Orthovisc,10.0,-0.034285714285714274,6.0,79.0,13.031428571428572
6</span> users found this comment helpful.,Regimex,7.0,0.11,6.0,1.0,4.32
6</span> users found this comment helpful.,Restoril,10.0,0.04192708333333334,6.0,38.0,9.083854166666667
6</span> users found this comment helpful.,Saphris,9.0,-0.025071022727272747,6.0,181.0,22.849857954545456
6</span> users found this comment helpful.,Seasonique,10.0,-0.10833333333333334,6.0,220.0,26.983333333333334
6</span> users found this comment helpful.,Seroquel,5.0,0.19166666666666665,6.0,334.0,36.983333333333334
6</span> users found this comment helpful.,Subutex,10.0,0.15681818181818183,6.0,61.0,11.613636363636363
6</span> users found this comment helpful.,Sumavel DosePro,10.0,-0.004895833333333333,6.0,30.0,8.190208333333334
6</span> users found this comment helpful.,Topamax,7.0,0.015276675485008823,6.0,340.0,38.03055335097002
6</span> users found this comment helpful.,Tri-Sprintec,9.0,0.10176767676767674,6.0,392.0,44.20353535353536
6</span> users found this comment helpful.,TriNessa,3.5,0.09674479166666669,6.0,277.0,30.493489583333336
6</span> users found this comment helpful.,Uroqid-Acid No2,10.0,0.0,6.0,1.0,5.3
6</span> users found this comment helpful.,Vivarin,8.0,-0.09395833333333332,6.0,4.0,4.612083333333334
6</span> users found this comment helpful.,Yaz,5.0,0.042521367521367516,6.0,344.0,37.685042735042735
6</span> users found this comment helpful.,Zoloft,8.0,-0.06874999999999999,6.0,805.0,84.7625
6</span> users found this comment helpful.,Zyclara,10.0,0.05833333333333334,6.0,26.0,7.916666666666666
6</span> users found this comment helpful.,Zyprexa,2.0,0.46499999999999997,6.0,167.0,19.63
72</span> users found this comment helpful.,Prozac,10.0,0.26666666666666666,72.0,472.0,66.13333333333334
74</span> users found this comment helpful.,Alli,9.0,0.058724747474747485,74.0,55.0,24.017449494949496
74</span> users found this comment helpful.,Robaxin,10.0,-0.036458333333333336,74.0,37.0,22.427083333333332
75</span> users found this comment helpful.,Remeron,9.0,0.12689393939393942,75.0,127.0,31.55378787878788
75</span> users found this comment helpful.,Wellbutrin,10.0,0.14437500000000003,75.0,281.0,47.38875
76</span> users found this comment helpful.,Neurontin,10.0,0.10750000000000001,76.0,140.0,33.415
77</span> users found this comment helpful.,Estrace Vaginal Cream,10.0,-0.16666666666666666,77.0,33.0,22.366666666666667
79</span> users found this comment helpful.,Zanaflex,10.0,-0.1546130952380952,79.0,65.0,25.99077380952381
7</span> users found this comment helpful.,Adderall,6.0,0.5916666666666667,7.0,201.0,25.083333333333336
7</span> users found this comment helpful.,Adipex-P,10.0,0.1702272727272727,7.0,326.0,38.34045454545455
7</span> users found this comment helpful.,Blephamide,10.0,-0.06666666666666667,7.0,2.0,5.466666666666667
7</span> users found this comment helpful.,Canasa,9.0,0.35000000000000003,7.0,6.0,6.300000000000001
7</span> users found this comment helpful.,Celebrex,1.0,0.0,7.0,97.0,11.500000000000002
7</span> users found this comment helpful.,Combivent Respimat,1.0,0.011616161616161616,7.0,9.0,2.7232323232323234
7</span> users found this comment helpful.,Depakote,1.0,0.1375,7.0,153.0,17.375
7</span> users found this comment helpful.,Depo-Provera,3.0,0.13607954545454545,7.0,882.0,91.0721590909091
7</span> users found this comment helpful.,Duac,10.0,0.4166666666666667,7.0,122.0,18.433333333333334
7</span> users found this comment helpful.,Effexor,9.0,0.1724747474747475,7.0,265.0,31.844949494949496
7</span> users found this comment helpful.,Geodon,7.0,0.1785,7.0,165.0,21.057000000000002
7</span> users found this comment helpful.,Keppra,10.0,-0.1527777777777777,7.0,117.0,16.794444444444444
7</span> users found this comment helpful.,Levora,7.0,-0.01901960784313725,7.0,122.0,16.361960784313727
7</span> users found this comment helpful.,Loestrin 24 Fe,5.0,-0.18166666666666662,7.0,486.0,51.63666666666667
7</span> users found this comment helpful.,Lortab,9.0,0.05833333333333335,7.0,98.0,14.916666666666668
7</span> users found this comment helpful.,Microgestin Fe 1 / 20,7.666666666666667,0.1693127991937516,7.0,392.0,44.00529226505417
7</span> users found this comment helpful.,Mirena,1.0,0.040686035156249994,7.0,1242.0,126.0813720703125
7</span> users found this comment helpful.,Mobic,1.0,-0.1,7.0,84.0,10.0
7</span> users found this comment helpful.,Nuvigil,10.0,-0.08333333333333333,7.0,169.0,22.133333333333336
7</span> users found this comment helpful.,Plan B,10.0,0.07208333333333333,7.0,606.0,66.14416666666666
7</span> users found this comment helpful.,Plan B One-Step,9.0,0.125,7.0,425.0,47.75
7</span> users found this comment helpful.,Risperdal,8.0,0.0,7.0,116.0,16.200000000000003
7</span> users found this comment helpful.,Ritalin,8.0,0.49333333333333335,7.0,78.0,13.386666666666667
7</span> users found this comment helpful.,Seasonique,9.0,0.09827020202020204,7.0,220.0,27.196540404040405
7</span> users found this comment helpful.,Seroquel,10.0,0.6,7.0,334.0,40.0
7</span> users found this comment helpful.,Stadol,10.0,0.65,7.0,28.0,9.5
7</span> users found this comment helpful.,Suboxone,10.0,-0.02333333333333333,7.0,355.0,40.85333333333333
7</span> users found this comment helpful.,Tamiflu,8.0,0.19716553287981858,7.0,191.0,24.09433106575964
7</span> users found this comment helpful.,Topamax,8.0,0.34545454545454546,7.0,340.0,39.29090909090909
7</span> users found this comment helpful.,Versed,10.0,0.17500000000000004,7.0,23.0,8.05
7</span> users found this comment helpful.,Victoza,9.0,0.12060606060606059,7.0,344.0,39.64121212121212
7</span> users found this comment helpful.,Yuvafem,1.0,0.13333333333333333,7.0,22.0,4.2666666666666675
7</span> users found this comment helpful.,Zyrtec,10.0,0.07666666666666665,7.0,69.0,12.453333333333333
84</span> users found this comment helpful.,Synthroid,1.0,-0.18666666666666665,84.0,94.0,26.226666666666667
85</span> users found this comment helpful.,Mobic,7.0,0.125,85.0,84.0,28.450000000000003
85</span> users found this comment helpful.,Neurontin,10.0,-0.17500000000000002,85.0,140.0,34.65
8</span> users found this comment helpful.,Aviane,1.0,-0.2306122448979592,8.0,249.0,26.438775510204085
8</span> users found this comment helpful.,Cryselle,10.0,-0.026851851851851835,8.0,94.0,14.946296296296296
8</span> users found this comment helpful.,Dilaudid,10.0,-0.2333333333333333,8.0,196.0,24.733333333333334
8</span> users found this comment helpful.,Generess Fe,3.0,0.0,8.0,106.0,13.400000000000002
8</span> users found this comment helpful.,Latisse,10.0,0.2,8.0,2.0,6.2
8</span> users found this comment helpful.,Latuda,1.0,-0.75,8.0,330.0,33.5
8</span> users found this comment helpful.,Levora,3.0,-0.125,8.0,122.0,14.750000000000002
8</span> users found this comment helpful.,Lutera,3.0,-0.0625,8.0,205.0,23.175
8</span> users found this comment helpful.,Lyrica,6.0,0.0,8.0,441.0,48.1
8</span> users found this comment helpful.,Mirena,7.333333333333333,0.10280303030303033,8.0,1242.0,128.9389393939394
8</span> users found this comment helpful.,Nasacort,8.0,0.0,8.0,30.0,7.800000000000001
8</span> users found this comment helpful.,Necon 1 / 35,8.0,-0.12458333333333328,8.0,24.0,6.950833333333334
8</span> users found this comment helpful.,Nexplanon,10.0,0.04965277777777776,8.0,2156.0,221.29930555555558
8</span> users found this comment helpful.,Nicotrol Inhaler,10.0,0.65,8.0,16.0,8.5
8</span> users found this comment helpful.,Nuvigil,8.0,0.2944791666666667,8.0,169.0,22.288958333333333
8</span> users found this comment helpful.,Requip,1.0,-0.29,8.0,60.0,7.42
8</span> users found this comment helpful.,Rexulti,10.0,0.11388888888888889,8.0,83.0,14.127777777777778
8</span> users found this comment helpful.,Seasonique,6.5,0.12021367521367521,8.0,220.0,26.44042735042735
8</span> users found this comment helpful.,Spiriva,3.0,-0.23333333333333336,8.0,40.0,6.333333333333334
8</span> users found this comment helpful.,Sronyx,10.0,0.6849999999999999,8.0,88.0,15.770000000000001
8</span> users found this comment helpful.,Tenuate,10.0,0.14204545454545453,8.0,36.0,9.48409090909091
8</span> users found this comment helpful.,Testim,1.0,-0.27566137566137566,8.0,65.0,7.948677248677249
8</span> users found this comment helpful.,Valium,8.0,0.15,8.0,157.0,20.8
8</span> users found this comment helpful.,Vicks Sinex Nasal Spray (old formulation),9.0,-0.06414141414141414,8.0,13.0,6.3717171717171714
8</span> users found this comment helpful.,Xanax,10.0,0.09583333333333333,8.0,456.0,51.391666666666666
8</span> users found this comment helpful.,Zoloft,8.5,0.15520833333333334,8.0,805.0,85.81041666666667
92</span> users found this comment helpful.,Neurontin,9.0,0.0,92.0,140.0,36.0
94</span> users found this comment helpful.,Mobic,8.0,0.16666666666666666,94.0,84.0,30.733333333333334
95</span> users found this comment helpful.,Ritalin,9.0,0.27499999999999997,95.0,78.0,30.95
98</span> users found this comment helpful.,Dantrium,10.0,0.11878306878306875,98.0,1.0,23.93756613756614
99</span> users found this comment helpful.,Alli,9.0,0.4,99.0,55.0,29.700000000000003
99</span> users found this comment helpful.,Mobic,9.0,0.03333333333333333,99.0,84.0,31.866666666666667
9</span> users found this comment helpful.,Allegra,5.0,-0.0625,9.0,45.0,8.175
9</span> users found this comment helpful.,Amitiza,9.0,0.16666666666666666,9.0,140.0,19.733333333333334
9</span> users found this comment helpful.,BuSpar,5.0,0.8,9.0,264.0,31.800000000000004
9</span> users found this comment helpful.,Budeprion XL,9.0,0.5333333333333333,9.0,19.0,8.366666666666667
9</span> users found this comment helpful.,Cialis,8.0,0.1392156862745098,9.0,279.0,33.17843137254902
9</span> users found this comment helpful.,Complera,8.0,-0.09916666666666667,9.0,40.0,8.801666666666666
9</span> users found this comment helpful.,Desogen,9.0,0.5,9.0,22.0,8.6
9</span> users found this comment helpful.,Duexis,10.0,0.0873046875,9.0,11.0,7.074609375
9</span> users found this comment helpful.,Dulcolax,1.0,-0.08166666666666664,9.0,396.0,41.63666666666667
9</span> users found this comment helpful.,Estring,8.0,-0.03125,9.0,23.0,7.237500000000001
9</span> users found this comment helpful.,Kariva,9.0,0.10272435897435897,9.0,58.0,11.405448717948719
9</span> users found this comment helpful.,Keppra,10.0,0.18833333333333332,9.0,117.0,17.87666666666667
9</span> users found this comment helpful.,Lamictal,5.0,-0.04761363636363637,9.0,339.0,37.604772727272724
9</span> users found this comment helpful.,Levlen,1.0,0.31666666666666665,9.0,13.0,4.133333333333333
9</span> users found this comment helpful.,Loestrin 24 Fe,8.25,0.09946663324420679,9.0,486.0,53.89893326648841
9</span> users found this comment helpful.,My Way,10.0,0.1638888888888889,9.0,14.0,7.527777777777778
9</span> users found this comment helpful.,Nexplanon,1.0,-0.2900694444444444,9.0,2156.0,217.21986111111113
9</span> users found this comment helpful.,Pristiq,10.0,0.1914944903581267,9.0,548.0,60.98298898071626
9</span> users found this comment helpful.,Provigil,1.0,0.04880952380952381,9.0,113.0,13.597619047619048
9</span> users found this comment helpful.,Risperdal,10.0,0.7,9.0,116.0,18.8
9</span> users found this comment helpful.,Tamiflu,1.0,-0.03249999999999999,9.0,191.0,21.235000000000003
9</span> users found this comment helpful.,Viibryd,1.0,-0.051190476190476196,9.0,375.0,39.59761904761905
9</span> users found this comment helpful.,Vyvanse,8.0,0.20454545454545456,9.0,434.0,48.80909090909091
9</span> users found this comment helpful.,Xanax,1.0,-0.26666666666666666,9.0,456.0,47.266666666666666
9</span> users found this comment helpful.,Zegerid,6.0,0.13333333333333333,9.0,17.0,6.166666666666667
9</span> users found this comment helpful.,Zonegran,7.0,-0.05,9.0,28.0,7.300000000000001
9</span> users found this comment helpful.,Zyrtec,10.0,0.78,9.0,69.0,14.260000000000002
ADHD,Adderall,8.33125,0.13025945837439773,44.9125,201.0,32.6755189167488
ADHD,Adderall XR,8.14018691588785,0.1448976906040083,30.102803738317757,114.0,20.966430895226708
ADHD,Adzenys XR-ODT,6.277777777777778,0.1235885902554364,8.444444444444445,18.0,6.247177180510873
ADHD,Amantadine,8.666666666666666,0.08569704986371651,15.666666666666666,20.0,8.771394099727432
ADHD,Amphetamine,6.613636363636363,0.09951373556494536,9.227272727272727,46.0,9.289936562038982
ADHD,Amphetamine / dextroamphetamine,8.0,0.138714590597399,31.403846153846153,419.0,51.65819841196404
ADHD,Aptensio XR,6.333333333333333,0.01079365079365078,7.333333333333333,3.0,4.321587301587301
ADHD,Armodafinil,7.375,0.13230092592592593,29.0,206.0,29.614601851851855
ADHD,Atomoxetine,5.431372549019608,0.04024476356397889,35.13235294117647,206.0,29.879509134971098
ADHD,Bupropion,7.793103448275862,0.1410673985995653,72.06896551724138,1022.0,120.01316927995776
ADHD,Catapres,9.333333333333334,0.20787037037037037,40.0,33.0,15.449074074074076
ADHD,Clonidine,8.916666666666666,0.12895819672282602,55.166666666666664,315.0,46.35791639344565
ADHD,Concerta,7.247368421052632,0.10738582883151802,40.23684210526316,198.0,30.96108744713672
ADHD,Cylert,9.5,0.07920194003527337,11.166666666666666,6.0,6.791737213403881
ADHD,Daytrana,8.244444444444444,0.09917014511235625,22.377777777777776,45.0,12.471673623558045
ADHD,Desipramine,6.0,-0.06439393939393939,8.0,14.0,5.2712121212121215
ADHD,Desoxyn,9.5625,0.11915114840310154,83.9375,17.0,22.550802296806204
ADHD,Desvenlafaxine,9.0,0.12416666666666668,16.0,582.0,65.24833333333333
ADHD,Dexedrine,8.63265306122449,0.14954719984295345,46.265306122448976,58.0,18.805216848665502
ADHD,Dexmethylphenidate,7.443298969072165,0.07465339388604057,33.34020618556701,101.0,19.894667612514354
ADHD,Dextroamphetamine,8.691176470588236,0.13315672892424055,33.36764705882353,96.0,20.016313457848483
ADHD,Dyanavel XR,6.375,0.06898674242424241,8.875,8.0,5.2629734848484855
ADHD,Evekeo,7.538461538461538,0.10467182123432124,10.923076923076923,14.0,6.809343642468643
ADHD,Focalin,6.9,0.11064810421668976,38.525,41.0,14.78629620843338
ADHD,Focalin XR,7.78,0.07273357046914378,33.82,50.0,15.021467140938288
ADHD,Guanfacine,5.925,0.08608361997543727,52.50833333333333,127.0,25.743833906617542
ADHD,Imipramine,3.0,0.15916666666666665,23.0,28.0,8.918333333333335
ADHD,Intuniv,6.060975609756097,0.08981777123653205,64.8780487804878,84.0,23.979635542473066
ADHD,Kapvay,7.833333333333333,0.06874834960361277,81.91666666666667,12.0,20.854163365873895
ADHD,Lisdexamfetamine,7.628992628992629,0.119394033750232,31.479115479115478,461.0,55.68620821492061
ADHD,Metadate CD,6.851851851851852,0.0934498319406278,26.925925925925927,28.0,11.112825589807183
ADHD,Methamphetamine,8.565217391304348,0.09122572420534379,60.69565217391305,24.0,18.14766883971504
ADHD,Methylin,8.5,0.22897400879543736,23.125,11.0,9.582948017590875
ADHD,Methylin ER,8.428571428571429,0.0983047385620915,20.142857142857142,10.0,8.596609477124183
ADHD,Methylphenidate,7.368020304568528,0.10248379159393943,32.01269035532995,456.0,55.15471377608128
ADHD,Modafinil,8.75,0.10940463394711031,51.125,209.0,34.84380926789422
ADHD,Mydayis,4.7272727272727275,0.17251272373810253,9.818181818181818,11.0,5.29957090202166
ADHD,Nuvigil,8.333333333333334,0.26812585511196624,44.333333333333336,169.0,29.636251710223938
ADHD,Omega-3 polyunsaturated fatty acids,8.0,0.15414141414141413,66.0,21.0,18.80828282828283
ADHD,Pemoline,9.5,0.14086860670194004,9.833333333333334,6.0,6.648403880070548
ADHD,Pristiq,7.0,0.10902777777777778,27.0,548.0,63.21805555555556
ADHD,ProCentra,10.0,0.09222222222222222,2.0,1.0,4.684444444444445
ADHD,Provigil,9.0,0.04100677304721423,106.75,113.0,36.33201354609443
ADHD,Quillivant XR,5.3,0.00011997579966331884,8.4,10.0,4.800239951599327
ADHD,Ritalin,7.524590163934426,0.1222810274062283,36.131147540983605,78.0,18.28062762858295
ADHD,Ritalin LA,9.0,0.18308441558441557,16.571428571428573,7.0,7.980454545454546
ADHD,Ritalin-SR,9.0,0.10333333333333335,1.0,2.0,4.206666666666667
ADHD,Selegiline,10.0,-0.03125,17.0,26.0,9.9375
ADHD,Strattera,5.50761421319797,0.04008097894582211,34.31472081218274,200.0,29.14615180560738
ADHD,Tenex,1.0,-0.07023809523809522,13.0,3.0,3.15952380952381
ADHD,Vyvanse,7.698979591836735,0.12177352563472083,32.400510204081634,434.0,53.20324092882047
ADHD,Wellbutrin,5.5,0.08782880892255893,112.0,281.0,52.87565761784512
ADHD,Wellbutrin SR,8.0,0.0530181623931624,153.25,73.0,41.25603632478632
ADHD,Wellbutrin XL,9.0,0.13972943722943723,69.33333333333333,202.0,37.94612554112555
ADHD,Zenzedi,8.5,-0.0044009665103414836,12.0,8.0,6.5911980669793175
AIDS Related Wasting,Dronabinol,9.5,-0.16666666666666669,36.5,26.0,13.366666666666667
AIDS Related Wasting,Marinol,6.5,-0.2354166666666667,36.0,19.0,11.229166666666668
AIDS Related Wasting,Somatropin,5.0,0.0,4.0,16.0,4.4
AV Heart Block,Epinephrine,1.0,-0.4000000000000001,0.0,15.0,1.0999999999999999
Abdominal Distension,Bethanechol,9.0,0.5,9.0,4.0,6.8
Abdominal Distension,Urecholine,9.0,0.5,9.0,1.0,6.499999999999999
Abnormal Uterine Bleeding,Alesse,4.142857142857143,0.022593537414965996,3.142857142857143,109.0,13.230901360544218
Abnormal Uterine Bleeding,Alyacen 1 / 35,1.0,-0.057499999999999996,2.0,7.0,1.3850000000000002
Abnormal Uterine Bleeding,Amethia Lo,2.0,-0.03580246913580248,1.0,2.0,1.128395061728395
Abnormal Uterine Bleeding,Apri,6.0,0.039829545454545465,3.2,218.0,24.919659090909093
Abnormal Uterine Bleeding,Aviane,7.666666666666667,0.15381117724867724,4.0,249.0,29.074289021164024
Abnormal Uterine Bleeding,Aygestin,3.6666666666666665,0.13083333333333333,11.0,5.0,4.428333333333334
Abnormal Uterine Bleeding,Balziva,6.0,0.059191017316017315,1.0,4.0,3.118382034632035
Abnormal Uterine Bleeding,Camila,1.0,-0.12142857142857144,23.0,31.0,7.857142857142858
Abnormal Uterine Bleeding,CamreseLo,10.0,-0.059999999999999984,2.0,5.0,4.78
Abnormal Uterine Bleeding,Chateal,3.0,0.16027777777777782,0.0,113.0,12.820555555555556
Abnormal Uterine Bleeding,Conjugated estrogens,5.0,-0.55,4.5,42.0,6.0
Abnormal Uterine Bleeding,Cryselle,4.333333333333333,0.009320956820956829,2.111111111111111,94.0,11.57419746919747
Abnormal Uterine Bleeding,Depo-Provera,3.1545189504373177,-0.021374954614776308,13.906705539358601,882.0,92.2003987788171
Abnormal Uterine Bleeding,Desogestrel / ethinyl estradiol,5.75,0.06098484848484849,3.5,522.0,55.3219696969697
Abnormal Uterine Bleeding,Errin,3.5,0.018263888888888913,20.5,28.0,8.336527777777778
Abnormal Uterine Bleeding,Estarylla,4.181818181818182,0.029120441105735227,3.909090909090909,82.0,10.712786336756926
Abnormal Uterine Bleeding,Ethinyl estradiol / ethynodiol,3.0,-0.09090909090909088,0.0,34.0,4.418181818181819
Abnormal Uterine Bleeding,Ethinyl estradiol / etonogestrel,3.5,-0.20166734307359302,0.0,635.0,64.49666531385282
Abnormal Uterine Bleeding,Ethinyl estradiol / levonorgestrel,4.388888888888889,0.008086655592150101,6.212962962962963,1888.0,191.81432145933246
Abnormal Uterine Bleeding,Ethinyl estradiol / norethindrone,5.435294117647059,0.039977968500986,7.08235294117647,2850.0,288.6705441722961
Abnormal Uterine Bleeding,Ethinyl estradiol / norgestimate,4.45945945945946,-0.018193854926216498,6.831081081081081,2117.0,214.81361229014757
Abnormal Uterine Bleeding,Ethinyl estradiol / norgestrel,5.823529411764706,0.015485056094576222,3.411764705882353,146.0,17.642734818071506
Abnormal Uterine Bleeding,Falmina,4.0,-0.1308333333333333,1.0,28.0,4.338333333333334
Abnormal Uterine Bleeding,Gildess Fe 1 / 20,3.5,0.10375431878699855,0.6666666666666666,175.0,19.24084197090733
Abnormal Uterine Bleeding,Gildess Fe 1.5 / 30,4.5,0.051984126984126966,12.0,24.0,6.703968253968254
Abnormal Uterine Bleeding,Heather,4.0,-0.03333333333333335,22.0,5.0,6.433333333333334
Abnormal Uterine Bleeding,Jolessa,3.6666666666666665,0.005021129663986805,3.6666666666666665,80.0,10.210042259327974
Abnormal Uterine Bleeding,Jolivette,2.25,-0.16761979166666668,16.5,64.0,10.264760416666668
Abnormal Uterine Bleeding,Junel Fe 1 / 20,5.428571428571429,-0.045497630190382284,11.142857142857142,220.0,26.309004739619237
Abnormal Uterine Bleeding,Junel Fe 1.5 / 30,1.0,-0.040625,10.5,26.0,5.018750000000001
Abnormal Uterine Bleeding,Levlen,6.666666666666667,0.16433566433566435,3.0,13.0,4.895337995337996
Abnormal Uterine Bleeding,Levonorgestrel,5.322463768115942,-0.0021117611540892567,14.576086956521738,3657.0,370.7399793762426
Abnormal Uterine Bleeding,Levora,4.25,-0.07515422077922079,3.5,122.0,14.44969155844156
Abnormal Uterine Bleeding,Lo / Ovral-28,10.0,0.15192307692307688,9.0,7.0,6.803846153846154
Abnormal Uterine Bleeding,LoSeasonique,4.363636363636363,-0.01867360963951873,7.454545454545454,73.0,10.4990164170846
Abnormal Uterine Bleeding,Loestrin 21 1 / 20,9.0,-0.048125,4.0,16.0,5.9037500000000005
Abnormal Uterine Bleeding,Loestrin 24 Fe,6.424242424242424,0.022467752112728428,12.606060606060606,486.0,53.73584459513455
Abnormal Uterine Bleeding,Low-Ogestrel-21,8.0,0.22000000000000003,4.0,2.0,4.640000000000001
Abnormal Uterine Bleeding,Lutera,4.333333333333333,0.019351851851851853,9.0,205.0,24.07203703703704
Abnormal Uterine Bleeding,Lyza,2.6,0.0291281746031746,10.2,49.0,8.03825634920635
Abnormal Uterine Bleeding,Medroxyprogesterone,3.2905759162303663,-0.019443872154704566,16.486910994764397,995.0,104.07472482113562
Abnormal Uterine Bleeding,Megace,10.0,0.0,107.0,7.0,26.1
Abnormal Uterine Bleeding,Megestrol,6.5,-0.11937902893306539,27.3125,41.0,11.92374194213387
Abnormal Uterine Bleeding,Mestranol / norethindrone,9.0,0.04045940170940171,0.3333333333333333,6.0,4.347585470085471
Abnormal Uterine Bleeding,Microgestin 1 / 20,4.0,-0.004583333333333356,9.5,38.0,7.2908333333333335
Abnormal Uterine Bleeding,Microgestin Fe 1 / 20,4.6,-0.004557539682539667,4.2,392.0,41.87088492063492
Abnormal Uterine Bleeding,Microgestin Fe 1.5 / 30,8.5,0.09505471380471378,4.5,57.0,10.190109427609428
Abnormal Uterine Bleeding,Mirena,5.2204724409448815,0.010658028486829155,15.448818897637794,1242.0,129.39926881287917
Abnormal Uterine Bleeding,Mononessa,6.315789473684211,0.022270503755607893,9.947368421052632,129.0,17.460330481195427
Abnormal Uterine Bleeding,Necon 1 / 35,7.666666666666667,0.21793650793650796,2.0,24.0,6.302539682539683
Abnormal Uterine Bleeding,Necon 1 / 50,9.0,0.060689102564102565,0.0,6.0,4.321378205128205
Abnormal Uterine Bleeding,Nora-Be,4.9,0.12038478559158708,16.7,66.0,12.140769571183174
Abnormal Uterine Bleeding,Norethindrone,4.064516129032258,-0.012881230345006336,14.290322580645162,431.0,47.55810850705193
Abnormal Uterine Bleeding,Nortrel 1 / 35,10.0,0.8,2.0,16.0,7.6
Abnormal Uterine Bleeding,Orsythia,5.666666666666667,-0.04010058568882099,6.333333333333333,149.0,18.353132161955692
Abnormal Uterine Bleeding,Ortho Micronor,8.25,0.11496288798920379,35.5,55.0,16.129925775978407
Abnormal Uterine Bleeding,Ortho Tri-Cyclen,6.333333333333333,0.16103174603174605,5.166666666666667,138.0,17.68873015873016
Abnormal Uterine Bleeding,Ortho Tri-Cyclen Lo,4.75,-0.028705929487179496,5.25,215.0,24.39258814102564
Abnormal Uterine Bleeding,Ortho-Novum 7 / 7 / 7,8.0,-0.2,8.0,4.0,4.800000000000001
Abnormal Uterine Bleeding,Premarin,3.6666666666666665,-0.43492063492063493,3.6666666666666665,29.0,4.230158730158731
Abnormal Uterine Bleeding,Previfem,5.666666666666667,0.06410016295432962,0.5,20.0,4.494866992575327
Abnormal Uterine Bleeding,Provera,4.666666666666667,-0.013434547319963982,40.80555555555556,71.0,17.100908683137853
Abnormal Uterine Bleeding,Quasense,3.0,-0.06641108076227123,5.285714285714286,37.0,5.824320695618315
Abnormal Uterine Bleeding,Seasonale,6.0,0.28125,5.0,25.0,6.4625
Abnormal Uterine Bleeding,Seasonique,3.8947368421052633,0.012785348461645505,8.736842105263158,220.0,25.330833854818028
Abnormal Uterine Bleeding,Sprintec,3.9444444444444446,-0.022451846767205248,7.361111111111111,509.0,53.905096306465595
Abnormal Uterine Bleeding,Sronyx,6.666666666666667,0.15642344497607658,5.0,88.0,12.77951355661882
Abnormal Uterine Bleeding,Tri-Linyah,7.5,-0.05861111111111111,1.0,16.0,4.682777777777778
Abnormal Uterine Bleeding,Tri-Lo-Marzia,10.0,0.008333333333333338,2.0,2.0,4.616666666666667
Abnormal Uterine Bleeding,Tri-Lo-Sprintec,1.1428571428571428,-0.0882062679384108,2.857142857142857,53.0,6.152158892694608
Abnormal Uterine Bleeding,Tri-Previfem,3.3636363636363638,-0.08818476977567885,10.636363636363637,130.0,16.296357733175917
Abnormal Uterine Bleeding,Tri-Sprintec,4.84,0.012536961775229316,8.28,392.0,42.81707392355046
Abnormal Uterine Bleeding,TriNessa,5.833333333333333,0.009074163909368984,4.333333333333333,277.0,30.91814832781874
Abnormal Uterine Bleeding,TriNessa Lo,8.0,0.06952214452214453,0.5,13.0,4.73904428904429
Abortion,Cytotec,9.5,0.175,21.5,2.0,8.649999999999999
Abortion,Mifepristone,7.0,0.075,13.0,1.0,5.65
Abortion,Misoprostol,8.0,0.1013184731934732,15.25,6.0,7.052636946386947
Acetaminophen Overdose,Acetylcysteine,9.0,0.15625,14.0,9.0,7.612500000000001
Acne,Absorica,5.5,-0.11406162464985993,6.5,2.0,3.4718767507002806
Acne,Acanya,7.4222222222222225,0.12367082113613499,11.0,45.0,9.91623053116116
Acne,Accutane,8.401869158878505,0.05791823159650734,23.373831775700936,330.0,41.151350481884606
Acne,Acticlate,8.333333333333334,0.07082750582750583,8.333333333333334,3.0,5.441655011655013
Acne,Aczone,7.294573643410852,0.08032198067174147,15.775193798449612,130.0,19.233512178397746
Acne,Adapalene,7.418079096045198,0.04465378713786955,18.858757062146893,177.0,24.528290625123198
Acne,Adapalene / benzoyl peroxide,7.531328320802005,0.07659629390852879,10.849624060150376,399.0,45.23564872816794
Acne,Adoxa,8.666666666666666,-0.0014285714285714086,21.666666666666668,3.0,8.097142857142858
Acne,Aldactone,9.75,0.26112637362637364,95.5,12.0,24.72225274725275
Acne,Altabax,8.5,0.0375,3.0,6.0,4.675000000000001
Acne,Amnesteem,7.809523809523809,0.09148441244051364,11.095238095238095,22.0,7.72582596773817
Acne,Atralin,8.08,0.11811338021416803,28.88,28.0,12.044226760428337
Acne,Avar,10.0,-0.04999999999999992,18.0,1.0,7.6
Acne,Avita,10.0,0.03257575757575757,14.0,1.0,6.965151515151515
Acne,Azelaic acid,8.3125,0.06124244126312142,19.4375,49.0,12.234984882526243
Acne,Azelex,9.0,0.19479166666666667,9.0,4.0,6.189583333333334
Acne,BP Wash,9.0,0.4045068027210884,13.0,1.0,7.109013605442177
Acne,Bactrim,8.903846153846153,0.0600050706184125,25.134615384615383,212.0,29.908471679698366
Acne,Bactrim DS,8.533333333333333,0.1761131253006253,15.133333333333333,136.0,20.392226250601254
Acne,BenzEFoam,7.333333333333333,0.06253968253968255,20.333333333333332,3.0,7.425079365079365
Acne,Benzaclin,8.865384615384615,0.09046415978555142,14.576923076923077,52.0,11.842466781109565
Acne,Benzamycin,7.666666666666667,0.09864690864690866,15.166666666666666,6.0,6.897293817293818
Acne,Benzoyl peroxide,8.818181818181818,0.15995644356845656,15.727272727272727,23.0,9.292640159864186
Acne,Benzoyl peroxide / clindamycin,7.765151515151516,0.0794747392930333,12.075757575757576,264.0,32.08016159979819
Acne,Benzoyl peroxide / erythromycin,8.75,0.1138270388465701,13.541666666666666,24.0,8.835987411026474
Acne,Benzoyl peroxide / hydrocortisone,10.0,0.11249999999999999,0.0,1.0,4.324999999999999
Acne,Benzoyl peroxide / salicylic acid,8.0,0.39115530303030305,0.0,1.0,4.082310606060606
Acne,Benzoyl peroxide / sulfur,10.0,0.1,3.0,1.0,4.9
Acne,Beyaz,7.722222222222222,0.030076428428144127,9.61111111111111,94.0,14.471263967967399
Acne,Cephalexin,8.0,-0.15357142857142858,18.0,155.0,21.992857142857144
Acne,Claravis,8.25,0.06264660040158739,14.28125,64.0,12.681543200803176
Acne,Clarifoam EF,9.2,0.23818253968253966,21.0,8.0,9.15636507936508
Acne,Clindagel,10.0,0.23125,32.0,1.0,10.9625
Acne,Clindamycin,7.73469387755102,0.03851490000364971,33.87755102040816,385.0,48.44641755510934
Acne,Clindamycin / tretinoin,7.378378378378378,0.1068584849341589,10.797297297297296,74.0,12.724527780679129
Acne,Cyclafem 1 / 35,6.0,-0.09642857142857143,11.0,7.0,5.107142857142858
Acne,Dapsone,7.25,0.06824317605984952,16.8359375,136.0,20.0036738521197
Acne,Differin,7.273684210526316,0.07184799793606075,25.51578947368421,95.0,17.656327574819493
Acne,Doryx,7.622222222222222,0.03842995045078379,21.22222222222222,49.0,12.270193234234902
Acne,Doxy 100,9.0,0.14460150935374153,28.2,14.0,10.929203018707485
Acne,Doxycycline,7.437673130193906,0.048742700225140864,15.174515235457063,627.0,68.80745769961926
Acne,Drospirenone / ethinyl estradiol,7.015075376884422,0.025864968870444052,14.758793969849247,890.0,94.8095188824645
Acne,Drospirenone / ethinyl estradiol / levomefolate calcium,7.7368421052631575,0.06922656129989722,10.894736842105264,153.0,20.712137333126112
Acne,Duac,7.55,0.11069270927988817,15.991666666666667,122.0,18.639718751893113
Acne,Dynacin,8.0,0.14800000000000002,10.0,1.0,5.596
Acne,Epiduo,7.33248730964467,0.07393754080083818,12.238578680203046,396.0,45.12858574150015
Acne,Epiduo Forte,7.277777777777778,0.05447687592105455,4.111111111111111,18.0,5.642287085175442
Acne,Ery Pads,10.0,0.9099999999999999,27.0,1.0,11.32
Acne,Erythromycin,10.0,0.9099999999999999,27.0,19.0,13.120000000000001
Acne,Estarylla,5.5,-0.05723751653439152,5.0,82.0,11.285524966931218
Acne,Ethinyl estradiol / norethindrone,3.9069767441860463,-0.04157920950115794,8.155038759689923,2850.0,288.1106400306101
Acne,Ethinyl estradiol / norgestimate,5.897674418604651,0.004641065218207641,9.055813953488371,2117.0,215.87951468857597
Acne,Fabior,9.0,0.00046296296296297057,3.0,2.0,4.400925925925926
Acne,Finacea,8.25,0.06586090833639853,27.25,42.0,13.081721816672797
Acne,Fostex Medicated,10.0,0.28375,3.0,1.0,5.2675
Acne,Gianvi,7.7727272727272725,0.06693565349693596,8.909090909090908,133.0,18.324780397902963
Acne,Gildess Fe 1 / 20,4.111111111111111,-0.009953739869153402,1.8888888888888888,175.0,19.502314742483915
Acne,Gildess Fe 1.5 / 30,4.5,-0.23365800865800868,2.5,24.0,4.232683982683983
Acne,Hexachlorophene,10.0,-0.012499999999999983,1.0,1.0,4.2749999999999995
Acne,Isotretinoin,8.383429672447013,0.07095648428200818,18.4990366088632,530.0,60.195092159315465
Acne,Junel Fe 1 / 20,5.923076923076923,0.037254225553857906,10.0,220.0,26.443739220338486
Acne,Junel Fe 1.5 / 30,2.0,-0.07961038961038962,0.5,26.0,3.340779220779221
Acne,Keflex,6.666666666666667,-0.0317691798941799,23.0,34.0,10.603128306878308
Acne,Loestrin 24 Fe,3.206896551724138,-0.055854312460910965,11.931034482758621,486.0,52.15725689231956
Acne,Loestrin Fe 1 / 20,2.0,-0.025,0.0,8.0,1.55
Acne,Loryna,5.8,-0.030175293170588858,3.4,43.0,7.239649413658823
Acne,Magnesium hydroxide,8.333333333333334,0.24368055555555557,29.333333333333332,100.0,19.687361111111112
Acne,Microgestin Fe 1 / 20,4.285714285714286,0.054222030931480335,8.928571428571429,392.0,42.808444061862964
Acne,Microgestin Fe 1.5 / 30,2.8,0.16519480519480517,1.4,57.0,7.430389610389611
Acne,Milk of Magnesia,7.0,-0.1,44.0,12.0,12.600000000000001
Acne,Minocin,7.666666666666667,-0.09966570466570467,17.333333333333332,10.0,7.3340019240019245
Acne,Minocycline,6.387931034482759,0.035621247286861384,12.512931034482758,257.0,30.82900111526338
Acne,Monodox,7.913043478260869,0.08811247010839403,21.304347826086957,24.0,10.002311896738528
Acne,Myorisan,8.5,0.012711864406779662,11.0,2.0,5.82542372881356
Acne,Norinyl 1+35,10.0,0.2,25.0,1.0,9.5
Acne,NuOx,10.0,0.1733333333333333,3.0,1.0,5.046666666666667
Acne,Ocella,8.222222222222221,0.024368296312740765,11.666666666666666,95.0,15.170958814847705
Acne,Onexton,8.357142857142858,-0.013339775380751128,8.928571428571429,14.0,6.5018918778099275
Acne,Ortho Tri-Cyclen,5.641025641025641,-0.029729166086547982,13.102564102564102,138.0,18.61746474474998
Acne,Ortho-Novum 1 / 35,8.0,0.20479166666666665,7.5,5.0,5.609583333333333
Acne,Oxy-10,10.0,0.09722222222222221,16.0,1.0,7.4944444444444445
Acne,PanOxyl,9.6,0.07960443722943725,18.4,5.0,8.179208874458874
Acne,PanOxyl 10% Acne Foaming Wash,10.0,0.890625,5.0,1.0,6.88125
Acne,Pernox,10.0,0.4761904761904762,7.0,1.0,6.4523809523809526
Acne,Resorcinol / sulfur,10.0,0.75,3.0,1.0,6.199999999999999
Acne,Retapamulin,8.0,-0.05992063492063493,4.0,6.0,4.480158730158731
Acne,Retin A Micro,8.333333333333334,0.18529100529100528,29.333333333333332,3.0,9.870582010582012
Acne,Retin-A,8.28125,0.07572689637696482,36.71875,35.0,14.30770379275393
Acne,SMZ-TMP DS,7.0,-0.13634920634920633,22.0,15.0,8.427301587301589
Acne,Salicylic acid,10.0,0.5,5.0,4.0,6.4
Acne,Salicylic acid / sulfur,10.0,0.4761904761904762,7.0,2.0,6.552380952380953
Acne,Septra,10.0,-0.05520833333333333,19.5,11.0,8.889583333333334
Acne,Solodyn,6.966666666666667,0.05394478382155845,19.933333333333334,63.0,13.18122290097645
Acne,Spironolactone,7.726256983240224,0.05347470172364053,25.05586592178771,239.0,32.108625381100914
Acne,Sulfacetamide sodium / sulfur,7.333333333333333,0.21537698412698414,10.555555555555555,32.0,8.675198412698414
Acne,Sulfamethoxazole / trimethoprim,8.387096774193548,0.07026275508883387,17.838709677419356,527.0,59.76310615533896
Acne,Sulfur,10.0,0.63,1.0,1.0,5.56
Acne,Sumadan,8.0,0.07777777777777779,9.0,1.0,5.2555555555555555
Acne,Tazarotene,7.1,0.05933370217745219,13.2,14.0,6.998667404354904
Acne,Tazorac,7.285714285714286,0.12491366768152483,4.857142857142857,10.0,5.135541621077335
Acne,Tetracycline,8.222222222222221,0.11013405062016174,10.944444444444445,18.0,7.498045879018101
Acne,Tretin-X,9.0,0.34375,7.0,1.0,5.7875
Acne,Tretinoin,7.881578947368421,0.07246995139840502,22.035087719298247,250.0,32.70458902560383
Acne,Tri-Estarylla,1.5,-0.2598318713450292,0.5,9.0,1.0803362573099418
Acne,Tri-Linyah,5.0,0.023412698412698427,4.5,16.0,4.546825396825397
Acne,Tri-Previfem,5.678571428571429,0.06282453765953416,12.035714285714286,130.0,17.804220503890498
Acne,Tri-Sprintec,5.388059701492537,-0.008578303038705413,9.164179104477611,392.0,43.17090309541513
Acne,TriNessa,6.783333333333333,0.03723371248352452,10.416666666666666,277.0,32.571134091633716
Acne,TriNessa Lo,6.0,0.03875373408268146,2.0,13.0,4.177507468165364
Acne,Veltin,7.647058823529412,0.12559510533039944,10.647058823529411,17.0,7.139425504778447
Acne,Vestura,9.0,0.17363636363636364,3.0,4.0,4.947272727272727
Acne,Vibramycin,9.0,0.11666666666666667,6.5,4.0,5.533333333333334
Acne,Yasmin,6.796875,0.01876093759487013,17.078125,171.0,23.271896875189743
Acne,Yaz,7.0,0.022686532128645753,16.273972602739725,344.0,40.50016758480523
Acne,Zenatane,8.166666666666666,-0.003199160322680162,7.833333333333333,6.0,5.426935012687974
Acne,Ziana,7.304347826086956,0.10476768804252522,13.847826086956522,46.0,10.500839723911138
Acne,femhrt,1.0,0.1,2.0,3.0,1.3
Actinic Keratosis,Carac,9.0,0.07034722222222223,19.333333333333332,15.0,9.10736111111111
Actinic Keratosis,Efudex,4.333333333333333,0.12671717171717173,51.0,23.0,14.486767676767679
Actinic Keratosis,Fluorouracil,6.9411764705882355,0.13231242205506913,24.823529411764707,63.0,14.305801314698375
Actinic Keratosis,Ingenol,9.0,0.07023809523809524,11.5,3.0,6.340476190476191
Actinic Keratosis,Picato,9.0,0.07023809523809524,11.5,3.0,6.340476190476191
Actinic Keratosis,Tolak,4.5,0.2625,7.5,2.0,4.025
Acute Coronary Syndrome,Brilinta,3.6666666666666665,-0.102124148999149,17.0,14.0,6.06241836866837
Acute Coronary Syndrome,Clopidogrel,9.0,-0.2,106.0,38.0,28.200000000000003
Acute Coronary Syndrome,Effient,7.538461538461538,0.18661300009514295,23.23076923076923,13.0,9.33476446172875
Acute Coronary Syndrome,Plavix,9.0,-0.2,106.0,26.0,27.000000000000004
Acute Coronary Syndrome,Prasugrel,7.545454545454546,0.18417900011244168,21.727272727272727,11.0,8.831994363861247
Acute Coronary Syndrome,Ticagrelor,5.0,-0.08244940534003034,17.3125,19.0,7.19760118931994
Acute Lymphoblastic Leukemia,Dasatinib,10.0,-0.038749999999999986,3.0,14.0,5.9225
Acute Lymphoblastic Leukemia,Gleevec,10.0,0.16994949494949493,11.0,22.0,8.73989898989899
Acute Lymphoblastic Leukemia,Iclusig,1.0,-0.06711538461538459,2.0,2.0,0.8657692307692308
Acute Lymphoblastic Leukemia,Imatinib,10.0,0.16994949494949493,11.0,21.0,8.63989898989899
Acute Nonlymphocytic Leukemia,Isotretinoin,10.0,-0.01624999999999999,11.0,530.0,59.167500000000004
Acute Promyelocytic Leukemia,Arsenic trioxide,9.0,0.125,9.0,1.0,5.75
Acute Promyelocytic Leukemia,Tretinoin,8.0,-0.03833333333333333,2.0,250.0,28.523333333333333
Acute Promyelocytic Leukemia,Vesanoid,8.0,-0.03833333333333333,2.0,1.0,3.6233333333333335
Addison's Disease,Decadron,8.0,0.0,0.0,12.0,4.4
Addison's Disease,Dexamethasone,9.333333333333334,0.08628117913832199,8.0,45.0,10.005895691609979
Addison's Disease,Fludrocortisone,9.5,0.65,21.5,9.0,10.3
Addison's Disease,Hydrocortisone,8.666666666666666,0.19856376262626263,3.6666666666666665,34.0,7.997127525252526
Addison's Disease,Hydrocortone,8.0,0.2,5.5,2.0,4.9
Adrenocortical Insufficiency,Cortef,9.0,-0.16181250000000003,33.5,2.0,10.176375
Adrenocortical Insufficiency,Hydrocortisone,7.2,0.04454285714285715,18.6,34.0,10.089085714285716
Adrenocortical Insufficiency,Prednisone,10.0,0.06899350649350648,1.0,289.0,33.23798701298701
Adult Human Growth Hormone Deficiency,Humatrope,6.5,0.275,19.0,6.0,7.550000000000001
Adult Human Growth Hormone Deficiency,Norditropin,10.0,0.17333333333333334,26.0,2.0,9.746666666666666
Adult Human Growth Hormone Deficiency,Omnitrope,10.0,0.22023809523809523,3.0,1.0,5.140476190476191
Adult Human Growth Hormone Deficiency,Saizen,9.0,0.13,30.0,1.0,9.959999999999999
Adult Human Growth Hormone Deficiency,Somatropin,9.0,0.1729182228446934,14.166666666666666,16.0,8.379169779022721
Aggressive Behavi,Haloperidol,1.0,-0.13404761904761908,6.0,49.0,6.2319047619047625
Agitated State,Abilify,6.238095238095238,0.07338261044511045,31.142857142857142,446.0,53.470574744699746
Agitated State,Aripiprazole,6.0588235294117645,0.1033758541295306,26.470588235294116,500.0,57.92439876708259
Agitation,Citalopram,5.0,0.32543767507002797,4.0,995.0,102.95087535014005
Agitation,Loxapine,3.0,-0.16666666666666666,0.0,6.0,1.466666666666667
Agitation,Olanzapine,9.0,0.05,13.5,278.0,34.2
Agitation,Risperidone,2.0,-0.023519736842105253,7.5,240.0,26.25296052631579
Agitation,Zyprexa Intramuscular,8.0,0.1,19.0,1.0,7.300000000000001
Alcohol Dependence,Acamprosate,8.899082568807339,0.07222851375582401,62.88990825688074,109.0,27.18207170641073
Alcohol Dependence,Antabuse,9.151515151515152,0.10554997716929536,93.81818181818181,34.0,26.035342378581014
Alcohol Dependence,Campral,9.252747252747254,0.1156352657698693,68.51648351648352,91.0,26.735666135935347
Alcohol Dependence,Disulfiram,8.729166666666666,0.06447388046813947,76.6875,48.0,23.758114427602948
Alcohol Dependence,Naltrexone,8.5,0.07265669387900196,58.15555555555556,180.0,33.17642449886912
Alcohol Dependence,Ondansetron,7.0,0.16899324633699636,7.0,203.0,24.837986492673995
Alcohol Dependence,Revia,9.2,0.13965656565656565,154.2,6.0,35.39931313131313
Alcohol Dependence,Vivitrol,8.5,-0.031105207164234917,99.75,54.0,28.68778958567153
Alcohol Withdrawal,Atenolol,7.0,0.0,13.0,114.0,16.8
Alcohol Withdrawal,Baclofen,8.894736842105264,0.055076053620611735,45.36842105263158,159.0,28.641731054609643
Alcohol Withdrawal,Catapres,8.0,0.19375,35.0,33.0,13.887500000000001
Alcohol Withdrawal,Chlordiazepoxide,9.571428571428571,0.10995201055391632,52.57142857142857,90.0,23.562761163964975
Alcohol Withdrawal,Clonidine,6.666666666666667,0.03227665852665853,24.0,315.0,39.031219983719986
Alcohol Withdrawal,Clorazepate,10.0,-0.01111111111111109,45.0,20.0,14.977777777777778
Alcohol Withdrawal,Diazepam,8.857142857142858,0.19936507936507938,46.0,322.0,45.34158730158731
Alcohol Withdrawal,Gabapentin,8.722222222222221,0.13757156423823091,65.44444444444444,1047.0,121.55292090625424
Alcohol Withdrawal,Librium,9.537313432835822,0.12458759148178518,56.74626865671642,79.0,23.313354287441186
Alcohol Withdrawal,Lioresal,8.5,0.05500000000000001,56.0,14.0,16.11
Alcohol Withdrawal,Neurontin,9.5,0.425,147.5,140.0,48.15
Alcohol Withdrawal,Oxazepam,9.0,0.21250000000000005,37.0,29.0,14.325000000000001
Alcohol Withdrawal,Serax,9.0,0.21250000000000005,37.0,8.0,12.225000000000001
Alcohol Withdrawal,Valium,8.5,0.1430946869488536,52.666666666666664,157.0,29.919522707231042
Allergic Reactions,Benadryl,8.25,0.29167162698412696,12.625,35.0,9.908343253968255
Allergic Reactions,Benadryl Allergy,9.333333333333334,0.19340445269016696,25.333333333333332,17.0,10.886808905380335
Allergic Reactions,Chlor-Trimeton,10.0,0.10539772727272731,20.5,6.0,8.910795454545456
Allergic Reactions,Chlorpheniramine,9.166666666666666,0.20996527777777776,9.5,20.0,7.986597222222223
Allergic Reactions,Cyproheptadine,9.0,0.14180503341687553,5.666666666666667,92.0,14.216943400167086
Allergic Reactions,Deltasone,9.0,0.1888888888888889,41.0,5.0,12.677777777777779
Allergic Reactions,Dexchlorpheniramine,10.0,0.07222222222222223,2.0,3.0,4.844444444444445
Allergic Reactions,Diphenhydramine,7.904761904761905,0.1707174937475391,17.333333333333332,117.0,18.670006416066506
Allergic Reactions,EpiPen,10.0,0.21142135642135643,13.666666666666666,4.0,7.556176046176047
Allergic Reactions,Epinephrine,9.25,0.09967712842712845,11.5,15.0,7.6993542568542575
Allergic Reactions,Loratadine,10.0,0.41999999999999993,0.0,40.0,8.84
Allergic Reactions,Phenergan,5.5,0.0746875,17.0,67.0,12.449375
Allergic Reactions,Prednisone,7.6,-0.0059703373015872925,29.9,289.0,37.90805932539683
Allergic Reactions,Promethazine,7.75,-0.09251736111111106,13.25,129.0,18.46496527777778
Allergic Reactions,Triamcinolone,9.666666666666666,-0.05368686868686868,3.0,110.0,15.359292929292929
Allergic Rhinitis,Acetaminophen / dexbrompheniramine / pseudoephedrine,5.5,0.08541666666666667,0.5,2.0,2.670833333333334
Allergic Rhinitis,Actifed,7.0,0.14111111111111116,7.5,8.0,5.3822222222222225
Allergic Rhinitis,All Day Allergy,9.0,1.0,4.0,1.0,6.499999999999999
Allergic Rhinitis,Allegra,7.185185185185185,0.10190213607266076,20.074074074074073,45.0,11.59269316103421
Allergic Rhinitis,Allegra Allergy,1.8,0.08406250000000001,4.0,5.0,2.1881250000000003
Allergic Rhinitis,Allegra ODT,10.0,0.13333333333333333,26.0,1.0,9.566666666666666
Allergic Rhinitis,Allegra-D 12 Hour,8.166666666666666,0.1562570145903479,9.833333333333334,6.0,6.145847362514029
Allergic Rhinitis,Allegra-D 24 Hour,7.888888888888889,0.03822250280583614,9.555555555555555,11.0,6.243111672278339
Allergic Rhinitis,Astelin,10.0,0.10877835898669232,30.625,9.0,11.242556717973384
Allergic Rhinitis,Astepro,8.75,0.28402777777777777,19.0,13.0,9.168055555555556
Allergic Rhinitis,Azelastine,8.116279069767442,0.09976502300353354,16.348837209302324,46.0,11.31580911577451
Allergic Rhinitis,Azelastine / fluticasone,6.625,0.01034133716479637,10.395833333333334,48.0,9.54984934099626
Allergic Rhinitis,Beclomethasone,7.2727272727272725,0.012414917574008477,3.272727272727273,35.0,7.088466198784381
Allergic Rhinitis,Beconase AQ,5.0,-0.05446296296296296,1.0,2.0,2.2910740740740745
Allergic Rhinitis,Benadryl,6.555555555555555,0.09728116191079156,8.0,35.0,7.9167845460438055
Allergic Rhinitis,Benadryl Allergy,6.5,0.20734126984126983,9.0,17.0,6.51468253968254
Allergic Rhinitis,Benadryl Allergy Sinus,9.0,0.22999999999999998,3.0,1.0,4.76
Allergic Rhinitis,Brompheniramine,9.5,-0.058541666666666665,4.5,3.0,4.882916666666667
Allergic Rhinitis,Brompheniramine / pseudoephedrine,10.0,-0.31333333333333335,18.0,5.0,7.473333333333333
Allergic Rhinitis,Budesonide,8.0,0.10242424242424245,6.4,53.0,9.984848484848486
Allergic Rhinitis,Carbinoxamine,9.0,0.1556904761904762,1.0,2.0,4.3113809523809525
Allergic Rhinitis,Cetirizine,6.5588235294117645,0.12348772320140412,17.279411764705884,108.0,17.126387211108693
Allergic Rhinitis,Cetirizine / pseudoephedrine,9.5,0.08229166666666668,7.0,2.0,5.564583333333334
Allergic Rhinitis,Children's Claritin Allergy,10.0,0.4325,13.0,2.0,7.665
Allergic Rhinitis,Chlor-Trimeton,10.0,0.0858459595959596,20.666666666666668,6.0,8.905025252525252
Allergic Rhinitis,Chlorpheniramine,9.4,0.029724410774410782,14.5,20.0,8.719448821548822
Allergic Rhinitis,Chlorpheniramine / methscopolamine / pseudoephedrine,10.0,-0.06136363636363637,0.0,3.0,4.177272727272728
Allergic Rhinitis,Chlorpheniramine / phenylephrine,10.0,0.4083333333333334,5.333333333333333,6.0,6.4833333333333325
Allergic Rhinitis,Chlorpheniramine / pseudoephedrine,7.75,0.023958333333333345,4.75,6.0,4.697916666666666
Allergic Rhinitis,Ciclesonide,7.5,0.020507054673721353,11.0,15.0,6.741014109347443
Allergic Rhinitis,Clarinex,9.0,0.1875,7.5,2.0,5.675
Allergic Rhinitis,Clarinex-D 12 Hour,9.0,-0.325,1.0,1.0,3.2500000000000004
Allergic Rhinitis,Claritin,3.5714285714285716,0.08646825396825397,21.214285714285715,15.0,7.34436507936508
Allergic Rhinitis,Claritin-D,4.666666666666667,0.09506944444444447,13.666666666666666,23.0,7.090138888888889
Allergic Rhinitis,Claritin-D 24 Hour,9.0,0.09755411255411257,7.5,5.0,5.795108225108225
Allergic Rhinitis,Clemastine,10.0,0.21388888888888888,11.0,1.0,6.727777777777778
Allergic Rhinitis,Decadron,10.0,0.20937500000000003,15.0,12.0,8.61875
Allergic Rhinitis,Deconamine,10.0,-0.054166666666666655,5.0,1.0,4.991666666666666
Allergic Rhinitis,Desloratadine,5.875,0.06105324074074074,6.375,10.0,4.747106481481482
Allergic Rhinitis,Desloratadine / pseudoephedrine,9.0,-0.325,1.0,1.0,3.2500000000000004
Allergic Rhinitis,Dexamethasone,10.0,0.20937500000000003,15.0,45.0,11.91875
Allergic Rhinitis,Dexbrompheniramine / pseudoephedrine,9.875,0.12241296897546898,11.375,38.0,10.26982593795094
Allergic Rhinitis,Dexchlorpheniramine,5.5,0.0,7.0,3.0,3.9000000000000004
Allergic Rhinitis,Diphenhydramine,6.666666666666667,0.15394341940638234,7.0,117.0,16.074553505479432
Allergic Rhinitis,Diphenhydramine / phenylephrine,10.0,-0.75,2.0,1.0,3.0
Allergic Rhinitis,Diphenhydramine / pseudoephedrine,9.0,0.22999999999999998,3.0,1.0,4.76
Allergic Rhinitis,Drixoral Cold / Flu,10.0,0.13333333333333333,1.0,1.0,4.566666666666666
Allergic Rhinitis,Drixoral Cold and Allergy,9.928571428571429,0.2393188260152546,12.285714285714286,39.0,10.80720908060194
Allergic Rhinitis,Dymista,6.571428571428571,-0.012963351683589773,9.877551020408163,51.0,9.678154929285881
Allergic Rhinitis,Fexofenadine,6.913043478260869,0.053600553281259795,14.608695652173912,68.0,12.594157628301652
Allergic Rhinitis,Fexofenadine / pseudoephedrine,7.826086956521739,0.11074244646255516,7.391304347826087,24.0,7.230180545099024
Allergic Rhinitis,Flonase,7.238095238095238,0.07166132251511717,20.333333333333332,51.0,12.205227406934998
Allergic Rhinitis,Flunisolide,9.5,0.11083333333333334,5.0,2.0,5.221666666666667
Allergic Rhinitis,Fluticasone,6.326086956521739,0.06682938122827972,13.434782608695652,111.0,16.451050066804385
Allergic Rhinitis,Kenalog-40,9.5,0.15236263736263736,29.5,12.0,11.204725274725273
Allergic Rhinitis,Levocetirizine,8.32,0.16103652597402596,17.96,127.0,19.942073051948054
Allergic Rhinitis,Loratadine,5.625,0.09893953062996032,15.53125,40.0,9.554129061259921
Allergic Rhinitis,Loratadine / pseudoephedrine,4.125,0.013481691919191921,10.125,35.0,7.201963383838384
Allergic Rhinitis,Medrol Dosepak,3.5,-0.15625,8.5,9.0,3.6875000000000004
Allergic Rhinitis,Methylprednisolone,4.545454545454546,-0.006686619140663242,13.0,152.0,19.604808579900492
Allergic Rhinitis,Mometasone,7.125,0.06585654126492195,12.208333333333334,77.0,13.123379749196511
Allergic Rhinitis,Montelukast,5.878787878787879,0.043229146285031515,29.075757575757574,174.0,25.653124959236735
Allergic Rhinitis,Nasacort,6.482758620689655,0.034676169615824794,13.517241379310345,30.0,8.36590406336958
Allergic Rhinitis,Nasacort AQ,9.666666666666666,0.1300462962962963,18.666666666666668,3.0,8.160092592592594
Allergic Rhinitis,Nasacort Allergy 24HR,7.0,0.025998376623376618,3.6,5.0,4.071996753246754
Allergic Rhinitis,Nasarel,9.0,0.1,9.0,1.0,5.7
Allergic Rhinitis,Nasonex,7.782608695652174,0.01663189287777563,16.47826086956522,30.0,9.441959437929466
Allergic Rhinitis,Olopatadine,8.571428571428571,0.041763038548752844,17.571428571428573,40.0,11.02638321995465
Allergic Rhinitis,Omnaris,6.833333333333333,0.152391975308642,10.666666666666666,7.0,5.8714506172839505
Allergic Rhinitis,Palgic,9.0,0.3833333333333333,3.0,2.0,5.166666666666667
Allergic Rhinitis,Patanase,7.5,-0.0462847222222222,14.5,8.0,6.607430555555555
Allergic Rhinitis,Phenergan,9.0,0.04285714285714287,5.0,67.0,11.385714285714286
Allergic Rhinitis,Prednisone,1.0,-0.028996598639455775,4.0,289.0,30.04200680272109
Allergic Rhinitis,Promethazine,10.0,0.29545454545454547,2.0,129.0,17.89090909090909
Allergic Rhinitis,Pseudoephedrine / triprolidine,7.0,0.35407407407407415,7.666666666666667,9.0,5.941481481481483
Allergic Rhinitis,QNASL,7.0,0.026384479717813037,6.333333333333333,3.0,4.419435626102293
Allergic Rhinitis,R-Tanna,10.0,0.2375,5.5,2.0,5.7749999999999995
Allergic Rhinitis,Rhinocort,9.666666666666666,-0.04722222222222222,4.333333333333333,3.0,4.938888888888889
Allergic Rhinitis,Rhinocort Aqua,7.333333333333333,-0.020126262626262586,18.0,3.0,6.793080808080808
Allergic Rhinitis,Semprex-D,10.0,0.246,5.0,2.0,5.692
Allergic Rhinitis,Singulair,7.111111111111111,0.10714760758467357,50.75,92.0,22.408739659613794
Allergic Rhinitis,Triamcinolone,6.681818181818182,0.007797514249218798,13.568181818181818,110.0,16.401958664862075
Allergic Rhinitis,Veramyst,8.0,0.0417311507936508,6.666666666666667,15.0,6.116795634920635
Allergic Rhinitis,Wal-finate,9.0,0.3,8.0,1.0,5.9
Allergic Rhinitis,Xyzal,7.818181818181818,0.1578023538961039,19.636363636363637,112.0,18.570150162337665
Allergic Rhinitis,Zyrtec,7.075,0.12689994939474106,21.575,69.0,14.298799898789483
Allergic Rhinitis,Zyrtec-D,9.0,0.0625,0.0,1.0,3.825
Allergic Rhinitis,Zyrtec-D 12 Hour,10.0,0.10208333333333335,14.0,1.0,7.104166666666666
Allergic Urticaria,Atarax,6.333333333333333,0.028347578347578353,72.66666666666667,70.0,24.123361823361826
Allergic Urticaria,Famotidine,7.5,-0.035416666666666666,21.0,14.0,8.529166666666667
Allergic Urticaria,Hydroxyzine,5.933333333333334,0.016660931660931667,30.2,448.0,53.2466551966552
Allergic Urticaria,Vistaril,9.5,0.04140361952861954,50.5,110.0,24.98280723905724
Allergies,Acthar,9.0,0.9099999999999999,3.0,6.0,6.619999999999999
Allergies,Atarax,8.777777777777779,0.29790363957030624,30.444444444444443,70.0,17.195807279140613
Allergies,Corticotropin,9.0,0.9099999999999999,3.0,9.0,6.92
Allergies,Hydroxyzine,8.875,0.15963613315696648,23.833333333333332,448.0,53.435938932980605
Allergies,Hyzine,8.0,0.06302910052910053,40.0,1.0,11.4260582010582
Allergies,Levocetirizine,5.532467532467533,0.018041884718980356,16.428571428571427,127.0,18.23478506813926
Allergies,Triprolidine,10.0,1.0,11.0,1.0,8.299999999999999
Allergies,Vistaril,9.0,0.0,33.0,110.0,21.200000000000003
Allergies,Xyzal,4.569230769230769,-0.049038179642812506,17.06153846153846,112.0,16.341923640714377
Allergies,Zymine,10.0,1.0,11.0,1.0,8.299999999999999
Alopecia,Aldactone,9.0,0.0,133.0,12.0,31.400000000000002
Alopecia,Kenalog-10,9.833333333333334,0.25930644586894586,47.166666666666664,11.0,14.985279558404558
Alopecia,Minoxidil,6.530612244897959,0.12916408805417698,59.44897959183673,53.0,20.06036899243489
Alopecia,Rogaine,6.222222222222222,0.12327120410453743,102.88888888888889,10.0,24.313209074875743
Alopecia,Rogaine Women's,7.75,0.13458306277056278,45.0,4.0,12.769166125541126
Alopecia,Spironolactone,8.214285714285714,0.0515305118162261,79.21428571428571,239.0,43.13163245220388
Alopecia,Triamcinolone,8.666666666666666,0.19672488776655442,34.111111111111114,110.0,21.682338664421998
Alpha-1 Proteinase Inhibitor Deficiency,Alpha 1-proteinase inhibitor,10.0,0.12333333333333335,7.5,2.0,5.946666666666667
Alpha-1 Proteinase Inhibitor Deficiency,Prolastin-C,10.0,-0.045,11.0,1.0,6.21
Alpha-1 Proteinase Inhibitor Deficiency,Zemaira,10.0,0.2916666666666667,4.0,1.0,5.4833333333333325
Alzheimer's Disease,Aricept,5.153846153846154,0.008135295260295257,108.0,14.0,25.077809052059052
Alzheimer's Disease,Aricept ODT,9.0,-0.10833333333333334,56.0,2.0,14.783333333333333
Alzheimer's Disease,Donepezil,5.0,-0.06014893939393939,59.24,32.0,16.92770212121212
Alzheimer's Disease,Exelon,6.1,-0.015162247474747476,30.3,11.0,9.569675505050505
Alzheimer's Disease,Galantamine,6.833333333333333,0.10591329966329967,12.666666666666666,6.0,6.0784932659932664
Alzheimer's Disease,Memantine,4.214285714285714,0.05629663986806843,38.5,18.0,11.298307565450424
Alzheimer's Disease,Namenda,5.0,0.032160894660894654,55.42857142857143,8.0,13.950036075036078
Alzheimer's Disease,Namenda XR,4.5,0.09898809523809522,52.5,3.0,12.797976190476192
Alzheimer's Disease,Razadyne ER,10.0,0.0,19.0,1.0,7.9
Alzheimer's Disease,Rivastigmine,6.7,0.06817108585858586,27.9,11.0,9.496342171717172
Amebiasis,Metronidazole,2.6666666666666665,0.010308012093726407,1.0,922.0,93.48728269085412
Amenorrhea,Depo-Provera,9.75,0.002402632090132091,22.0,882.0,96.50480526418026
Amenorrhea,Jolivette,7.0,-0.0671875,2.0,64.0,9.465625000000001
Amenorrhea,Medroxyprogesterone,7.911111111111111,0.054490847802256534,24.288888888888888,995.0,107.63120391782674
Amenorrhea,Norethindrone,6.5,0.1419769965277778,3.5,431.0,46.68395399305556
Amenorrhea,Progesterone,6.333333333333333,-0.08293650793650792,34.666666666666664,23.0,11.600793650793651
Amenorrhea,Prometrium,7.0,-0.053571428571428555,34.0,17.0,11.192857142857143
Amenorrhea,Provera,7.787878787878788,0.026963757227420646,26.363636363636363,71.0,15.54180630233363
Amyotrophic Lateral Sclerosis,Riluzole,6.0,0.06999999999999999,8.0,4.0,4.540000000000001
Anal Fissure and Fistula,Nitroglycerin,8.0,0.02513310185185186,6.125,18.0,6.275266203703704
Anal Fissure and Fistula,Rectiv,6.5,0.07561342592592593,10.25,4.0,5.201226851851853
Anal Itching,Boudreaux Butt Paste,8.0,-0.1875,7.0,3.0,4.525
Anal Itching,Dibucaine,10.0,0.041346153846153845,5.0,6.0,5.682692307692308
Anal Itching,Pramoxine,10.0,0.16874999999999998,3.0,17.0,6.6375
Anaphylaxis,EpiPen,10.0,0.12187499999999998,0.0,4.0,4.643750000000001
Anaphylaxis,Epinephrine,10.0,0.12187499999999998,0.0,15.0,5.74375
Anaplastic Astrocytoma,Temodar,8.0,0.15034013605442179,10.0,6.0,6.1006802721088444
Anaplastic Astrocytoma,Temozolomide,4.5,0.09789734075448361,5.5,9.0,3.995794681508967
Anaplastic Oligodendroglioma,Temodar,10.0,0.08333333333333333,20.5,6.0,8.866666666666667
Anaplastic Oligodendroglioma,Temozolomide,10.0,0.12222222222222223,13.666666666666666,9.0,7.877777777777778
Androgenetic Alopecia,Finasteride,5.684210526315789,0.03609655761569637,22.94736842105263,59.0,12.835351009968235
Androgenetic Alopecia,Propecia,4.9,0.074262627997003,38.6,10.0,10.828525255994007
Anemia,Epoetin alfa,5.0,-0.06547619047619047,0.5,5.0,2.469047619047619
Anemia,Epogen,9.0,0.2,1.0,1.0,4.3
Anemia,Ferralet 90,10.0,0.0,9.0,1.0,5.8999999999999995
Anemia,Integra,10.0,0.0,13.0,1.0,6.699999999999999
Anemia,Integra F,9.0,0.1625,29.0,1.0,9.825000000000001
Anemia,Maxaron Forte,8.0,-0.1645833333333333,5.0,1.0,3.9708333333333337
Anemia,Multivitamin with iron,8.125,0.14987630208333333,13.25,10.0,7.199752604166667
Anemia,Oxymetholone,10.0,-0.1,3.0,1.0,4.5
Anemia,Procrit,1.0,-0.16547619047619047,1.5,3.0,0.6690476190476191
Anemia Associated with Chronic Renal Failure,Aranesp,9.0,-0.04111111111111112,15.0,2.0,6.717777777777778
Anemia Associated with Chronic Renal Failure,Darbepoetin alfa,8.0,-0.1215909090909091,5.0,2.0,4.156818181818182
Anemia Associated with Chronic Renal Failure,Epoetin alfa,8.5,-0.042708333333333334,19.0,5.0,7.614583333333334
Anemia Associated with Chronic Renal Failure,Ferrlecit,5.0,-0.21944444444444447,3.0,1.0,2.2611111111111115
"Anemia, Chemotherapy Induced",Darbepoetin alfa,10.0,0.1,65.0,2.0,17.4
"Anemia, Chemotherapy Induced",Epoetin alfa,9.0,0.23229166666666667,31.0,5.0,10.764583333333334
"Anemia, Chemotherapy Induced",Procrit,9.0,0.23229166666666667,31.0,3.0,10.564583333333335
"Anemia, Sickle Cell",Hydroxyurea,7.0,-0.004379960317460314,20.25,10.0,7.841240079365079
Anesthesia,Diprivan,8.5,0.19990633374561947,30.571428571428573,15.0,11.414098381776954
Anesthesia,Emla,8.6,0.028035714285714292,12.8,5.0,6.556071428571429
Anesthesia,Fentanyl,6.0,0.24,8.0,226.0,27.080000000000002
Anesthesia,Ketalar,10.0,0.4,44.0,1.0,13.700000000000001
Anesthesia,Ketamine,3.857142857142857,-0.22688105545248402,13.285714285714286,13.0,5.046237889095032
Anesthesia,LMX 4,1.0,-0.3,0.0,1.0,-0.09999999999999995
Anesthesia,Lidocaine,3.0,-0.16401904761904762,7.8,95.0,11.931961904761906
Anesthesia,Lidocaine / prilocaine,8.8,0.09676053113553114,8.4,5.0,5.893521062271063
Anesthesia,Lidoderm,9.0,0.0,20.0,32.0,10.8
Anesthesia,Pentothal,8.0,0.2886904761904762,3.6666666666666665,3.0,4.810714285714286
Anesthesia,Propofol,8.164102564102564,0.15925311364548758,14.78974358974359,196.0,26.14209597088072
Anesthesia,Sublimaze,1.0,0.3333333333333333,6.0,5.0,2.7666666666666666
Anesthesia,Succinylcholine,2.375,0.0320816163003663,6.75,8.0,3.1641632326007327
Anesthesia,Thiopental,8.0,0.2886904761904762,3.6666666666666665,3.0,4.810714285714286
Anesthetic Adjunct,Dilaudid-HP,10.0,-0.014017857142857137,8.5,6.0,6.2719642857142865
Anesthetic Adjunct,Hydromorphone,10.0,-0.014017857142857137,8.5,265.0,32.17196428571429
Angina,Aspirin,10.0,0.2333333333333333,11.0,20.0,8.666666666666668
Angina,Atenolol,9.0,0.0,18.0,114.0,18.6
Angina,Carvedilol,5.5,-0.16666666666666666,4.0,67.0,9.366666666666667
Angina,Corgard,10.0,0.39,9.0,4.0,6.98
Angina,Enoxaparin,10.0,0.78,0.0,7.0,6.260000000000001
Angina,Isosorbide dinitrate,6.5,0.13854166666666667,17.5,3.0,6.677083333333333
Angina,Isosorbide mononitrate,3.25,-0.07911515567765569,3.75,21.0,3.9917696886446885
Angina,Lopressor,10.0,0.75,29.0,10.0,12.3
Angina,Lovenox,10.0,0.78,0.0,6.0,6.16
Angina,Metoprolol,7.0,0.23531746031746031,12.8,215.0,27.33063492063492
Angina,Nadolol,10.0,0.39,9.0,20.0,8.58
Angina,Nitroglycerin,9.0,0.287799852264138,33.166666666666664,18.0,12.60893303786161
Angina,Nitrostat,8.0,-0.055239898989898985,53.5,4.0,14.189520202020203
Angina,Ranexa,7.52,0.05374829006971865,39.16,25.0,13.447496580139436
Angina,Ranolazine,7.2,0.06848138699924415,30.314285714285713,35.0,12.579819916855632
Angina Pectoris Prophylaxis,Diltiazem,7.0,-0.06371031746031747,12.333333333333334,59.0,11.039246031746032
Angina Pectoris Prophylaxis,Imdur,3.2,-0.24717573696145126,42.6,6.0,9.9056485260771
Angina Pectoris Prophylaxis,Isosorbide dinitrate,2.0,0.159375,4.0,3.0,2.21875
Angina Pectoris Prophylaxis,Isosorbide mononitrate,6.111111111111111,0.08079081632653061,41.55555555555556,21.0,13.017137188208617
Angina Pectoris Prophylaxis,Nitroglycerin,10.0,0.0,12.0,18.0,8.200000000000001
Angina Pectoris Prophylaxis,Nitrostat,10.0,0.0,12.0,4.0,6.800000000000001
Angioedema,Danazol,9.5,0.16069286616161615,7.0,6.0,6.121385732323233
Ankylosing Spondylitis,Adalimumab,7.571428571428571,-0.022743145014589523,33.32142857142857,295.0,39.14737085282796
Ankylosing Spondylitis,Aleve,3.0,-0.025000000000000022,4.0,66.0,8.55
Ankylosing Spondylitis,Cataflam,10.0,0.0,5.0,21.0,7.1
Ankylosing Spondylitis,Celebrex,8.0,0.11406249999999998,24.0,97.0,17.928125
Ankylosing Spondylitis,Celecoxib,8.0,0.11406249999999998,24.0,109.0,19.128125
Ankylosing Spondylitis,Certolizumab,9.0,0.44108854166666667,5.5,18.0,7.382177083333333
Ankylosing Spondylitis,Cimzia,7.5,0.20837571022727275,7.5,14.0,6.316751420454546
Ankylosing Spondylitis,Clinoril,10.0,0.1875,13.0,4.0,7.375
Ankylosing Spondylitis,Cosentyx,1.6,-0.26725685425685425,13.2,32.0,5.945486291486292
Ankylosing Spondylitis,Diclofenac,7.3,0.18398809523809523,14.5,482.0,54.387976190476195
Ankylosing Spondylitis,Enbrel,8.11111111111111,0.15492628770406547,14.074074074074074,144.0,20.76911183466739
Ankylosing Spondylitis,Esomeprazole / naproxen,6.666666666666667,-0.005879629629629633,8.333333333333334,21.0,6.4215740740740745
Ankylosing Spondylitis,Etanercept,8.206896551724139,0.1661330127009006,16.620689655172413,152.0,22.13916257712594
Ankylosing Spondylitis,Golimumab,7.2727272727272725,0.10377384101151811,17.636363636363637,50.0,11.643911318386673
Ankylosing Spondylitis,Humira,7.714285714285714,0.013564232665096541,34.628571428571426,295.0,39.53855703675876
Ankylosing Spondylitis,Indocin,10.0,1.0,10.0,20.0,10.0
Ankylosing Spondylitis,Indocin SR,8.666666666666666,0.23083333333333333,10.666666666666666,4.0,6.461666666666668
Ankylosing Spondylitis,Indomethacin,8.75,0.38392045454545454,10.75,103.0,16.71784090909091
Ankylosing Spondylitis,Infliximab,7.0,0.06176697530864197,21.666666666666668,109.0,18.156867283950618
Ankylosing Spondylitis,Naproxen,5.75,0.0625,7.25,308.0,34.675000000000004
Ankylosing Spondylitis,Prednisone,10.0,0.025946969696969704,5.5,289.0,34.05189393939394
Ankylosing Spondylitis,Remicade,7.0,0.07979840926269498,22.857142857142858,104.0,17.931025389953962
Ankylosing Spondylitis,Secukinumab,1.6,-0.2672568542568543,13.2,37.0,6.445486291486292
Ankylosing Spondylitis,Simponi,8.444444444444445,0.08840714253412665,21.22222222222222,42.0,11.999036507290477
Ankylosing Spondylitis,Sulindac,10.0,0.1875,13.0,15.0,8.475
Ankylosing Spondylitis,Vimovo,5.5,-0.13819444444444445,8.0,17.0,5.223611111111111
Ankylosing Spondylitis,Voltaren,7.5,0.24097222222222223,21.0,89.0,16.581944444444446
Anorexia,Cyproheptadine,8.864406779661017,0.166090471204878,52.0,92.0,23.477943654274164
Anorexia,Dronabinol,8.428571428571429,0.03104566068851783,29.285714285714285,26.0,11.890662749948465
Anorexia,Marinol,8.166666666666666,0.11075697450697451,33.166666666666664,19.0,12.021513949013949
Anorexia,Megace ES,5.5,0.21625,24.5,5.0,8.0325
Anorexia,Megestrol,9.166666666666666,0.1748492865159532,16.0,41.0,11.316365239698573
Anorexia/Feeding Problems,Fluvoxamine,8.5,0.30833333333333335,10.0,116.0,17.616666666666667
Anorexia/Feeding Problems,Luvox CR,8.0,0.25416666666666665,15.0,7.0,7.408333333333334
Anthrax,Cipro,9.0,0.16666666666666666,5.0,165.0,21.433333333333334
Anthrax,Ciprofloxacin,9.0,0.16666666666666666,5.0,361.0,41.03333333333333
Anti NMDA Receptor Encephalitis,Immune globulin intravenous,10.0,0.23222222222222222,1.0,5.0,5.164444444444444
Antiphospholipid Syndrome,Coumadin,9.0,0.14444444444444446,24.0,11.0,9.78888888888889
Antiphospholipid Syndrome,Warfarin,7.0,0.24458333333333332,10.5,27.0,8.089166666666667
Anxiety,Alprazolam,8.845622119815669,0.13568066169923867,38.244239631336406,703.0,81.75845809759203
Anxiety,Alprazolam Intensol,10.0,0.25342592592592594,30.0,5.0,11.006851851851852
Anxiety,Amitriptyline / chlordiazepoxide,9.666666666666666,0.024027777777777787,9.333333333333334,7.0,6.4813888888888895
Anxiety,Amitriptyline / perphenazine,9.5,0.1765695415695416,32.5,2.0,10.853139083139084
Anxiety,Atarax,6.26,0.08588144034399242,59.36,70.0,21.547762880687984
Anxiety,Atenolol,7.578947368421052,0.13106707214163354,54.68421052631579,114.0,25.630555196914848
Anxiety,Ativan,8.272189349112425,0.14416067452108466,54.857988165680474,220.0,36.56879472182324
Anxiety,BuSpar,6.476394849785407,0.05329170274180181,85.23175965665236,264.0,46.14349327672824
Anxiety,Bupropion,7.0181818181818185,0.0930074111778366,50.54545454545455,1022.0,115.30237845871932
Anxiety,Buspirone,6.184914841849149,0.060874825793644394,50.02433090024331,471.0,59.70058176837561
Anxiety,Catapres,4.5,-0.235,74.0,33.0,19.430000000000003
Anxiety,Chlordiazepoxide,8.2,0.2414156144781145,27.466666666666665,90.0,18.256164562289563
Anxiety,Clonazepam,8.619047619047619,0.1303051307597719,39.51629072681704,831.0,94.711487454502
Anxiety,Clonidine,7.523809523809524,0.12524594437434575,53.42857142857143,315.0,45.44572998398679
Anxiety,Clorazepate,8.833333333333334,0.19256169486063238,47.111111111111114,20.0,15.34067894527682
Anxiety,Compazine,3.6666666666666665,0.04695631528964863,32.333333333333336,44.0,12.427245963912632
Anxiety,Cymbalta,7.185483870967742,0.062343783943231305,56.435483870967744,864.0,100.68597789046711
Anxiety,Desvenlafaxine,7.391752577319588,0.10441619194568573,27.144329896907216,582.0,66.79439939420065
Anxiety,Desyrel,8.0,0.1861111111111111,105.0,27.0,27.272222222222222
Anxiety,Diazepam,8.859223300970873,0.11239339614565749,63.87864077669903,322.0,48.74420426801947
Anxiety,Diazepam Intensol,10.0,0.3365740740740741,68.0,4.0,18.673148148148147
Anxiety,Dilantin,7.0,-0.05166666666666666,39.0,40.0,14.496666666666668
Anxiety,Doxepin,7.5,0.07575625763125762,25.0,171.0,25.25151251526252
Anxiety,Duloxetine,6.88,0.07750730215910813,51.856,934.0,106.67821460431823
Anxiety,Effexor XR,7.5353535353535355,0.07433767590276807,67.81818181818181,399.0,56.62645312958332
Anxiety,Escitalopram,7.899795501022495,0.07677032950207464,37.302658486707564,1292.0,139.97399055675467
Anxiety,Gabapentin,8.01010101010101,0.10503203849969638,80.91414141414141,1047.0,124.29693276386809
Anxiety,Hydroxyzine,5.67936507936508,0.04864403403950777,38.577777777777776,448.0,54.88458965538061
Anxiety,Klonopin,8.681222707423581,0.15097579704713843,60.89956331877729,432.0,59.15435334081917
Anxiety,Klonopin Wafer,9.6,0.2982440476190476,18.0,12.0,9.236488095238094
Anxiety,Lamotrigine,6.95,0.04368169218444954,21.55,591.0,66.2773633843689
Anxiety,Lexapro,7.841397849462366,0.07211114952837976,46.575268817204304,952.0,107.79583520228257
Anxiety,Librium,7.5,0.2267488688973064,30.125,79.0,17.37849773779461
Anxiety,Limbitrol DS,9.5,0.03604166666666668,13.0,2.0,6.672083333333334
Anxiety,Lorazepam,8.327759197324415,0.11467576967150026,37.862876254180605,429.0,54.033030469108894
Anxiety,Lorazepam Intensol,10.0,-0.044047619047619044,34.0,6.0,11.311904761904762
Anxiety,Meprobamate,7.8,0.08069120718462824,21.2,5.0,8.021382414369256
Anxiety,Micrainin,10.0,1.0,3.0,1.0,6.699999999999999
Anxiety,Miltown,9.0,0.21277056277056278,39.0,2.0,12.025541125541125
Anxiety,Mirtazapine,7.093959731543624,0.08360957014361439,56.69798657718121,546.0,68.94440034834092
Anxiety,Nadolol,6.0,-0.06333333333333332,18.0,20.0,7.873333333333334
Anxiety,Nefazodone,5.0,0.021886837121212123,12.5,22.0,6.743773674242425
Anxiety,Neurontin,8.0,0.11744307544307546,145.22222222222223,140.0,46.4793305953306
Anxiety,Niravam,9.8,0.3077777777777778,36.8,7.0,12.595555555555555
Anxiety,Oxazepam,9.208333333333334,0.07745350328683663,53.833333333333336,29.0,17.504907006573674
Anxiety,Oxcarbazepine,4.444444444444445,0.07881737603959825,16.666666666666668,133.0,18.56874586319031
Anxiety,Paroxetine,7.395209580838324,0.058822514146978304,51.68862275449102,645.0,77.91345341152748
Anxiety,Paxil,7.386363636363637,0.061277135172992124,63.03787878787879,457.0,61.3846754824672
Anxiety,Paxil CR,8.666666666666666,0.14044823232323234,18.5,24.0,9.847563131313132
Anxiety,Pexeva,10.0,0.1459911616161616,13.0,2.0,7.091982323232323
Anxiety,Phenytoin,10.0,0.2,45.0,53.0,18.700000000000003
Anxiety,Pristiq,7.061538461538461,0.08786061278017199,24.815384615384616,548.0,62.76341353325266
Anxiety,Prochlorperazine,5.333333333333333,0.020295287274453944,18.666666666666668,59.0,11.807257241215575
Anxiety,Propranolol,7.98936170212766,0.058469261462244695,38.56382978723404,467.0,57.725449161222365
Anxiety,Remeron,7.277777777777778,0.07801827682532048,94.77777777777777,127.0,34.72270322031731
Anxiety,Risperidone,6.0476190476190474,0.02617380866488009,37.04761904761905,240.0,33.880919045901194
Anxiety,Serax,8.285714285714286,0.09453042328042328,66.57142857142857,8.0,17.617632275132276
Anxiety,Serzone,9.0,0.05952380952380952,59.0,9.0,16.419047619047618
Anxiety,Stelazine,5.0,0.18188973063973066,17.0,5.0,6.263779461279462
Anxiety,Tenormin,8.666666666666666,0.21385802469135803,116.0,13.0,28.394382716049385
Anxiety,Tramadol,9.454545454545455,0.2014848215385533,64.27272727272727,820.0,99.03933327944074
Anxiety,Tranxene,9.25,0.33622408293460926,67.5,5.0,18.37244816586922
Anxiety,Tranxene SD,10.0,0.288125,77.0,1.0,20.07625
Anxiety,Trazodone,7.928571428571429,0.13450189175099792,84.0,584.0,78.64043235493057
Anxiety,Triavil,9.5,0.1765695415695416,32.5,2.0,10.853139083139084
Anxiety,Trifluoperazine,6.0,0.11874438832772166,4.333333333333333,7.0,4.204155443322111
Anxiety,Trileptal,8.0,0.41858974358974355,69.0,46.0,22.43717948717949
Anxiety,Valium,9.071428571428571,0.14550631225817595,95.28571428571429,157.0,38.67672691023064
Anxiety,Vanspar,1.0,-0.10461309523809523,10.0,1.0,2.2907738095238095
Anxiety,Venlafaxine,6.813793103448276,0.0437924002018055,50.110344827586204,1016.0,114.43517100730017
Anxiety,Viibryd,8.6,0.02529908054908056,132.8,375.0,67.55059816109816
Anxiety,Vilazodone,6.7,0.006128551736792773,38.95,427.0,53.18225710347359
Anxiety,Vistaril,5.712765957446808,0.03361646420645617,62.319148936170215,110.0,25.81616909862568
Anxiety,Wellbutrin,10.0,-0.0605693843193843,150.0,281.0,61.97886123136123
Anxiety,Wellbutrin XL,6.0,-0.045,55.75,202.0,33.660000000000004
Anxiety,Xanax,8.713780918727915,0.10229170257467292,48.487632508833926,456.0,58.9876222744073
Anxiety,Xanax XR,9.047619047619047,0.16077608261317997,45.142857142857146,38.0,16.76917121284541
Anxiety,Zetran,10.0,-0.022222222222222223,44.0,1.0,12.855555555555556
Anxiety and Stress,Amitriptyline,7.454545454545454,0.037409942972451926,71.42424242424242,695.0,86.84148655261157
Anxiety and Stress,Celexa,7.542016806722689,0.06863317147170778,82.60924369747899,491.0,68.77592180512829
Anxiety and Stress,Citalopram,7.6746411483253585,0.07865436498880043,60.38277511961722,995.0,114.80372021323119
Anxiety and Stress,Effexor,7.666666666666667,-0.021354557809914947,41.36666666666667,265.0,37.797290884380175
Anxiety and Stress,Effexor XR,7.95,0.062333122317497325,31.75,399.0,49.554666244635
Anxiety and Stress,Elavil,9.88888888888889,0.00939276695526695,146.11111111111111,116.0,44.79656331168832
Anxiety and Stress,Fluoxetine,7.636363636363637,0.09322768472615055,77.63203463203463,766.0,95.3674077504047
Anxiety and Stress,Fluvoxamine,6.107142857142857,0.008648758373371375,34.464285714285715,116.0,20.95301180246103
Anxiety and Stress,Kava,9.0,0.20238095238095236,8.0,2.0,5.804761904761905
Anxiety and Stress,Luvox,5.625,-0.011345796130952383,55.8125,60.0,19.389808407738094
Anxiety and Stress,Luvox CR,10.0,0.15357142857142855,40.0,7.0,13.007142857142856
Anxiety and Stress,Paroxetine,6.6521739130434785,0.07986627936293181,36.72463768115942,645.0,74.66552966017514
Anxiety and Stress,Paxil,6.2407407407407405,0.0466524038832738,46.425925925925924,457.0,57.57478628924803
Anxiety and Stress,Prazosin,9.833333333333334,0.17668650793650795,85.33333333333333,69.0,28.253373015873017
Anxiety and Stress,Prozac,7.653061224489796,0.08747427549370104,94.53061224489795,472.0,69.34229548976292
Anxiety and Stress,Prozac Weekly,9.0,0.17500000000000002,56.0,2.0,15.350000000000001
Anxiety and Stress,Sertraline,7.4575471698113205,0.05485119403503365,42.325471698113205,1360.0,147.55781559561723
Anxiety and Stress,Venlafaxine,7.294117647058823,0.016585983518067293,28.264705882352942,1016.0,110.20376020233026
Anxiety and Stress,Zoloft,7.877551020408164,0.10041494923130934,43.46938775510204,805.0,92.5457278576463
Aphthous Ulce,Lysine,9.0,0.04603174603174604,10.0,38.0,9.492063492063492
Aphthous Ulce,Orajel,7.0,0.19999999999999998,0.0,1.0,3.3000000000000003
Aphthous Ulce,Triamcinolone,10.0,0.06000000000000001,26.0,110.0,20.32
Arrhythmia,Amiodarone,5.4375,-0.09151064574892699,51.0,28.0,14.991978708502149
Arrhythmia,Cordarone,6.666666666666667,-0.3611111111111111,48.0,3.0,11.844444444444447
Arrhythmia,Disopyramide,8.25,0.17162844967532465,10.25,4.0,6.09325689935065
Arrhythmia,Dofetilide,7.933333333333334,0.11458462602212602,58.0,30.0,18.002502585377588
Arrhythmia,Inderal,6.5,-0.012499999999999997,21.0,44.0,11.175
Arrhythmia,Mexiletine,6.5,0.26718749999999997,11.0,3.0,5.6343749999999995
Arrhythmia,Mexitil,6.5,0.26718749999999997,11.0,2.0,5.534375
Arrhythmia,Norpace,8.0,0.12976190476190474,17.0,1.0,6.95952380952381
Arrhythmia,Norpace CR,9.0,0.03495370370370369,9.0,2.0,5.669907407407408
Arrhythmia,Pacerone,10.0,0.25,91.0,1.0,22.8
Arrhythmia,Propranolol,4.333333333333333,-0.2225396825396825,7.666666666666667,467.0,49.5215873015873
Arrhythmia,Quinidine,8.0,-0.10833333333333334,0.0,1.0,3.0833333333333335
Arrhythmia,Tikosyn,8.32,0.10407273328523328,63.4,25.0,18.716145466570467
Arrhythmia,Verapamil,4.6,-0.019171717171717166,10.8,82.0,12.161656565656568
Ascariasis,Albendazole,9.0,0.18,17.0,4.0,7.760000000000001
Ascariasis,Ivermectin,7.0,0.0798611111111111,3.0,88.0,12.359722222222224
Ascariasis,Mebendazole,1.0,0.09999999999999999,14.0,1.0,3.5000000000000004
Asperger Syndrome,Lisdexamfetamine,7.5,0.45357142857142857,14.0,461.0,52.80714285714286
Asperger Syndrome,Olanzapine,10.0,0.5,29.0,278.0,38.6
Asperger Syndrome,Risperdal,7.0,0.27881944444444445,95.5,116.0,34.05763888888889
Asperger Syndrome,Risperdal M-Tab,8.0,0.0,8.0,4.0,5.200000000000001
Asperger Syndrome,Risperidone,5.2,-0.08365606060606057,15.0,240.0,28.912687878787878
Asperger Syndrome,Vyvanse,10.0,0.40714285714285714,14.0,434.0,51.01428571428572
"Aspergillosis, Aspergilloma",Itraconazole,10.0,0.15,35.0,18.0,13.100000000000001
Aspiration Pneumonia,Amoxicillin / clavulanate,10.0,0.25,7.0,321.0,38.0
Aspiration Pneumonia,Clindamycin,10.0,0.1925925925925926,20.0,385.0,46.885185185185186
Aspiration Pneumonia,Lansoprazole,5.0,-0.35714285714285715,0.0,55.0,6.785714285714286
Asthma,Alvesco,7.0,0.061458333333333344,8.75,11.0,5.772916666666667
Asthma,Aristocort,10.0,0.6000000000000001,1.0,2.0,5.6000000000000005
Asthma,Atrovent,9.0,0.3911772486772487,37.5,6.0,12.482354497354498
Asthma,Azmacort,10.0,0.0,3.0,1.0,4.699999999999999
Asthma,Breo Ellipta,6.708333333333333,0.06294277990265207,17.333333333333332,49.0,11.175885559805305
Asthma,Caffeine,7.0,0.2,5.0,13.0,5.5
Asthma,Ciclesonide,6.75,0.09610479797979798,10.75,15.0,6.542209595959596
Asthma,Cinqair,8.0,0.16785714285714287,23.0,1.0,8.235714285714286
Asthma,Dexamethasone,8.0,-0.012500000000000004,15.0,45.0,10.675
Asthma,Dulera,5.823529411764706,0.09600895292071764,18.705882352941178,24.0,8.662606141135553
Asthma,Fluticasone / vilanterol,7.5,0.056167888127760295,16.458333333333332,49.0,11.304002442922187
Asthma,Ipratropium,9.4,0.38043915343915347,19.2,12.0,9.560878306878308
Asthma,Ipratropium Inhalation Solution,10.0,0.8,3.0,1.0,6.299999999999999
Asthma,Levalbuterol,10.0,0.68,3.0,14.0,7.360000000000001
Asthma,Medrol Dosepak,9.0,0.6,21.0,9.0,9.9
Asthma,Mepolizumab,7.0,0.11025042087542088,19.666666666666668,3.0,7.253834175084175
Asthma,Methylprednisolone,8.333333333333334,0.521,11.333333333333334,152.0,21.842000000000002
Asthma,Montelukast,5.338709677419355,0.02128206749838899,21.43548387096774,174.0,23.86514478015807
Asthma,Nucala,6.4,0.04257174047017798,17.6,5.0,6.6651434809403565
Asthma,Prednisone,7.266666666666667,-0.03299118803474864,32.6,289.0,38.26068429059717
Asthma,Reslizumab,8.0,0.16785714285714287,23.0,1.0,8.235714285714286
Asthma,Singulair,7.033333333333333,0.12155698275489943,29.033333333333335,92.0,18.0631139655098
Asthma,Solu-Medrol,10.0,0.8,5.0,5.0,7.1
Asthma,Triamcinolone,9.5,0.05,2.0,110.0,15.3
"Asthma, Maintenance",Accolate,10.0,0.290625,19.0,2.0,8.581249999999999
"Asthma, Maintenance",Advair Diskus,8.069767441860465,0.057777240024955975,23.511627906976745,61.0,14.145787038189447
"Asthma, Maintenance",Advair HFA,9.333333333333334,0.041666666666666664,7.333333333333333,3.0,5.583333333333334
"Asthma, Maintenance",AirDuo Respiclick,9.0,-0.033333333333333354,3.0,1.0,4.2333333333333325
"Asthma, Maintenance",Albuterol,6.384615384615385,0.1595392107892108,11.23076923076923,88.0,13.919078421578423
"Asthma, Maintenance",Alupent,10.0,0.05714285714285714,5.0,2.0,5.314285714285714
"Asthma, Maintenance",Alvesco,8.0,0.16051162131519275,11.857142857142858,11.0,6.992451814058956
"Asthma, Maintenance",Arnuity Ellipta,9.0,0.2875,10.0,1.0,6.2749999999999995
"Asthma, Maintenance",Asmanex Twisthaler,7.285714285714286,0.03662337662337663,24.285714285714285,7.0,8.544675324675325
"Asthma, Maintenance",Beclomethasone,6.181818181818182,0.007226130351130356,19.181818181818183,35.0,9.82354316979317
"Asthma, Maintenance",Breo Ellipta,6.625,0.04101025132275133,7.875,49.0,9.207020502645504
"Asthma, Maintenance",Budesonide,7.3,0.1081795692936044,12.9,53.0,11.016359138587209
"Asthma, Maintenance",Budesonide / formoterol,1.5,0.12569444444444444,0.0,74.0,8.25138888888889
"Asthma, Maintenance",Ciclesonide,7.4,0.22616071428571427,15.0,15.0,7.912321428571429
"Asthma, Maintenance",Cromolyn,8.875,0.021643518518518524,8.625,11.0,6.418287037037038
"Asthma, Maintenance",Dulera,4.285714285714286,-0.025061224489795912,30.857142857142858,24.0,10.235591836734695
"Asthma, Maintenance",Flovent,8.4,0.06858333333333333,17.4,5.0,7.477166666666667
"Asthma, Maintenance",Flovent HFA,9.666666666666666,0.03694444444444444,17.0,3.0,7.640555555555555
"Asthma, Maintenance",Fluticasone,6.666666666666667,0.04549410774410774,15.866666666666667,111.0,17.030988215488218
"Asthma, Maintenance",Fluticasone / salmeterol,8.115384615384615,0.002038237494682092,20.134615384615383,66.0,13.877153398066287
"Asthma, Maintenance",Fluticasone / vilanterol,6.428571428571429,0.17712320748035035,6.285714285714286,49.0,9.08281784353213
"Asthma, Maintenance",Foradil Aerolizer,6.5,0.10287878787878789,6.0,5.0,4.505757575757576
"Asthma, Maintenance",Formoterol,10.0,0.20000000000000004,0.0,8.0,5.2
"Asthma, Maintenance",Intal,1.0,0.2,0.0,1.0,0.9
"Asthma, Maintenance",Intal Inhaler,10.0,-0.011111111111111105,17.333333333333332,3.0,7.7444444444444445
"Asthma, Maintenance",Levalbuterol,9.5,-0.21510416666666665,12.75,14.0,7.319791666666667
"Asthma, Maintenance",Maxair,9.0,0.14722222222222223,4.0,1.0,4.794444444444444
"Asthma, Maintenance",Maxair Autohaler,9.0,0.08863636363636364,4.5,3.0,4.9772727272727275
"Asthma, Maintenance",Medrol,10.0,1.0,5.0,5.0,7.5
"Asthma, Maintenance",Metaproterenol,10.0,0.05714285714285714,5.0,1.0,5.2142857142857135
"Asthma, Maintenance",Methylprednisolone,10.0,1.0,5.0,152.0,22.200000000000003
"Asthma, Maintenance",Mometasone,6.6,0.09947716965574109,17.4,77.0,14.018954339311481
"Asthma, Maintenance",Montelukast,6.232558139534884,0.0928244435956702,29.930232558139537,174.0,26.064718654633204
"Asthma, Maintenance",Omalizumab,8.15625,0.09462830680604119,29.15625,82.0,17.483006613612083
"Asthma, Maintenance",Pirbuterol,9.0,0.33361111111111114,2.5,3.0,5.067222222222222
"Asthma, Maintenance",ProAir HFA,6.25,-0.058601190476190466,13.25,13.0,6.332797619047619
"Asthma, Maintenance",ProAir RespiClick,1.0,0.021875000000000006,4.0,31.0,4.34375
"Asthma, Maintenance",Proventil,10.0,0.19999999999999998,20.0,4.0,8.8
"Asthma, Maintenance",Proventil HFA,9.0,0.2,14.0,5.0,7.300000000000001
"Asthma, Maintenance",Pulmicort Flexhaler,6.8,0.21993762183235868,10.8,5.0,5.819875243664718
"Asthma, Maintenance",Pulmicort Respules,10.0,0.8,7.0,1.0,7.1
"Asthma, Maintenance",Pulmicort Turbuhaler,8.333333333333334,-0.1204703115814227,16.333333333333332,3.0,6.659059376837155
"Asthma, Maintenance",Qvar,5.571428571428571,0.01813402656746813,16.0,30.0,8.464839481706365
"Asthma, Maintenance",Singulair,7.333333333333333,0.0784381066189102,40.833333333333336,92.0,20.456876213237823
"Asthma, Maintenance",Symbicort,7.545454545454546,0.10167374750870423,31.181818181818183,81.0,17.557892949562863
"Asthma, Maintenance",Theo-24,9.5,0.2566558441558442,39.5,2.0,12.413311688311689
"Asthma, Maintenance",Theophylline,9.166666666666666,0.19907287157287157,26.5,8.0,10.164812409812411
"Asthma, Maintenance",Uniphyl,10.0,0.32833333333333337,30.5,3.0,11.056666666666668
"Asthma, Maintenance",Ventolin,8.0,-0.020833333333333332,24.0,11.0,9.058333333333334
"Asthma, Maintenance",Ventolin HFA,5.5,0.5565882034632035,11.0,6.0,6.1131764069264065
"Asthma, Maintenance",Xolair,8.323529411764707,0.0975334153183418,35.14705882352941,67.0,17.253890360048448
"Asthma, Maintenance",Xopenex,9.666666666666666,0.0465277777777778,15.333333333333334,9.0,7.926388888888889
"Asthma, Maintenance",Zafirlukast,10.0,0.25,23.0,2.0,9.3
"Asthma, Maintenance",Zileuton,1.0,-0.008333333333333331,2.0,1.0,0.8833333333333334
"Asthma, acute",Albuterol,4.066666666666666,0.07198151047952636,9.28888888888889,88.0,12.428407465403499
"Asthma, acute",Asthmanefrin,7.833333333333333,0.007066648629148631,5.333333333333333,6.0,4.814133297258298
"Asthma, acute",Ephedrine,10.0,0.006944444444444438,12.0,2.0,6.61388888888889
"Asthma, acute",Epinephrine,9.5,0.12727843915343917,12.833333333333334,15.0,8.121223544973546
"Asthma, acute",Levalbuterol,9.4,0.2194592592592593,11.2,14.0,7.838918518518518
"Asthma, acute",Maxair Autohaler,5.0,0.0,3.0,3.0,2.9000000000000004
"Asthma, acute",Medrol,10.0,0.3222222222222222,40.0,5.0,13.144444444444444
"Asthma, acute",Methylprednisolone,8.428571428571429,-0.05398979591836734,21.571428571428573,152.0,22.777734693877555
"Asthma, acute",Pirbuterol,5.0,0.0,3.0,3.0,2.9000000000000004
"Asthma, acute",Prednisolone,6.5,-0.008511904761904752,20.0,20.0,8.582976190476192
"Asthma, acute",Primatene Mist,9.75,0.052098214285714296,16.5,6.0,7.90419642857143
"Asthma, acute",ProAir HFA,3.4,0.061000996358139215,11.8,13.0,5.142001992716279
"Asthma, acute",ProAir RespiClick,1.2727272727272727,-0.0411690329872148,8.090909090909092,31.0,5.144934661298298
"Asthma, acute",Proventil HFA,8.0,0.008750000000000018,33.0,5.0,10.3175
"Asthma, acute",Quibron-T,1.0,0.43333333333333335,2.0,1.0,1.7666666666666666
"Asthma, acute",Racepinephrine,8.0,0.021570666987333658,5.333333333333333,9.0,5.209808000641335
"Asthma, acute",Terbutaline,8.5,0.4060714285714286,5.0,6.0,5.812142857142858
"Asthma, acute",Theophylline,8.5,0.015443638392857159,9.0,8.0,6.030887276785714
"Asthma, acute",Uniphyl,8.0,-0.09999999999999998,17.0,3.0,6.7
"Asthma, acute",Ventolin,7.142857142857143,0.27460317460317457,10.714285714285714,11.0,6.649206349206349
"Asthma, acute",Ventolin HFA,1.0,0.0,2.0,6.0,1.4000000000000001
"Asthma, acute",Xopenex,9.5,0.36835416666666665,9.5,9.0,7.336708333333334
"Asthma, acute",Xopenex HFA,9.333333333333334,0.06362962962962966,5.666666666666667,3.0,5.293925925925927
Asystole,Sodium bicarbonate,10.0,0.0,1.0,1.0,4.3
Atherosclerosis,Crestor,8.5,0.28541666666666665,31.25,51.0,15.320833333333333
Atherosclerosis,Rosuvastatin,8.5,0.28541666666666665,31.25,61.0,16.320833333333333
Atopic Dermatitis,Betamethasone,8.333333333333334,0.12430555555555556,6.333333333333333,19.0,6.748611111111112
Atopic Dermatitis,Capex,10.0,0.30238095238095236,9.0,1.0,6.504761904761904
Atopic Dermatitis,Clobetasol,9.8,0.15927479628214922,17.3,60.0,13.6985495925643
Atopic Dermatitis,Clobex,9.5,0.08873737373737373,27.5,24.0,11.877474747474748
Atopic Dermatitis,Cloderm,10.0,0.0,1.0,2.0,4.4
Atopic Dermatitis,Crisaborole,6.636363636363637,0.040727763398217945,15.454545454545455,22.0,8.026910072250981
Atopic Dermatitis,Cutivate,9.0,0.046590909090909086,12.0,3.0,6.3931818181818185
Atopic Dermatitis,Desonide,10.0,0.55,15.5,24.0,10.6
Atopic Dermatitis,Desoximetasone,10.0,0.0,34.0,17.0,12.5
Atopic Dermatitis,Diprolene AF,9.0,0.0,17.0,1.0,7.1
Atopic Dermatitis,Dupilumab,10.0,0.07460745851370851,12.5,14.0,8.049214917027417
Atopic Dermatitis,Dupixent,10.0,0.07460745851370851,12.5,16.0,8.249214917027418
Atopic Dermatitis,Elidel,8.142857142857142,0.12021034205693296,9.714285714285714,23.0,7.740420684113866
Atopic Dermatitis,Elocon,9.666666666666666,0.2597222222222222,18.666666666666668,22.0,10.319444444444446
Atopic Dermatitis,Eucrisa,6.904761904761905,0.05593681671062624,16.61904761904762,21.0,8.29758791913554
Atopic Dermatitis,Fluocinonide,7.666666666666667,0.15777777777777777,14.333333333333334,26.0,8.84888888888889
Atopic Dermatitis,Fluticasone,8.666666666666666,0.40344696969696975,6.333333333333333,111.0,16.640227272727273
Atopic Dermatitis,Hydrocortisone,4.5,0.13214285714285717,2.0,34.0,5.864285714285715
Atopic Dermatitis,Imuran,7.0,0.0,15.0,33.0,9.100000000000001
Atopic Dermatitis,Kenalog,9.0,0.0164922903275176,26.333333333333332,7.0,9.5996512473217
Atopic Dermatitis,Lidex,10.0,0.18333333333333335,29.0,4.0,10.566666666666668
Atopic Dermatitis,Medrol Dosepak,10.0,0.10000000000000002,52.0,9.0,15.500000000000002
Atopic Dermatitis,Methylprednisolone,10.0,0.10000000000000002,52.0,152.0,29.800000000000004
Atopic Dermatitis,Mometasone,9.75,0.25729166666666664,18.25,77.0,15.764583333333334
Atopic Dermatitis,Olux-E,10.0,0.125,16.0,1.0,7.55
Atopic Dermatitis,Pimecrolimus,7.0,0.13925459956709957,7.75,21.0,6.7285091991342
Atopic Dermatitis,Prednisone,7.0,0.0,1.0,289.0,31.900000000000002
Atopic Dermatitis,Protopic,7.35,0.04555266955266955,31.4,20.0,11.311105339105339
Atopic Dermatitis,Tacrolimus,7.12,0.03565265210461289,22.4,49.0,12.299305304209227
Atopic Dermatitis,Topicort,10.0,0.0,34.0,5.0,11.3
Atopic Dermatitis,Triamcinolone,9.25,0.12272501291322313,19.0,110.0,18.745450025826447
Atrial Fibrillation,Cardizem,8.0,0.05476190476190477,67.66666666666667,7.0,17.542857142857144
Atrial Fibrillation,Cardizem CD,4.333333333333333,0.03888888888888889,54.333333333333336,4.0,13.07777777777778
Atrial Fibrillation,Cardizem LA,8.0,0.075,30.0,2.0,9.549999999999999
Atrial Fibrillation,Cartia XT,10.0,0.05865079365079366,117.0,11.0,28.61730158730159
Atrial Fibrillation,Carvedilol,4.555555555555555,-0.07466271020192589,17.444444444444443,67.0,11.86178569070726
Atrial Fibrillation,Coreg,6.0,0.09999999999999998,35.0,28.0,12.400000000000002
Atrial Fibrillation,Coreg CR,6.0,0.28750000000000003,45.0,5.0,12.475000000000001
Atrial Fibrillation,Digoxin,6.5,0.16217261904761904,61.0,6.0,15.724345238095239
Atrial Fibrillation,Dilt-XR,10.0,-0.0840625,42.0,1.0,12.331875
Atrial Fibrillation,Diltiazem,7.590909090909091,0.0941430202743785,44.72727272727273,59.0,18.07010422236694
Atrial Fibrillation,Dronedarone,6.142857142857143,0.06760376601646444,29.333333333333332,23.0,10.759017055842454
Atrial Fibrillation,Flecainide,7.478260869565218,0.05387904804900853,52.608695652173914,63.0,19.92080157435889
Atrial Fibrillation,Lanoxicaps,10.0,0.2571428571428571,46.0,1.0,13.814285714285715
Atrial Fibrillation,Metoprolol,6.081081081081081,0.021538115475615485,32.78378378378378,215.0,30.53226542014042
Atrial Fibrillation,Multaq,6.416666666666667,0.07221046443268665,37.75,14.0,11.661087595532042
Atrial Fibrillation,Propafenone,8.333333333333334,0.06510803154321673,28.14814814814815,33.0,12.393179026049397
Atrial Fibrillation,Rivaroxaban,5.466666666666667,0.00908453583453583,45.2,83.0,19.544835738335742
Atrial Fibrillation,Rythmol,5.0,0.0,45.5,2.0,11.299999999999999
Atrial Fibrillation,Rythmol SR,9.384615384615385,0.022088675213675208,41.61538461538461,15.0,13.621100427350429
Atrial Fibrillation,Savaysa,1.0,0.0015873015873015875,4.0,1.0,1.3031746031746034
Atrial Fibrillation,Sotalol,7.6923076923076925,0.01735022567354298,53.65384615384615,28.0,16.642392759039396
Atrial Fibrillation,Sotalol Hydrochloride AF,10.0,0.1703549382716049,106.66666666666667,3.0,25.974043209876545
Atrial Fibrillation,Tambocor,7.4,-0.012291666666666668,91.4,9.0,22.11541666666667
Atrial Fibrillation,Tiazac,10.0,0.06888888888888887,40.0,1.0,12.237777777777778
Atrial Fibrillation,Toprol-XL,7.5,0.05000000000000001,92.0,38.0,25.300000000000004
Atrial Fibrillation,Xarelto,5.3076923076923075,-0.029453740703740697,48.0,76.0,19.264169441669445
Atrial Flutte,Betapace AF,1.0,-0.03,10.0,1.0,2.44
Atrial Flutte,Cardizem,10.0,0.21428571428571427,12.0,7.0,7.528571428571429
Atrial Flutte,Cartia XT,1.0,-0.22166666666666665,23.0,11.0,5.656666666666668
Atrial Flutte,Diltiazem,3.1666666666666665,0.039768518518518516,15.833333333333334,59.0,10.41287037037037
Atrial Flutte,Dronedarone,4.0,0.05,32.5,23.0,10.5
Atrial Flutte,Flecainide,8.8,0.10543058132343848,24.4,63.0,14.910861162646878
Atrial Flutte,Multaq,4.0,0.05,32.5,14.0,9.6
Atrial Flutte,Sotalol,5.0,-0.6458333333333334,5.0,28.0,4.508333333333334
Atrial Flutte,Tambocor,7.0,-0.07395833333333333,22.5,9.0,8.052083333333334
Atrophic Urethritis,Conjugated estrogens,1.0,-0.07119047619047619,0.0,42.0,4.457619047619048
Atrophic Urethritis,Estrace Vaginal Cream,4.6,0.13728409090909094,28.2,33.0,11.054568181818183
Atrophic Urethritis,Estradiol,4.416666666666667,0.13065867003367004,21.416666666666668,241.0,30.41131734006734
Atrophic Urethritis,Estring,10.0,0.8,5.0,23.0,8.9
Atrophic Urethritis,Vagifem,9.0,-0.14694444444444443,42.0,18.0,13.506111111111112
Atrophic Urethritis,Yuvafem,3.0,0.1484848484848485,14.5,22.0,6.596969696969698
Atrophic Vaginitis,Climara,9.0,-0.009687499999999988,60.0,13.0,16.880625
Atrophic Vaginitis,Conjugated estrogens,7.0,-0.09307058682058682,26.0,42.0,12.013858826358828
Atrophic Vaginitis,Estrace Vaginal Cream,6.391304347826087,-0.01904912937481672,82.73913043478261,33.0,22.366249567337324
Atrophic Vaginitis,Estradiol,5.805825242718447,0.003713295107498422,42.689320388349515,241.0,34.96762076497228
Atrophic Vaginitis,Estring,6.25,0.057271847943722955,13.2,23.0,7.554543695887446
Atrophic Vaginitis,Femring,10.0,0.275,41.0,15.0,14.25
Atrophic Vaginitis,Premarin,5.666666666666667,-0.06297949735449736,26.333333333333332,29.0,10.307374338624339
Atrophic Vaginitis,Vagifem,7.666666666666667,0.022057825276575287,44.4,18.0,13.790782317219819
Atrophic Vaginitis,Yuvafem,2.3157894736842106,-0.10100372358948485,13.631578947368421,22.0,5.650624131768399
Auditory Processing Disorde,Dexmethylphenidate,6.25,0.13762724466891132,35.0,101.0,19.875254489337824
Auditory Processing Disorde,Focalin,4.0,0.146,32.0,41.0,12.392
Autism,Abilify,7.1875,0.12355872017367553,61.4375,446.0,60.009617440347355
Autism,Aripiprazole,6.5,0.05584203302533135,56.214285714285715,500.0,63.954541208907806
Autism,Effexor,10.0,0.37,64.5,265.0,44.14
Autism,Geodon,5.0,0.1372916666666667,15.25,165.0,21.824583333333333
Autism,Memantine,8.0,0.37777777777777777,3.0,18.0,6.355555555555555
Autism,Paliperidone,10.0,0.3833333333333333,13.0,104.0,17.766666666666666
Autism,Risperdal,4.3076923076923075,0.06560224497724498,61.07692307692308,116.0,25.66966602841603
Autism,Risperidone,6.333333333333333,0.06754687755659977,60.2,240.0,38.708427088446534
Autism,Venlafaxine,7.0,0.26564814814814813,44.666666666666664,1016.0,113.86462962962963
Autism,Ziprasidone,4.666666666666667,0.033266594516594535,11.333333333333334,178.0,21.999866522366524
Autoimmune Hemolytic Anemia,Prednisone,8.333333333333334,-0.08346961680295013,12.666666666666666,289.0,34.59972743306077
Autoimmune Hepatitis,Azathioprine,8.0,0.16742424242424242,94.0,44.0,26.734848484848484
Autoimmune Hepatitis,Budesonide,9.0,-0.03107683982683983,23.0,53.0,13.437846320346322
Autoimmune Hepatitis,CellCept,10.0,0.20714285714285713,44.0,19.0,15.114285714285716
Autoimmune Hepatitis,Imuran,10.0,-0.29,10.0,33.0,8.72
Autoimmune Hepatitis,Mercaptopurine,8.0,0.0375,12.0,10.0,6.675000000000001
Autoimmune Hepatitis,Mycophenolate mofetil,9.0,-0.02678571428571429,28.333333333333332,31.0,12.313095238095238
Autoimmune Hepatitis,Purinethol,10.0,0.075,16.0,1.0,7.45
Avian Influenza,Oseltamivir,9.0,-0.007883838383838382,15.0,187.0,25.284232323232324
Avian Influenza,Tamiflu,9.0,-0.007883838383838382,15.0,191.0,25.684232323232322
B12 Nutritional Deficiency,Cyanocobalamin,10.0,0.24007068452380953,29.25,12.0,11.53014136904762
B12 Nutritional Deficiency,Vitamin B12,10.0,0.30431547619047616,29.5,8.0,11.308630952380954
Babesiosis,Atovaquone,1.0,0.14910714285714285,2.0,1.0,1.1982142857142857
Babesiosis,Mepron,1.0,0.14910714285714285,2.0,1.0,1.1982142857142857
Back Pain,Acetaminophen / aspirin,8.0,-0.05,9.0,1.0,5.0
Back Pain,Acetaminophen / hydrocodone,8.146153846153846,0.12591495173820763,33.42307692307692,498.0,59.99490682655334
Back Pain,Acetaminophen / pamabrom,9.75,0.12069346271494708,8.875,8.0,6.7163869254298945
Back Pain,Advil,4.0,-0.10833333333333332,10.0,14.0,4.783333333333334
Back Pain,Advil Liqui-Gels,8.0,0.25,28.0,8.0,10.100000000000001
Back Pain,Aleve,7.136363636363637,0.2377485252818686,34.72727272727273,66.0,16.875497050563737
Back Pain,Anaprox,8.0,0.30000000000000004,11.0,3.0,6.3
Back Pain,Ansaid,10.0,0.20625000000000002,11.0,2.0,6.8125
Back Pain,Aspirin,7.6,-0.14666666666666667,16.2,20.0,7.986666666666666
Back Pain,Bayer Aspirin,6.333333333333333,-0.19722222222222222,17.333333333333332,3.0,5.905555555555556
Back Pain,Cataflam,8.8,0.21921428571428572,41.8,21.0,14.41842857142857
Back Pain,Cymbalta,6.894736842105263,0.03770773484167724,41.526315789473685,864.0,97.5385733644202
Back Pain,Diclofenac,7.355555555555555,0.14239790965207633,26.866666666666667,482.0,56.800351374859716
Back Pain,Duloxetine,7.2631578947368425,0.059406725662088336,38.05263157894737,934.0,104.03460292500839
Back Pain,Flurbiprofen,9.666666666666666,0.126746632996633,8.333333333333334,6.0,6.3868265993266
Back Pain,Ibuprofen,7.285714285714286,0.15932539682539684,15.142857142857142,85.0,14.761507936507936
Back Pain,Indocin,6.5,0.15833333333333333,22.0,20.0,9.316666666666666
Back Pain,Indomethacin,7.0,0.04444444444444443,33.0,103.0,19.78888888888889
Back Pain,Ketoprofen,9.0,0.06383928571428571,8.0,15.0,6.827678571428572
Back Pain,Lorcet 10 / 650,8.6,0.27742857142857147,23.7,13.0,10.034857142857144
Back Pain,Lortab,8.592592592592593,0.2774347868434068,22.40740740740741,98.0,18.273388092205334
Back Pain,Motrin,7.0,0.15677083333333333,19.0,8.0,7.713541666666667
Back Pain,Nabumetone,6.0625,-0.003915502899877903,41.125,48.0,15.442168994200244
Back Pain,Naprelan,9.0,0.11730769230769228,20.5,9.0,8.834615384615386
Back Pain,Naprosyn,9.0,0.0,28.0,19.0,11.100000000000001
Back Pain,Naproxen,5.8,0.12583838983787576,22.618181818181817,308.0,37.895313143312116
Back Pain,Norco,8.688888888888888,0.11196607067175249,49.44444444444444,156.0,29.18837658578795
Back Pain,Oruvail,10.0,0.0875,10.0,1.0,6.2749999999999995
Back Pain,Relafen,7.166666666666667,0.12180733618233619,71.83333333333333,17.0,19.176948005698005
Back Pain,Ryzolt,8.5,0.137,20.0,7.0,8.374
Back Pain,Tramadol,6.703703703703703,0.10608758114895454,39.30555555555556,820.0,92.75476775489051
Back Pain,Trolamine salicylate,6.0,0.14930555555555555,9.0,22.0,6.698611111111112
Back Pain,Ultram,8.0625,0.09988549558080809,96.0625,142.0,36.83727099116162
Back Pain,Ultram ER,8.5,-0.12737032312925173,60.0,19.0,17.045259353741496
Back Pain,Ultram ODT,7.0,0.006883116883116878,85.0,9.0,20.713766233766233
Back Pain,Vicodin,6.75,0.06009680134680134,40.0,91.0,19.9201936026936
Back Pain,Vicodin ES,9.0,-0.03072916666666667,29.0,11.0,10.438541666666667
Back Pain,Voltaren,8.785714285714286,0.2511799178004535,30.857142857142858,89.0,19.088074121315195
Back Pain,Xodol,10.0,0.055833333333333346,21.0,1.0,8.411666666666667
Back Pain,Zipsor,7.2,0.06945382395382396,37.8,26.0,13.178907647907648
Bacterial Endocarditis Prevention,Azithromycin,5.0,-0.2708333333333333,0.5,548.0,56.358333333333334
Bacterial Endocarditis Prevention,Cefazolin,1.0,-0.23333333333333334,0.0,1.0,0.033333333333333354
Bacterial Endocarditis Prevention,Cephalexin,8.666666666666666,-0.040493827160493816,4.0,155.0,19.68567901234568
Bacterial Endocarditis Prevention,Clindamycin,9.0,0.0067460317460317455,5.0,385.0,43.11349206349206
Bacterial Endocarditis Prevention,Zithromax,9.0,0.0,0.0,79.0,11.5
Bacterial Infection,Amoxicillin,6.962962962962963,0.011622272603013628,23.59259259259259,115.0,19.026948248909733
Bacterial Infection,Amoxicillin / clavulanate,4.333333333333333,-0.05448047339106367,17.0,321.0,37.12437238655121
Bacterial Infection,Amoxil,10.0,0.49212962962962964,37.0,16.0,13.98425925925926
Bacterial Infection,Augmentin,4.571428571428571,-0.12620347286641928,22.107142857142858,169.0,22.897593054267162
Bacterial Infection,Avelox,5.833333333333333,-0.044950675048331286,12.166666666666666,102.0,14.876765316570005
Bacterial Infection,Azithromycin,5.454545454545454,0.0391291867197407,3.4545454545454546,548.0,57.75098564616676
Bacterial Infection,Azithromycin Dose Pack,10.0,0.0,45.0,28.0,15.8
Bacterial Infection,Bactrim,4.25,0.015007412602278685,14.25,212.0,25.78001482520456
Bacterial Infection,Bactrim DS,4.181818181818182,-0.046449982995881434,14.909090909090908,136.0,18.161645488553695
Bacterial Infection,Bicillin L-A,9.0,0.08666666666666667,0.0,3.0,4.073333333333333
Bacterial Infection,Ceftriaxone,8.625,0.06938663386877672,14.6875,52.0,11.726273267737554
Bacterial Infection,Cefuroxime,4.333333333333333,0.0643097643097643,3.0,53.0,7.761952861952863
Bacterial Infection,Cephalexin,6.365853658536586,-0.007175324957337144,28.853658536585368,155.0,23.802722520817035
Bacterial Infection,Chloramphenicol,5.5,-0.04532758907758909,4.0,2.0,3.1093448218448225
Bacterial Infection,Cipro,5.571428571428571,0.19130952380952385,24.571428571428573,165.0,24.02547619047619
Bacterial Infection,Ciprofloxacin,6.458333333333333,0.11550359032501889,21.125,361.0,43.13934051398337
Bacterial Infection,Cleocin,5.2,0.1538270757020757,43.0,11.0,12.08765415140415
Bacterial Infection,Cleocin HCl,8.0,-0.10992063492063493,35.0,3.0,10.280158730158732
Bacterial Infection,Clindamycin,5.661904761904762,-0.038686086490551136,26.7,385.0,46.0273897317808
Bacterial Infection,Doxy 100,8.0,0.17375,6.5,14.0,6.2475000000000005
Bacterial Infection,Doxycycline,5.74,0.0007898902288188092,39.68,627.0,72.93357978045765
Bacterial Infection,Flagyl,6.7534246575342465,-0.03552717742986513,20.068493150684933,141.0,20.744014138290957
Bacterial Infection,Flagyl IV,7.0,0.06354166666666668,5.0,1.0,4.027083333333334
Bacterial Infection,Keflex,7.75,0.029425955988455987,45.25,34.0,15.608851911976913
Bacterial Infection,Levaquin,5.923076923076923,-0.144980944980945,21.923076923076923,202.0,26.663884263884267
Bacterial Infection,Levofloxacin,5.08,-0.14953241141574475,15.72,327.0,37.576935177168515
Bacterial Infection,Lincocin,10.0,0.8,2.0,1.0,6.1
Bacterial Infection,Lincomycin,10.0,0.8,2.0,1.0,6.1
Bacterial Infection,Linezolid,6.0,-0.22812500000000002,1.0,16.0,3.7437500000000004
Bacterial Infection,Metronidazole,6.447115384615385,-0.077059649976834,12.58173076923077,922.0,97.14107300773864
Bacterial Infection,Minocycline,1.0,-0.14444444444444446,7.0,257.0,27.211111111111116
Bacterial Infection,Moxifloxacin,5.411764705882353,-0.02766751331943033,9.764705882352942,126.0,16.662312032184673
Bacterial Infection,Penicillin VK,7.0,0.21956439393939392,39.5,5.0,11.63912878787879
Bacterial Infection,Penicillin g benzathine,9.0,0.08666666666666667,0.0,3.0,4.073333333333333
Bacterial Infection,Penicillin v potassium,9.25,0.05909090909090907,24.5,12.0,9.918181818181818
Bacterial Infection,Rocephin,8.538461538461538,0.11844173947745376,13.153846153846153,52.0,11.483037325108754
Bacterial Infection,Septra,5.0,-0.05499999999999997,14.5,11.0,5.890000000000001
Bacterial Infection,Septra DS,4.0,-0.075,1.0,19.0,3.5500000000000003
Bacterial Infection,Sulfamethoxazole / trimethoprim,3.96875,0.03115574169744179,13.0625,527.0,56.962311483394885
Bacterial Infection,Vancomycin,7.4,-0.1577628968253968,25.6,18.0,9.564474206349209
Bacterial Infection,Vibramycin,8.0,0.24171626984126984,125.0,4.0,29.083432539682537
Bacterial Infection,Zithromax,5.0,0.28214285714285714,1.0,79.0,10.664285714285715
Bacterial Infection,Zyvox,10.0,0.06901785714285714,8.0,17.0,7.438035714285715
Bacterial Skin Infection,A + D Cracked Skin Relief,10.0,0.2847222222222222,6.0,1.0,5.8694444444444445
Bacterial Skin Infection,Bacitracin,1.0,0.15555555555555556,8.0,1.0,2.4111111111111114
Bacterial Skin Infection,Bacitracin / neomycin / polymyxin b,6.5,0.005208333333333329,18.5,4.0,6.710416666666667
Bacterial Skin Infection,Bacitracin / neomycin / polymyxin b / pramoxine,10.0,0.0,0.0,1.0,4.1
Bacterial Skin Infection,Bacitracin / polymyxin b,10.0,1.0,12.0,2.0,8.6
Bacterial Skin Infection,Bactrim,6.575757575757576,0.013074799302074398,51.21212121212121,212.0,34.09887687133143
Bacterial Skin Infection,Bactrim DS,4.555555555555555,-0.01874397203700036,21.0,136.0,19.584734278148222
Bacterial Skin Infection,Benzalkonium chloride / lidocaine,10.0,0.2847222222222222,6.0,1.0,5.8694444444444445
Bacterial Skin Infection,Co-trimoxazole,8.0,-0.16666666666666666,14.0,1.0,5.766666666666667
Bacterial Skin Infection,Polysporin First Aid Antibiotic Ointment,10.0,1.0,12.0,2.0,8.6
Bacterial Skin Infection,Septra,10.0,0.0,28.0,11.0,10.700000000000001
Bacterial Skin Infection,Septra DS,5.5,-0.15,6.5,19.0,5.1000000000000005
Bacterial Skin Infection,Sulfamethoxazole / trimethoprim,5.487804878048781,-0.0364432796355532,28.5609756097561,527.0,60.53443051389963
Bacterial Skin Infection,Triple Antibiotic,10.0,-0.11458333333333333,0.0,1.0,3.8708333333333336
Bacterial Vaginitis,Cleocin Ovules,9.5,0.30416666666666664,13.5,2.0,7.308333333333334
Bacterial Vaginitis,Clindamax,5.5,-0.3499999999999999,9.0,2.0,3.500000000000001
Bacterial Vaginitis,Clindamycin,6.35,0.08937348502192252,16.725,385.0,44.563746970043844
Bacterial Vaginitis,Clindesse,7.333333333333333,0.08757233796296297,12.666666666666666,6.0,6.241811342592593
Bacterial Vaginitis,Flagyl,10.0,-0.7899999999999999,9.0,141.0,18.32
Bacterial Vaginitis,Flagyl ER,7.75,0.31875,20.0,4.0,8.1375
Bacterial Vaginitis,MetroGel-Vaginal,6.380952380952381,0.03175041074445837,31.714285714285715,21.0,11.058738916727012
Bacterial Vaginitis,Metronidazole,7.0471464019851116,-0.03453535404624982,11.90818858560794,922.0,97.33142556982314
Bacterial Vaginitis,Nuvessa,6.0,0.026041666666666664,2.0,1.0,2.952083333333334
Bacterial Vaginitis,Tindamax,6.7,0.08706968031968032,19.8,13.0,8.114139360639362
Bacterial Vaginitis,Tinidazole,7.382352941176471,0.013516097135888812,15.147058823529411,39.0,9.909385135448249
Bacterial Vaginitis,Vandazole,5.5,0.21749007936507936,22.0,2.0,7.234980158730159
Barrett's Esophagus,Aciphex,8.0,0.5,21.0,33.0,11.700000000000001
Barrett's Esophagus,Dexilant,9.444444444444445,0.11413231187536743,21.88888888888889,81.0,16.483820179306292
Barrett's Esophagus,Dexlansoprazole,8.76923076923077,0.12710304741554743,26.846153846153847,109.0,20.031129171754174
Barrett's Esophagus,Esomeprazole,8.714285714285714,-0.09808726615646257,32.357142857142854,94.0,19.16096832482993
Barrett's Esophagus,Kapidex,8.0,0.04808531746031748,12.8,20.0,7.856170634920636
Barrett's Esophagus,Lansoprazole,10.0,-0.275,18.5,55.0,12.65
Barrett's Esophagus,Nexium,8.538461538461538,-0.1459712683150183,35.84615384615385,80.0,18.29267284798535
Barrett's Esophagus,Omeprazole,9.8,-0.18819444444444447,24.2,90.0,17.38361111111111
Barrett's Esophagus,Pantoprazole,8.333333333333334,0.03818001443001443,41.333333333333336,94.0,21.07636002886003
Barrett's Esophagus,Prilosec,10.0,-0.5,45.0,23.0,14.3
Barrett's Esophagus,Protonix,10.0,0.1782051282051282,82.0,35.0,24.25641025641026
Barrett's Esophagus,Protonix IV,10.0,0.010714285714285716,28.0,3.0,9.921428571428573
Barrett's Esophagus,Rabeprazole,8.5,0.3778846153846154,23.5,38.0,12.65576923076923
Bartonellosis,Rifampin,10.0,-0.00958333333333332,7.0,7.0,6.0808333333333335
Basal Cell Carcinoma,Aldara,5.875,-0.20225378787878787,42.125,27.0,13.070492424242424
Basal Cell Carcinoma,Carac,5.0,-0.1402462121212121,12.5,15.0,5.719507575757576
Basal Cell Carcinoma,Efudex,8.333333333333334,-0.16186989722937437,66.33333333333333,23.0,18.576260205541253
Basal Cell Carcinoma,Fluorouracil,8.0,-0.06774989692846835,40.9,63.0,17.544500206143063
Basal Cell Carcinoma,Imiquimod,7.387096774193548,-0.026538300573452606,31.419354838709676,150.0,24.185633076272453
Behcet's Disease,Adalimumab,9.0,0.24614583333333334,3.0,295.0,34.19229166666667
Behcet's Disease,Colchicine,8.0,-0.0020833333333333346,3.5,45.0,8.395833333333334
Behcet's Disease,Enbrel,4.0,-0.034027777777777775,11.0,144.0,18.131944444444446
Behcet's Disease,Etanercept,6.0,0.05798611111111111,5.5,152.0,18.815972222222225
Behcet's Disease,Humira,9.0,0.24614583333333334,3.0,295.0,34.19229166666667
Behcet's Disease,Infliximab,9.5,0.26904761904761904,12.0,109.0,17.63809523809524
Behcet's Disease,Remicade,9.0,0.25,18.0,104.0,18.1
Benign Essential Trem,Gabapentin,7.0,0.07921593409499215,36.5,1047.0,114.95843186818999
Benign Essential Trem,Inderal,8.222222222222221,0.09430091513424849,73.66666666666667,44.0,22.61082405249072
Benign Essential Trem,Metoprolol,7.333333333333333,0.02453703703703704,44.0,215.0,33.282407407407405
Benign Essential Trem,Mysoline,7.0,0.17500000000000002,82.0,6.0,20.150000000000006
Benign Essential Trem,Nadolol,9.666666666666666,0.09112433862433862,9.666666666666666,20.0,7.982248677248678
Benign Essential Trem,Neurontin,5.0,0.025,39.5,140.0,23.95
Benign Essential Trem,Primidone,5.878787878787879,0.04212254809473709,40.27272727272727,41.0,14.590305702250081
Benign Essential Trem,Propranolol,6.931034482758621,0.0430039165815028,36.172413793103445,467.0,56.792904384887144
Benign Essential Trem,Zonegran,1.0,0.0,3.0,28.0,3.8000000000000003
Benign Essential Trem,Zonisamide,10.0,0.6124999999999999,13.0,53.0,13.125
Benign Prostatic Hyperplasia,Alfuzosin,5.571428571428571,0.0687107913030532,39.05714285714286,36.0,13.777421582606106
Benign Prostatic Hyperplasia,Avodart,7.368421052631579,0.051617616823443895,79.84210526315789,19.0,20.919024707331097
Benign Prostatic Hyperplasia,Cardura,8.666666666666666,0.26691919191919194,71.0,3.0,18.50050505050505
Benign Prostatic Hyperplasia,Cardura XL,6.0,0.1521103896103896,36.0,2.0,10.104220779220778
Benign Prostatic Hyperplasia,Cialis,7.9,0.1479380704943205,81.25,279.0,47.60587614098864
Benign Prostatic Hyperplasia,Doxazosin,7.538461538461538,0.0972258991008991,39.15384615384615,24.0,13.440605644355646
Benign Prostatic Hyperplasia,Dutasteride,7.9523809523809526,0.042934079620304114,82.04761904761905,21.0,21.7763443497168
Benign Prostatic Hyperplasia,Dutasteride / tamsulosin,6.75,-0.015996948653198645,35.916666666666664,12.0,11.051339436026936
Benign Prostatic Hyperplasia,Finasteride,5.142857142857143,0.04616619425547998,66.04761904761905,59.0,21.25899905517763
Benign Prostatic Hyperplasia,Flomax,5.190476190476191,0.08491106941999799,83.98412698412699,117.0,30.742838011855874
Benign Prostatic Hyperplasia,Hytrin,7.0,0.07753439153439154,40.111111111111114,11.0,12.077291005291007
Benign Prostatic Hyperplasia,Jalyn,6.0,-0.0397089947089947,43.166666666666664,13.0,12.253915343915345
Benign Prostatic Hyperplasia,Minipress,7.0,0.35291666666666666,43.0,7.0,12.805833333333332
Benign Prostatic Hyperplasia,Prazosin,3.5,0.1875,10.5,69.0,10.775
Benign Prostatic Hyperplasia,Proscar,6.0,-0.10297619047619047,161.5,2.0,34.69404761904762
Benign Prostatic Hyperplasia,Rapaflo,6.419354838709677,0.046177991136393655,45.516129032258064,62.0,17.963323724208273
Benign Prostatic Hyperplasia,Saw palmetto,6.5,0.0038541666666666724,39.0,5.0,10.907708333333334
Benign Prostatic Hyperplasia,Silodosin,5.857142857142857,0.04660728206287263,37.96825396825397,63.0,16.329722500633682
Benign Prostatic Hyperplasia,Tadalafil,7.871794871794871,0.12150394094865248,68.74358974358974,318.0,48.9404437793332
Benign Prostatic Hyperplasia,Tamsulosin,5.731481481481482,0.0454308382375512,52.342592592592595,181.0,30.951972787586215
Benign Prostatic Hyperplasia,Terazosin,7.1875,0.01910268088393089,30.0625,24.0,11.325705361767863
Benign Prostatic Hyperplasia,Uroxatral,5.823529411764706,0.0689113473672297,60.35294117647059,17.0,16.237822694734458
Benzodiazepine Withdrawal,Catapres,7.0,0.0,77.0,33.0,21.5
Benzodiazepine Withdrawal,Clonazepam,6.090909090909091,0.08622074684574686,26.454545454545453,831.0,90.99971422096422
Benzodiazepine Withdrawal,Clonidine,3.6666666666666665,0.05619658119658119,28.333333333333332,315.0,38.745726495726494
Benzodiazepine Withdrawal,Klonopin,9.0,0.33416666666666667,32.0,432.0,53.86833333333334
Biliary Cirrhosis,Urso,10.0,0.1392857142857143,62.5,2.0,16.978571428571428
Biliary Cirrhosis,Urso Forte,10.0,-0.07692307692307693,37.0,1.0,11.346153846153847
Biliary Cirrhosis,Ursodiol,9.333333333333334,0.058882783882783875,26.666666666666668,4.0,9.584432234432237
Binge Eating Disorde,Fluoxetine,9.666666666666666,0.1357754128587462,21.666666666666668,766.0,85.07155082571751
Binge Eating Disorde,Lisdexamfetamine,7.257142857142857,0.10047906454595382,30.02857142857143,461.0,55.20952955766334
Binge Eating Disorde,Vyvanse,7.764705882352941,0.09229247766011314,33.470588235294116,434.0,53.384584955320236
Bipolar Disorde,Abilify,6.173333333333333,0.0999884313750285,26.52,446.0,52.57331019608339
Bipolar Disorde,Abilify Discmelt,8.0,0.22272727272727275,8.0,2.0,5.445454545454546
Bipolar Disorde,Aripiprazole,5.74251497005988,0.09052048568505985,22.808383233532933,500.0,57.03972360610066
Bipolar Disorde,Armodafinil,9.555555555555555,0.19941856754356754,36.888888888888886,206.0,32.19883713508713
Bipolar Disorde,Asenapine,7.374100719424461,0.06944616206743842,29.14388489208633,194.0,28.31730959032193
Bipolar Disorde,Budeprion XL,7.0,-0.12844387755102044,26.5,19.0,9.74311224489796
Bipolar Disorde,Bupropion,6.65625,0.022010290642173084,28.28125,1022.0,110.56277058128435
Bipolar Disorde,Carbamazepine,6.39622641509434,0.10485612127340564,25.547169811320753,163.0,24.1776367708487
Bipolar Disorde,Carbatrol,2.0,-0.2916666666666667,16.0,10.0,4.416666666666667
Bipolar Disorde,Cariprazine,6.703703703703703,0.08182935465159993,19.055555555555557,63.0,12.956251301895794
Bipolar Disorde,Catapres,5.666666666666667,-0.125,7.666666666666667,33.0,6.850000000000001
Bipolar Disorde,Celexa,5.0,0.15729166666666666,52.0,491.0,61.81458333333333
Bipolar Disorde,Citalopram,7.857142857142857,0.129955673294959,17.0,995.0,106.30276848944706
Bipolar Disorde,Clonazepam,8.36,0.15469698568044157,33.44,831.0,93.4413939713609
Bipolar Disorde,Clonidine,7.0,-0.0636984126984127,14.2,315.0,37.01260317460317
Bipolar Disorde,Cymbalta,6.95,0.07639319460301602,27.9,864.0,94.91278638920603
Bipolar Disorde,Depakene,5.0,0.1295301870748299,17.5,7.0,6.459060374149661
Bipolar Disorde,Depakote,6.064516129032258,0.08357340008707806,44.60215053763441,153.0,26.813383359313942
Bipolar Disorde,Depakote ER,7.3,0.09555732392607394,13.65,47.0,10.541114647852147
Bipolar Disorde,Desvenlafaxine,7.714285714285714,0.10458650755246736,12.714285714285714,582.0,64.03774444367636
Bipolar Disorde,Divalproex sodium,6.267175572519084,0.08863324431225597,34.70992366412214,235.0,33.12612145045657
Bipolar Disorde,Duloxetine,6.454545454545454,0.0730631096433192,26.545454545454547,934.0,101.43703531019574
Bipolar Disorde,Effexor,8.0,0.08928525178525179,27.923076923076923,265.0,35.46318588818589
Bipolar Disorde,Effexor XR,6.545454545454546,0.24113967156580793,22.0,399.0,47.400461161313444
Bipolar Disorde,Epitol,7.888888888888889,0.13124632569077013,17.11111111111111,16.0,8.440270429159318
Bipolar Disorde,Equetro,7.0,-0.1392857142857143,12.0,2.0,5.121428571428573
Bipolar Disorde,Escitalopram,6.931034482758621,0.1521266739233271,24.0,1292.0,137.07666714095012
Bipolar Disorde,Eskalith,9.5,0.125,36.5,4.0,11.750000000000002
Bipolar Disorde,Eskalith-CR,10.0,0.15414351851851849,37.5,2.0,12.008287037037036
Bipolar Disorde,Fanapt,5.5,-0.03968055555555555,27.0,16.0,9.12063888888889
Bipolar Disorde,Fluoxetine / olanzapine,8.318181818181818,0.14534213129578546,27.818181818181817,40.0,13.181593353500663
Bipolar Disorde,Gabapentin,8.515625,0.13367417729323552,52.796875,1047.0,118.93297335458648
Bipolar Disorde,Geodon,5.724770642201835,0.03478816208227002,26.844036697247706,165.0,24.228291920494815
Bipolar Disorde,Iloperidone,8.5,0.06267536075036076,11.8,23.0,8.185350721500722
Bipolar Disorde,Invega,7.25,0.06690340909090911,45.25,54.0,17.48380681818182
Bipolar Disorde,Keppra,6.0,0.0,6.0,117.0,15.3
Bipolar Disorde,Klonopin,8.68421052631579,0.16401876526657228,42.89473684210526,432.0,55.58066910948052
Bipolar Disorde,Klonopin Wafer,10.0,0.02847222222222221,15.0,12.0,8.256944444444445
Bipolar Disorde,Lamictal,8.28,0.11847839499016292,55.653333333333336,339.0,48.57962345664699
Bipolar Disorde,Lamictal ODT,9.0,0.22098207502374168,11.0,3.0,6.541964150047484
Bipolar Disorde,Lamotrigine,8.286764705882353,0.11654188986208519,45.34068627450981,591.0,71.71592691697907
Bipolar Disorde,Latuda,6.822222222222222,0.07979151301717187,45.95185185185185,330.0,45.078842285293604
Bipolar Disorde,Levetiracetam,7.4,0.054170544733044744,10.4,174.0,22.548341089466092
Bipolar Disorde,Lexapro,6.894736842105263,0.17881660063458307,32.78947368421053,952.0,104.87342267495337
Bipolar Disorde,Lithium,7.6911764705882355,0.09402643272861158,36.61764705882353,173.0,27.888052865457226
Bipolar Disorde,Lithobid,7.4,0.07999869729036395,34.2,11.0,11.059997394580728
Bipolar Disorde,Lurasidone,6.759717314487633,0.07576538013416297,43.06007067137809,352.0,46.667431820339004
Bipolar Disorde,Neurontin,8.666666666666666,0.016104497354497375,88.5,140.0,35.19887566137566
Bipolar Disorde,Nuvigil,9.666666666666666,0.15442912621889895,41.833333333333336,169.0,29.442191585771134
Bipolar Disorde,Olanzapine,6.5504587155963305,0.09752190490412012,27.91743119266055,278.0,36.198713534578886
Bipolar Disorde,Oxcarbazepine,8.012820512820513,0.14489908112148198,37.94871794871795,133.0,24.38466995711476
Bipolar Disorde,Paliperidone,6.933333333333334,0.08697119341563786,22.4,104.0,17.827275720164607
Bipolar Disorde,Perphenazine,7.4,0.1500111111111111,16.4,11.0,7.640022222222223
Bipolar Disorde,Pristiq,8.166666666666666,0.24494042608625943,20.166666666666668,548.0,62.58988085217253
Bipolar Disorde,Quetiapine,7.241721854304636,0.08653075429778273,26.205298013245034,831.0,91.41080985296644
Bipolar Disorde,Risperdal,7.0,0.11487617708247791,44.90243902439025,116.0,23.61024015904301
Bipolar Disorde,Risperdal Consta,4.0,0.06985987103174603,9.5,6.0,4.2397197420634924
Bipolar Disorde,Risperdal M-Tab,5.5,0.09299768518518518,24.0,4.0,7.585995370370371
Bipolar Disorde,Risperidone,6.408450704225352,0.08950551311312324,28.239436619718308,240.0,32.39027863186005
Bipolar Disorde,Saphris,7.053030303030303,0.06571598885267226,28.583333333333332,181.0,26.769310765584134
Bipolar Disorde,Seroquel,7.141414141414141,0.08812973363468501,32.93434343434343,334.0,43.019693810703714
Bipolar Disorde,Seroquel XR,7.725806451612903,0.12610882962221728,23.725806451612904,126.0,20.687701530212177
Bipolar Disorde,Sertraline,7.433333333333334,0.11990580321902092,14.233333333333333,1360.0,142.05981160643805
Bipolar Disorde,Symbyax,8.227272727272727,0.1017265675665854,30.318181818181817,37.0,13.257998589678625
Bipolar Disorde,Tegretol,7.607142857142857,0.16525805807948665,50.357142857142854,77.0,21.14480183044469
Bipolar Disorde,Tegretol XR,5.666666666666667,0.20925925925925926,9.666666666666666,16.0,6.218518518518518
Bipolar Disorde,Tiagabine,10.0,0.0,9.0,3.0,6.1
Bipolar Disorde,Topamax,6.967741935483871,0.07934968759382248,75.58064516129032,340.0,52.06192518163926
Bipolar Disorde,Topiramate,7.82089552238806,0.08598653240026326,56.80597014925373,606.0,75.2615253036065
Bipolar Disorde,Trilafon,9.0,0.0,13.0,4.0,6.6000000000000005
Bipolar Disorde,Trileptal,8.608695652173912,0.2375186367577672,71.17391304347827,46.0,22.753298143080755
Bipolar Disorde,Valproic acid,6.666666666666667,0.04714663643235072,14.666666666666666,16.0,7.294293272864701
Bipolar Disorde,Venlafaxine,6.864864864864865,0.08568194827386004,22.135135135135137,1016.0,108.9443368695207
Bipolar Disorde,Vraylar,6.333333333333333,0.09481216360098936,19.285714285714285,53.0,11.88010051767817
Bipolar Disorde,Wellbutrin,6.0,0.0732900432900433,41.8,281.0,39.00658008658009
Bipolar Disorde,Wellbutrin XL,8.333333333333334,-0.11601851851851853,28.666666666666668,202.0,29.034629629629634
Bipolar Disorde,Ziprasidone,5.350877192982456,0.04032780279009282,23.403508771929825,178.0,24.701708237159135
Bipolar Disorde,Zoloft,7.625,0.29288020833333334,18.0,805.0,87.73576041666666
Bipolar Disorde,Zyprexa,6.563380281690141,0.05026208390212206,37.15492957746479,167.0,26.856862195973257
Bipolar Disorde,Zyprexa Zydis,8.0,0.057874999999999996,17.4,12.0,7.99575
Birth Control,Alesse,5.434782608695652,0.03813315080613076,8.521739130434783,109.0,14.85452717117748
Birth Control,Altavera,6.428571428571429,0.012222836356764926,3.7142857142857144,7.0,4.0387313869992445
Birth Control,Alyacen 1 / 35,4.666666666666667,0.11708164747380434,2.0,7.0,3.2008299616142755
Birth Control,Amethia,6.625,0.02708412688952462,2.0,8.0,3.9041682537790496
Birth Control,Amethia Lo,2.0,0.075,2.0,2.0,1.55
Birth Control,Amethyst,1.0,-0.06666666666666667,2.0,1.0,0.7666666666666667
Birth Control,Apri,5.552380952380952,0.01913593776781333,6.419047619047619,218.0,25.34303378029753
Birth Control,Ashlyna,4.133333333333334,0.03997302388969056,1.6666666666666667,15.0,3.566612714446048
Birth Control,Aubra,5.628205128205129,-0.0058494673799883296,3.141025641025641,78.0,10.667788244727204
Birth Control,Aviane,6.616438356164384,0.041595868514898736,8.127853881278538,249.0,29.25533785575126
Birth Control,Azurette,6.75,-0.004302656191545085,4.916666666666667,12.0,4.8747280209502435
Birth Control,Balziva,4.333333333333333,-0.015857796717171704,0.6666666666666666,4.0,2.2349510732323234
Birth Control,Beyaz,7.0,0.07327486581952548,12.508474576271187,94.0,14.848244646893288
Birth Control,Blisovi 24 Fe,3.1123595505617976,-0.02509305270003201,4.674157303370786,90.0,11.129589175498813
Birth Control,Blisovi Fe 1 / 20,3.4693877551020407,-0.04088357060369627,2.0,50.0,6.705987960833424
Birth Control,Blisovi Fe 1.5 / 30,6.0,0.17664742664742664,3.3333333333333335,3.0,3.7199615199615206
Birth Control,Briellyn,4.0,0.01727272727272727,5.0,1.0,2.734545454545455
Birth Control,Camila,4.615384615384615,0.003824576014688894,12.73076923076923,31.0,7.4999568443370705
Birth Control,Camrese,5.192982456140351,0.003648788898452703,5.0701754385964914,57.0,8.798525647972344
Birth Control,CamreseLo,6.25,0.10022241489571035,1.5,5.0,3.5004448297914204
Birth Control,Caziant,7.0,0.29047619047619044,0.0,1.0,3.4809523809523815
Birth Control,Chateal,6.135922330097087,0.051762403533205596,5.407766990291262,113.0,14.9394471371635
Birth Control,Copper,7.235197368421052,0.0475181202451088,7.713815789473684,608.0,65.33187834575338
Birth Control,Cryselle,5.883116883116883,-0.002396458487026528,9.584415584415584,94.0,13.665336953155817
Birth Control,Cyclafem 1 / 35,6.333333333333333,-0.02268869248035914,0.6666666666666666,7.0,3.3212892817059485
Birth Control,Cyclessa,4.6,-0.013745535714285707,3.2,5.0,2.9525089285714285
Birth Control,Cyred,6.6,0.06276704545454545,1.8,5.0,3.625534090909091
Birth Control,Dasetta 1 / 35,3.0,-0.009722222222222222,3.0,1.0,1.880555555555556
Birth Control,Depo-Provera,5.446764091858038,0.03914100881054721,8.281837160751566,882.0,92.11335508651463
Birth Control,Depo-Provera Contraceptive,5.25,0.4553571428571429,3.0,4.0,4.010714285714286
Birth Control,Desogen,6.529411764705882,0.033198490643343584,6.411764705882353,22.0,6.160514628345511
Birth Control,Desogestrel / ethinyl estradiol,5.665346534653465,0.018968006973396564,5.847524752475247,522.0,55.67357957830323
Birth Control,Dienogest / estradiol,6.625,0.12231580189541501,6.541666666666667,32.0,7.402964937124164
Birth Control,Drospirenone / ethinyl estradiol,5.91726618705036,0.03580773923028972,8.18705035971223,890.0,93.07593202522317
Birth Control,Drospirenone / ethinyl estradiol / levomefolate calcium,6.314516129032258,0.03610474236805884,10.096774193548388,153.0,19.9173707750587
Birth Control,Elinest,10.0,0.11375000000000002,3.5,2.0,5.1275
Birth Control,Enskyce,1.0,-0.06408641975308642,0.6666666666666666,4.0,0.8051604938271605
Birth Control,Errin,5.0,0.028312218125209686,9.565217391304348,28.0,6.76966791451129
Birth Control,Estarylla,3.4444444444444446,-0.05763344328013042,4.857142857142857,82.0,10.433939462646089
Birth Control,Ethinyl estradiol / ethynodiol,5.909090909090909,0.012601952971271169,4.848484848484849,34.0,6.758537239275876
Birth Control,Ethinyl estradiol / etonogestrel,6.632329635499207,0.0742615690908338,8.8716323296355,635.0,68.07578145830846
Birth Control,Ethinyl estradiol / folic acid / levonorgestrel,5.0,0.1269088319088319,2.0,3.0,2.953817663817664
Birth Control,Ethinyl estradiol / levonorgestrel,5.898749255509232,0.032489588049861164,7.047647409172126,1888.0,192.63400836013784
Birth Control,Ethinyl estradiol / norelgestromin,6.705882352941177,0.03841680989538443,9.163101604278076,374.0,41.99180688182285
Birth Control,Ethinyl estradiol / norethindrone,5.6590069757899055,0.02024711458964472,7.458350430857612,2850.0,288.79576710566676
Birth Control,Ethinyl estradiol / norgestimate,5.954927884615385,0.02892759690740519,8.173076923076923,2117.0,215.77444173227636
Birth Control,Ethinyl estradiol / norgestrel,5.829268292682927,0.005043219572795736,8.390243902439025,146.0,18.619842536706567
Birth Control,Etonogestrel,5.806248122559327,0.045057207313236584,6.5830579753679785,3336.0,337.3292252587238
Birth Control,Falmina,4.916666666666667,-0.038521489336349614,4.791666666666667,28.0,5.647957021327301
Birth Control,Femcon Fe,8.166666666666666,-0.019484126984126982,4.833333333333333,8.0,4.994365079365079
Birth Control,Generess Fe,6.884615384615385,0.06937009949441456,9.961538461538462,106.0,15.484894045142678
Birth Control,Gianvi,6.223684210526316,0.06945153150291446,7.815789473684211,133.0,17.491534641953198
Birth Control,Gildess 1 / 20,4.333333333333333,-0.2866933760683761,0.0,3.0,1.4599465811965813
Birth Control,Gildess 1.5 / 30,5.5,0.04626705653021444,0.0,2.0,2.492534113060429
Birth Control,Gildess 24 Fe,4.0,-0.12224747474747474,0.5,2.0,1.6555050505050506
Birth Control,Gildess Fe 1 / 20,4.588235294117647,-0.020174815239389944,6.163398692810458,175.0,20.52762422573037
Birth Control,Gildess Fe 1.5 / 30,4.888888888888889,-0.011400586258633645,8.666666666666666,24.0,6.066087716371622
Birth Control,Heather,9.75,0.18964285714285714,18.25,5.0,8.429285714285715
Birth Control,Implanon,6.073059360730594,0.06270806869450027,7.989954337899543,1102.0,114.35263074926115
Birth Control,Introvale,8.0,0.10111111111111111,5.5,2.0,4.702222222222223
Birth Control,Jencycla,1.0,0.09200000000000001,8.0,1.0,2.2840000000000003
Birth Control,Jolessa,5.619047619047619,0.05456101975277614,6.619047619047619,80.0,11.680550610934123
Birth Control,Jolivette,5.701754385964913,0.036986692153449116,13.263157894736842,64.0,11.407306717640232
Birth Control,Juleber,6.0,0.0016369047619047526,3.5,2.0,3.30327380952381
Birth Control,Junel 1 / 20,6.666666666666667,0.08084227693602694,0.8333333333333334,6.0,3.5950178872053873
Birth Control,Junel 1.5 / 30,5.5,-0.05380140692640692,1.5,5.0,2.8923971861471864
Birth Control,Junel Fe 1 / 20,5.436781609195402,0.004008666906773972,10.017241379310345,220.0,26.18617825335378
Birth Control,Junel Fe 1.5 / 30,5.590909090909091,0.09321668046810094,2.3181818181818183,26.0,5.486433360936202
Birth Control,Junel Fe 24,7.666666666666667,0.17508207070707074,0.6666666666666666,3.0,3.850164141414142
Birth Control,Kariva,5.963636363636364,0.043339796923349556,7.927272727272728,58.0,9.857588684755791
Birth Control,Kyleena,7.4635761589403975,0.024176877968096328,2.2913907284768213,151.0,18.592062365207717
Birth Control,Larin 24 Fe,1.0,-0.08472222222222221,2.0,1.0,0.7305555555555556
Birth Control,Larin Fe 1 / 20,3.3333333333333335,-0.0723540965207632,4.0,4.0,2.3886251402918073
Birth Control,Larissia,4.0,0.10859375000000002,1.0,1.0,2.1171875000000004
Birth Control,Lessina,4.777777777777778,-0.02118764677588208,3.3333333333333335,10.0,3.535402484226014
Birth Control,Levlen,5.0,0.07513950892857144,8.375,13.0,5.125279017857142
Birth Control,Levonorgestrel,7.044083526682135,0.02078677108513646,7.784222737819025,3657.0,370.11605150040697
Birth Control,Levora,6.6947368421052635,0.03503887332219537,7.852631578947369,122.0,16.51849879927597
Birth Control,Liletta,5.952153110047847,-0.011664475658890464,3.727272727272727,209.0,24.002986838155906
Birth Control,Lillow,5.0,-0.002083333333333335,0.0,1.0,2.095833333333333
Birth Control,Lo / Ovral,4.125,0.0251686507936508,6.0,8.0,3.700337301587302
Birth Control,Lo / Ovral-28,5.8,0.0125,4.4,7.0,3.925
Birth Control,Lo Loestrin Fe,6.053973013493254,0.03511417476080597,10.089955022488756,680.0,72.50980855941667
Birth Control,LoSeasonique,5.435897435897436,0.03412740275985218,5.461538461538462,73.0,10.634921472186372
Birth Control,Loestrin 21 1 / 20,5.0,0.1564158860394656,5.636363636363637,16.0,5.040104499351658
Birth Control,Loestrin 21 1.5 / 30,3.0,-0.14583333333333334,2.0,1.0,1.4083333333333337
Birth Control,Loestrin 24 Fe,6.521739130434782,0.06004714086694951,8.757246376811594,486.0,53.08023920927013
Birth Control,Loestrin Fe 1 / 20,7.0,0.07469373219373221,1.5,8.0,4.049387464387465
Birth Control,Loestrin Fe 1.5 / 30,8.0,0.015625000000000014,0.0,1.0,3.3312500000000003
Birth Control,Lomedia 24 Fe,5.0,0.19613095238095238,0.0,1.0,2.492261904761905
Birth Control,Loryna,5.666666666666667,0.016950868434591742,3.388888888888889,43.0,7.278346181313628
Birth Control,Lutera,6.584615384615384,0.025041488664344403,9.702564102564102,205.0,25.124441951687665
Birth Control,Lybrel,7.888888888888889,0.03319435258671371,28.11111111111111,10.0,9.844166482951206
Birth Control,Lyza,6.340909090909091,0.018381856123160137,8.954545454545455,49.0,9.264036439519048
Birth Control,Marlissa,5.5,-0.013174237708551426,3.3333333333333335,6.0,3.4403181912495637
Birth Control,Medroxyprogesterone,5.452471482889734,0.03464724706067113,7.986692015209125,995.0,103.34762149031906
Birth Control,Mestranol / norethindrone,5.0,-0.11518282312925168,0.5,6.0,2.4696343537414966
Birth Control,Mibelas 24 Fe,1.0,-0.07299968671679198,0.5,4.0,0.7540006265664161
Birth Control,Microgestin 1 / 20,6.964285714285714,0.06527015168573612,7.0,38.0,8.11625458908576
Birth Control,Microgestin 1.5 / 30,8.0,0.012499999999999997,0.0,2.0,3.4250000000000003
Birth Control,Microgestin Fe 1 / 20,5.74922600619195,0.0226225149977663,7.733746130030959,392.0,43.091684658478506
Birth Control,Microgestin Fe 1.5 / 30,6.309523809523809,0.05742990078727499,5.214285714285714,57.0,9.381526468241216
Birth Control,Minastrin 24 Fe,5.108974358974359,-0.004323750133830258,8.448717948717949,157.0,19.424685833065674
Birth Control,Mircette,4.0,-0.15052884615384615,4.2,6.0,2.7389423076923083
Birth Control,Mirena,6.957512953367876,0.049007508054297905,14.568911917098445,1242.0,129.99480258087544
Birth Control,Mono-Linyah,6.333333333333333,-0.015903005999732187,8.333333333333334,6.0,4.768193988000535
Birth Control,Mononessa,6.2772277227722775,0.025408142225956002,8.485148514851485,129.0,17.15873707653112
Birth Control,Natazia,6.758620689655173,0.10506508563959303,7.448275862068965,35.0,7.903233619555048
Birth Control,Necon 1 / 35,6.357142857142857,0.07280651516142587,11.857142857142858,24.0,7.459898744608566
Birth Control,Necon 1 / 50,2.6666666666666665,-0.11293934240362812,0.3333333333333333,6.0,1.5074546485260771
Birth Control,Necon 7 / 7 / 7,1.0,0.07247186147186149,0.0,2.0,0.744943722943723
Birth Control,Nexplanon,5.679851093531875,0.03352734159435107,5.9669613773848305,2156.0,219.13238739607843
Birth Control,Nikki,4.2,0.13351851851851854,3.0,5.0,3.0470370370370374
Birth Control,Nora-Be,5.173076923076923,-0.004537671726495735,14.442307692307692,66.0,11.548616964239317
Birth Control,Norethindrone,5.330409356725146,0.012438379265474092,11.002923976608187,431.0,47.457625296542645
Birth Control,Norlyda,6.0,-0.29374999999999996,0.0,1.0,1.9125000000000005
Birth Control,Nortrel 1 / 35,4.833333333333333,0.07142679220330736,2.9166666666666665,16.0,4.2595202510732815
Birth Control,Nortrel 7 / 7 / 7,3.25,-0.12429166666666666,3.5,5.0,2.2514166666666666
Birth Control,NuvaRing,6.743548387096774,0.088140530019121,8.496774193548386,622.0,66.77305525358663
Birth Control,Ocella,6.294117647058823,0.04745338940535037,5.602941176470588,95.0,13.233142072928349
Birth Control,Ogestrel-28,5.5,0.07824404761904762,1.25,5.0,3.1064880952380953
Birth Control,Orsythia,5.594405594405594,0.016844972668418078,10.573426573426573,149.0,19.286137497784388
Birth Control,Ortho Cyclen,6.606060606060606,0.11262524587724307,13.030303030303031,37.0,9.173735340239336
Birth Control,Ortho Evra,7.470319634703197,0.06838204951701284,12.497716894977168,219.0,27.52443533191074
Birth Control,Ortho Micronor,5.8,0.05275301338706183,17.54,55.0,11.433506026774124
Birth Control,Ortho Tri-Cyclen,5.793103448275862,0.03263584966283145,12.724137931034482,138.0,18.727340664842906
Birth Control,Ortho Tri-Cyclen Lo,6.58659217877095,0.04767962631326221,9.581005586592179,215.0,26.14619724145334
Birth Control,Ortho-Cept,7.2727272727272725,0.1273599632690542,3.6363636363636362,12.0,5.091083562901745
Birth Control,Ortho-Novum 1 / 35,8.5,0.2400974025974026,8.5,5.0,6.080194805194806
Birth Control,Ortho-Novum 7 / 7 / 7,9.666666666666666,0.16888392857142856,13.666666666666666,4.0,7.3377678571428575
Birth Control,ParaGard,6.559782608695652,0.03855933437242555,7.899456521739131,369.0,41.18092301657094
Birth Control,Philith,1.0,0.2,1.0,1.0,1.1
Birth Control,Pimtrea,5.5,-0.26125,4.5,2.0,2.7775000000000003
Birth Control,Pirmella 1 / 35,1.0,0.65,1.0,1.0,2.0
Birth Control,Plan B,10.0,0.14175925925925928,11.666666666666666,606.0,67.21685185185186
Birth Control,Portia,5.74,0.039077714827443086,5.82,52.0,8.738155429654887
Birth Control,Previfem,5.090909090909091,-0.07703995647845917,3.3636363636363638,20.0,4.555010996133991
Birth Control,Provera,10.0,-0.016666666666666673,0.0,71.0,11.066666666666666
Birth Control,Quasense,5.48,0.025670710539460538,4.84,37.0,6.911341421078921
Birth Control,Rajani,8.0,-0.08333333333333334,4.0,1.0,3.933333333333334
Birth Control,Reclipsen,5.837837837837838,-0.008526999817044778,6.036036036036036,111.0,14.625288342708254
Birth Control,Safyral,6.093023255813954,0.017876998224797234,6.488372093023256,47.0,8.470637717379827
Birth Control,Seasonale,5.95,0.07198589642680552,6.1,25.0,6.243971792853611
Birth Control,Seasonique,6.090225563909774,0.09465642435918643,9.466165413533835,220.0,26.51863615698905
Birth Control,Sharobel,5.2,0.13180919312169312,4.5,10.0,4.243618386243386
Birth Control,Skyla,7.255474452554744,-0.0035636414003343215,3.7664233576642334,824.0,86.04834716975408
Birth Control,Sprintec,6.168981481481482,0.03337710455946575,8.377314814814815,509.0,55.109809764674495
Birth Control,Sronyx,5.575,0.0070248558511885745,6.625,88.0,12.369049711702377
Birth Control,Tarina Fe 1 / 20,5.0476190476190474,-0.02355408472226251,2.4285714285714284,21.0,4.55765373531738
Birth Control,Taytulla,4.6875,0.03925303550750833,3.6041666666666665,48.0,7.474339404348351
Birth Control,Tri-Estarylla,5.142857142857143,-0.010701504183647043,1.4285714285714286,9.0,3.2214541344898486
Birth Control,Tri-Linyah,4.625,-0.04099901912519393,3.375,16.0,4.043001961749612
Birth Control,Tri-Lo-Estarylla,1.0,-0.1611111111111111,1.0,1.0,0.3777777777777779
Birth Control,Tri-Lo-Marzia,3.0,-0.009523809523809521,2.0,2.0,1.780952380952381
Birth Control,Tri-Lo-Sprintec,4.511627906976744,-0.0196044791493054,3.953488372093023,53.0,7.856139878910692
Birth Control,Tri-Previfem,4.965116279069767,-0.027967208054242066,7.372093023255814,130.0,16.404530700170586
Birth Control,Tri-Sprintec,6.178988326848249,0.045839421203297044,10.455252918287938,392.0,43.854324756803486
Birth Control,TriNessa,6.267015706806283,0.016083214189356734,8.293193717277488,277.0,31.897611454556728
Birth Control,TriNessa Lo,4.571428571428571,-0.004797390109890108,1.7142857142857142,13.0,3.4618337912087913
Birth Control,Trivora,7.142857142857143,-0.05368480725623583,5.714285714285714,8.0,4.692630385487528
Birth Control,Velivet,5.85,0.039553469635960445,3.85,20.0,5.189106939271921
Birth Control,Vestura,4.5,0.011837121212121215,3.0,4.0,2.8236742424242425
Birth Control,Vienva,4.833333333333333,0.07263084716209717,3.0833333333333335,12.0,3.8952616943241947
Birth Control,Viorele,5.076923076923077,-0.029324410506537193,5.153846153846154,26.0,5.602889640525387
Birth Control,Xulane,5.9937106918239,0.023841654829342872,5.226415094339623,159.0,19.39045060525617
Birth Control,Yasmin,5.738095238095238,0.04516089307466405,13.976190476190476,171.0,22.28079797662552
Birth Control,Yaz,5.74468085106383,0.022113989306017497,9.904255319148936,344.0,38.72295138286735
Birth Control,Zarah,6.583333333333333,0.0516458811635895,5.616666666666666,60.0,9.859958428993846
Birth Control,Zenchent,8.0,-0.047440476190476186,0.0,2.0,3.305119047619048
Birth Control,Zovia,5.666666666666667,0.015573960607293953,5.366666666666666,31.0,6.471147921214588
Birth Control,Zovia 1 / 35,6.2,-0.04205697278911564,3.4,5.0,3.5758860544217694
Birth Control,depo-subQ provera 104,1.0,-0.10931372549019608,0.0,1.0,0.28137254901960784
Bladder Infection,Amoxicillin,7.666666666666667,0.3758134920634921,72.33333333333333,115.0,29.784960317460317
Bladder Infection,Amoxil,6.5,0.1637202380952381,90.5,16.0,22.62744047619048
Bladder Infection,Cefixime,1.0,-0.07142857142857142,3.0,7.0,1.5571428571428574
Bladder Infection,Cefpodoxime,10.0,0.4666666666666666,20.0,3.0,9.233333333333334
Bladder Infection,Cefprozil,1.5,-0.03125,4.5,17.0,3.1375
Bladder Infection,Ceftin,10.0,-0.09999999999999998,42.0,25.0,14.7
Bladder Infection,Cefuroxime,10.0,-0.09999999999999998,42.0,53.0,17.5
Bladder Infection,Cefzil,1.0,0.0,6.0,8.0,2.4000000000000004
Bladder Infection,Cephalexin,7.884615384615385,0.06976868766154481,43.30769230769231,155.0,27.454921990707703
Bladder Infection,Cipro,4.611111111111111,0.07389187008978676,49.05555555555556,165.0,28.303339295735128
Bladder Infection,Ciprofloxacin,5.0,0.03388943390212472,36.096774193548384,361.0,45.38713370651393
Bladder Infection,Elmiron,3.5,-0.0865079365079365,10.0,49.0,8.126984126984127
Bladder Infection,Fosfomycin,7.0,0.14037037037037037,23.11111111111111,9.0,8.602962962962964
Bladder Infection,Hiprex,7.857142857142857,0.020636359341716485,55.57142857142857,12.0,15.49841557582629
Bladder Infection,Keflex,6.5,-0.07626488095238096,67.25,34.0,19.29747023809524
Bladder Infection,Levaquin,4.0,-0.18419757326007324,18.25,202.0,25.081604853479856
Bladder Infection,Levofloxacin,4.333333333333333,-0.13700766716943188,12.88888888888889,327.0,36.73709577677225
Bladder Infection,Macrobid,4.69620253164557,-0.01949501587195715,35.177215189873415,238.0,32.674934018889
Bladder Infection,Macrodantin,8.0,-0.15,26.0,14.0,9.500000000000002
Bladder Infection,Methenamine,8.0,0.012879464285714293,47.333333333333336,18.0,14.492425595238096
Bladder Infection,Monurol,7.0,0.25865079365079363,29.666666666666668,3.0,9.550634920634922
Bladder Infection,Nitrofurantoin,4.561643835616438,-0.037430716659746066,24.616438356164384,500.0,56.67308377215996
Bladder Infection,Norfloxacin,10.0,0.13583333333333333,11.0,2.0,6.671666666666667
Bladder Infection,Pentosan polysulfate sodium,6.0,0.005555555555555573,15.0,47.0,10.11111111111111
Bladder Infection,Trimethoprim,3.0,-0.037037037037037035,14.333333333333334,8.0,4.792592592592594
Bladder Infection,Vantin,10.0,0.4666666666666666,20.0,4.0,9.333333333333334
Bleeding Disorde,Cyklokapron,10.0,0.1261904761904762,17.0,1.0,7.752380952380952
Bleeding Disorde,Goserelin,10.0,0.13333333333333336,2.0,23.0,6.966666666666667
Bleeding Disorde,Tranexamic acid,6.6,-0.02027205433455433,11.4,80.0,12.879455891330892
Blepharitis,Dexamethasone / neomycin / polymyxin b,7.0,-0.09190917107583774,2.3333333333333335,4.0,3.4828483245149915
Body Dysmorphic Disorde,Escitalopram,8.0,0.058854166666666666,1.0,1292.0,132.71770833333335
Body Dysmorphic Disorde,Fluoxetine,8.0,0.22581585081585082,51.0,766.0,90.45163170163171
Body Dysmorphic Disorde,Geodon,1.0,0.09646464646464646,15.0,165.0,20.09292929292929
Body Dysmorphic Disorde,Prozac,8.0,0.22581585081585082,51.0,472.0,61.051631701631706
Body Dysmorphic Disorde,Sertraline,1.0,-0.1627232142857143,6.0,1360.0,137.27455357142858
Body Dysmorphic Disorde,Ziprasidone,3.0,0.04465488215488215,5.333333333333333,178.0,20.15597643097643
Body Imaging,Iohexol,7.0,-0.0811111111111111,1.0,1.0,2.9377777777777783
Body Imaging,Omnipaque 350,7.0,-0.0811111111111111,1.0,1.0,2.9377777777777783
Bone infection,Ampicillin / sulbactam,9.0,0.38203703703703706,3.0,2.0,5.164074074074075
Bone infection,Cephalexin,7.0,-0.44958333333333333,44.0,155.0,26.200833333333335
Bone infection,Cipro,7.0,0.19047619047619047,11.0,165.0,21.88095238095238
Bone infection,Ciprofloxacin,7.0,0.19047619047619047,11.0,361.0,41.48095238095238
Bone infection,Cleocin HCl,9.0,0.0,68.0,3.0,17.500000000000004
Bone infection,Clindamycin,8.75,0.013689411283161288,22.5,385.0,46.52737882256632
Bone infection,Dicloxacillin,4.0,0.22083333333333333,5.0,2.0,3.241666666666667
Bone infection,Keflex,7.0,-0.44958333333333333,44.0,34.0,14.100833333333334
Bone infection,Metronidazole,6.0,0.03659979423868314,8.666666666666666,922.0,96.40653292181071
Bone infection,Unasyn,9.0,0.38203703703703706,3.0,1.0,5.064074074074075
Bone infection,Vancocin HCl,10.0,0.2,17.0,1.0,7.9
Bone infection,Vancomycin,4.0,-0.023095238095238103,4.0,18.0,4.153809523809524
Borderline Personality Disorde,Abilify,8.75,0.13840909090909093,24.25,446.0,53.22681818181818
Borderline Personality Disorde,Aripiprazole,6.857142857142857,0.12739379667951098,13.714285714285714,500.0,55.74050187907331
Borderline Personality Disorde,Asenapine,7.0,0.08214285714285716,1.0,194.0,22.564285714285717
Borderline Personality Disorde,Buspirone,4.333333333333333,0.016666666666666663,5.666666666666667,471.0,50.0
Borderline Personality Disorde,Citalopram,4.5,-0.1686817956349206,6.5,995.0,102.26263640873016
Borderline Personality Disorde,Clonazepam,9.0,-0.011954365079365084,6.0,831.0,87.87609126984128
Borderline Personality Disorde,Clozapine,7.333333333333333,-0.03582702020202019,39.666666666666664,20.0,12.795012626262627
Borderline Personality Disorde,Deplin,10.0,0.13034511784511785,131.0,56.0,36.06069023569024
Borderline Personality Disorde,Diazepam,9.0,0.03888888888888889,8.0,322.0,37.47777777777778
Borderline Personality Disorde,Divalproex sodium,9.0,-0.11999999999999997,1.0,235.0,27.060000000000002
Borderline Personality Disorde,Escitalopram,8.5,0.12562017231134878,2.5,1292.0,133.3512403446227
Borderline Personality Disorde,Fluoxetine,10.0,-0.004629629629629613,1.0,766.0,80.79074074074074
Borderline Personality Disorde,L-methylfolate,8.0,0.16666666666666666,21.0,73.0,15.033333333333335
Borderline Personality Disorde,Lamotrigine,8.764705882352942,0.1921191784794726,15.294117647058824,591.0,66.0489442393119
Borderline Personality Disorde,Latuda,9.0,0.14908854166666669,47.5,330.0,46.39817708333334
Borderline Personality Disorde,Lithium,4.0,0.19774305555555555,22.5,173.0,23.79548611111111
Borderline Personality Disorde,Lorazepam,8.0,0.2125,17.0,429.0,49.925000000000004
Borderline Personality Disorde,Lurasidone,8.142857142857142,0.07256200396825398,23.714285714285715,352.0,43.34512400793651
Borderline Personality Disorde,Olanzapine,7.454545454545454,-0.0653360679724316,15.909090909090908,278.0,33.832964227691505
Borderline Personality Disorde,Oxcarbazepine,7.0,-0.2375,12.0,133.0,18.025000000000002
Borderline Personality Disorde,Quetiapine,7.413043478260869,0.004996030700463022,24.543478260869566,831.0,90.9839051048792
Borderline Personality Disorde,Risperdal,8.5,0.13124999999999998,22.5,116.0,19.762500000000003
Borderline Personality Disorde,Risperidone,6.625,0.1520407196969697,21.875,240.0,31.32908143939394
Borderline Personality Disorde,Seroquel,7.461538461538462,0.07257870067966223,43.15384615384615,334.0,45.16054201674394
Borderline Personality Disorde,Sertraline,7.0,-0.11604166666666665,2.0,1360.0,138.96791666666667
Borderline Personality Disorde,Topiramate,6.2,-0.012085858585858584,4.0,606.0,63.855828282828284
Borderline Personality Disorde,Zyprexa,9.0,-0.012499999999999997,18.0,167.0,23.875
Borderline Personality Disorde,Zyprexa Zydis,1.0,-0.375,13.0,12.0,3.45
Bowel Preparation,Bisacodyl,5.925,-0.00032330423388563856,11.55,500.0,54.67935339153223
Bowel Preparation,Bisacodyl / polyethylene glycol 3350 / potassium chloride / sodium bicarbonate / sodium chloride,1.0,-0.04404761904761905,3.5,2.0,1.2119047619047618
Bowel Preparation,Citric acid / magnesium oxide / sodium picosulfate,6.135802469135802,0.07098337132724922,8.481481481481481,81.0,12.392584026605116
Bowel Preparation,Colyte,1.0,0.1,2.0,1.0,1.1
Bowel Preparation,Correctol,9.0,0.10745076497395836,10.5,15.0,7.414901529947917
Bowel Preparation,Dulcolax,4.846153846153846,-0.05266879356906829,16.307692307692307,396.0,44.69466241286187
Bowel Preparation,Dulcolax Laxative,3.6666666666666665,0.0632716049382716,9.0,25.0,5.89320987654321
Bowel Preparation,Fleet Bisacodyl,1.0,0.6166666666666667,0.0,2.0,1.8333333333333333
Bowel Preparation,Fleet Enema,6.5,-0.09107142857142853,8.5,17.0,5.817857142857144
Bowel Preparation,GaviLyte-C,6.0,0.02641093474426809,5.5,2.0,3.7528218694885367
Bowel Preparation,GaviLyte-G,9.0,-0.02290979906573018,8.428571428571429,7.0,5.939894687582826
Bowel Preparation,GaviLyte-N,7.666666666666667,-0.012008547008547,6.0,4.0,4.642649572649574
Bowel Preparation,GoLYTELY,6.4,-0.07266462254309476,18.933333333333334,19.0,8.101337421580478
Bowel Preparation,HalfLytely and Bisacodyl,1.0,-0.0880952380952381,4.0,1.0,1.123809523809524
Bowel Preparation,Magnesium sulfate / potassium sulfate / sodium sulfate,7.5584,0.00020751702162872778,15.5872,626.0,68.74121503404326
Bowel Preparation,MiraLax,3.8333333333333335,-0.15687321937321938,29.666666666666668,83.0,15.45292022792023
Bowel Preparation,MoviPrep,6.99290780141844,0.021032983462816006,17.73758865248227,147.0,21.086746817989464
Bowel Preparation,NuLYTELY,4.666666666666667,-0.2805026455026454,8.666666666666666,3.0,3.3389947089947096
Bowel Preparation,OsmoPrep,7.5,0.1500698953823954,31.5,5.0,10.100139790764791
Bowel Preparation,PEG-3350 with Electolytes,10.0,-0.1273809523809524,7.0,2.0,5.345238095238096
Bowel Preparation,PEG3350,8.0,0.29583333333333334,3.0,2.0,4.591666666666668
Bowel Preparation,Polyethylene glycol 3350,5.166666666666667,-0.15733618233618232,26.666666666666668,113.0,18.385327635327638
Bowel Preparation,Polyethylene glycol 3350 with electrolytes,6.798029556650246,0.007745452181392969,14.596059113300493,213.0,26.953914549682985
Bowel Preparation,Prepopik,6.0,0.052585981159077644,7.560975609756097,82.0,12.217367084269377
Bowel Preparation,Senna,4.5,0.016502594627594628,8.5,50.0,8.533005189255189
Bowel Preparation,Sodium biphosphate / sodium phosphate,5.857142857142857,0.13753994021851165,19.0,32.0,9.617937023294168
Bowel Preparation,Suprep Bowel Prep Kit,7.463986599664992,-0.0018790514310137454,15.624790619765495,598.0,65.90679466095708
Brain Tum,Afinitor,8.0,0.08333333333333334,11.0,11.0,6.666666666666666
Brain Tum,Cisplatin,10.0,0.8,2.0,1.0,6.1
Brain Tum,Cyclophosphamide,10.0,0.3,7.0,7.0,6.7
Brain Tum,Cytoxan,10.0,0.3,7.0,5.0,6.5
Brain Tum,Everolimus,8.0,0.08333333333333334,11.0,9.0,6.466666666666667
Brain Tum,Platinol,10.0,0.8,2.0,1.0,6.1
Breakthrough Pain,Actiq,8.714285714285714,0.1109261076225362,38.714285714285715,11.0,12.550423643816503
Breakthrough Pain,Duragesic,8.0,0.0031746031746031755,74.0,54.0,23.406349206349205
Breakthrough Pain,Fentanyl,8.68421052631579,0.049427121367910845,30.05263157894737,226.0,32.18306476905161
Breakthrough Pain,Fentora,9.333333333333334,0.029984459984459973,32.333333333333336,9.0,11.159968919968922
Breakthrough Pain,Lazanda,10.0,0.2,40.0,1.0,12.5
Breakthrough Pain,Subsys,10.0,-0.047727272727272736,17.5,5.0,7.904545454545454
Breast Cance,Abraxane,9.666666666666666,0.04668109668109669,11.333333333333334,4.0,6.626695526695528
Breast Cance,Adriamycin,9.0,0.5,16.0,3.0,8.1
Breast Cance,Afinitor,4.857142857142857,0.0027529761904761924,18.142857142857142,11.0,6.676934523809523
Breast Cance,Anastrozole,5.375,0.028889033401165512,62.611111111111114,80.0,22.730000289024556
Breast Cance,Arimidex,6.068965517241379,0.014845503125470286,105.3103448275862,31.0,26.619346178664735
Breast Cance,Aromasin,5.2727272727272725,0.030320056626874814,69.0,11.0,17.06973102234466
Breast Cance,Capecitabine,5.333333333333333,0.22060185185185185,9.0,22.0,6.574537037037037
Breast Cance,Docetaxel,3.4,0.04032178932178932,13.4,7.0,4.820643578643579
Breast Cance,Doxorubicin,9.0,0.5,16.0,3.0,8.1
Breast Cance,Everolimus,6.4,0.1234375,17.8,9.0,7.2668750000000015
Breast Cance,Exemestane,4.9375,-0.08297521777990527,51.34375,32.0,15.27779956444019
Breast Cance,Femara,6.470588235294118,0.08660937584400152,151.41176470588235,29.0,35.94380698698212
Breast Cance,Herceptin,10.0,0.052777777777777785,51.0,3.0,14.605555555555558
Breast Cance,Letrozole,5.739130434782608,0.0419630926160585,87.30434782608695,67.0,26.54044792436255
Breast Cance,Nolvadex,5.5,-0.20909090909090905,82.0,2.0,18.381818181818183
Breast Cance,Paclitaxel protein-bound,9.666666666666666,0.046681096681096684,11.333333333333334,5.0,6.7266955266955275
Breast Cance,Tamoxifen,5.518518518518518,0.03114507717362656,60.48148148148148,31.0,17.465993858050957
Breast Cance,Taxol,7.0,0.11022727272727274,35.0,5.0,10.520454545454546
Breast Cance,Taxotere,4.666666666666667,-0.05375661375661375,19.333333333333332,5.0,6.125820105820106
Breast Cance,Trastuzumab,10.0,0.052777777777777785,51.0,4.0,14.705555555555557
Breast Cance,Xeloda,7.5,0.25902777777777775,12.5,14.0,7.418055555555556
"Breast Cancer, Adjuvant",Femara,8.6,0.14500986050986053,99.4,29.0,26.510019721019724
"Breast Cancer, Adjuvant",Letrozole,5.777777777777778,0.07534154380855769,77.44444444444444,67.0,24.650683087617114
"Breast Cancer, Adjuvant",Leuprolide,2.0,-0.09062499999999998,34.0,155.0,22.918750000000003
"Breast Cancer, Adjuvant",Lupron,2.0,-0.09062499999999998,34.0,38.0,11.218750000000002
"Breast Cancer, Adjuvant",Tamoxifen,9.5,0.03333333333333336,31.5,31.0,13.266666666666667
"Breast Cancer, Adjuvant",Trastuzumab,9.0,-0.011458333333333334,6.0,4.0,5.177083333333334
"Breast Cancer, Metastatic",Anastrozole,6.8,-0.03047619047619044,29.2,80.0,16.49904761904762
"Breast Cancer, Metastatic",Arimidex,9.0,0.0,36.0,31.0,13.9
"Breast Cancer, Metastatic",Avastin,9.0,0.16960678210678212,17.666666666666668,15.0,8.972546897546898
"Breast Cancer, Metastatic",Bevacizumab,9.0,0.12613636363636363,20.0,17.0,9.552272727272728
"Breast Cancer, Metastatic",Capecitabine,6.125,0.04170812164301747,22.75,22.0,9.283416243286034
"Breast Cancer, Metastatic",Docetaxel,9.0,0.04999999999999999,22.0,7.0,8.8
"Breast Cancer, Metastatic",Eribulin,9.5,0.19439709595959595,59.5,6.0,16.688794191919193
"Breast Cancer, Metastatic",Faslodex,6.4,-0.09974959484959485,44.4,5.0,11.740500810300812
"Breast Cancer, Metastatic",Femara,6.833333333333333,-0.00907407407407408,117.5,29.0,29.115185185185183
"Breast Cancer, Metastatic",Fulvestrant,3.0,-0.18097319347319346,7.5,2.0,2.5380536130536133
"Breast Cancer, Metastatic",Gemcitabine,7.0,0.13636363636363635,4.0,4.0,4.272727272727273
"Breast Cancer, Metastatic",Gemzar,7.0,0.13636363636363635,4.0,4.0,4.272727272727273
"Breast Cancer, Metastatic",Halaven,9.666666666666666,0.14660594035594035,63.666666666666664,6.0,17.493211880711883
"Breast Cancer, Metastatic",Herceptin,10.0,0.0,41.0,3.0,12.500000000000002
"Breast Cancer, Metastatic",Ibrance,7.066666666666666,0.026370324137843074,34.4,15.0,11.259407314942353
"Breast Cancer, Metastatic",Letrozole,7.2,0.004690476190476189,92.5,67.0,28.089380952380953
"Breast Cancer, Metastatic",Paclitaxel,7.5,0.18779761904761905,23.0,4.0,8.375595238095238
"Breast Cancer, Metastatic",Palbociclib,6.764705882352941,0.02720506347052136,32.05882352941177,17.0,10.872057185764575
"Breast Cancer, Metastatic",Taxol,7.5,0.18779761904761905,23.0,5.0,8.475595238095238
"Breast Cancer, Metastatic",Taxotere,9.0,0.04999999999999999,22.0,5.0,8.600000000000001
"Breast Cancer, Metastatic",Trastuzumab,10.0,0.0,41.0,4.0,12.600000000000001
"Breast Cancer, Metastatic",Xeloda,5.0,0.05028675478328256,29.166666666666668,14.0,9.3339068428999
"Breast Cancer, Palliative",Zoladex,6.5,0.10024305555555556,26.5,23.0,10.400486111111112
"Breast Cancer, Prevention",Evista,10.0,-0.02416666666666667,84.0,3.0,21.05166666666667
"Breast Cancer, Prevention",Raloxifene,10.0,-0.02416666666666667,84.0,5.0,21.25166666666667
"Breast Cancer, Prevention",Tamoxifen,7.5,0.03381696428571428,51.5,31.0,16.46763392857143
Bronchiectasis,Albuterol,3.7142857142857144,-0.06861904761904762,4.285714285714286,88.0,11.00561904761905
Bronchiectasis,Doryx,9.0,0.3683333333333333,13.0,49.0,11.836666666666668
Bronchiectasis,Doxycycline,9.0,0.3683333333333333,13.0,627.0,69.63666666666667
Bronchiectasis,ProAir RespiClick,1.0,-0.21666666666666667,6.0,31.0,4.2666666666666675
Bronchiectasis,Ventolin HFA,9.0,0.005333333333333368,6.0,6.0,5.410666666666668
Bronchitis,Amoxicillin,6.111111111111111,-0.015074786324786303,11.222222222222221,115.0,16.158739316239316
Bronchitis,Amoxicillin / clavulanate,7.25,0.08706036247702914,27.166666666666668,321.0,40.607454058287395
Bronchitis,Amoxil,1.0,0.12499999999999999,50.0,16.0,12.25
Bronchitis,Augmentin,8.846153846153847,0.11433760683760683,32.69230769230769,169.0,27.205598290598296
Bronchitis,Avelox,5.85,0.05260888945710376,14.55,102.0,15.555217778914209
Bronchitis,Azithromycin,6.49,0.0465260342219183,24.63,548.0,62.41505206844384
Bronchitis,Azithromycin Dose Pack,6.714285714285714,0.2024229242979243,33.285714285714285,28.0,12.547702991452994
Bronchitis,Bactrim,7.666666666666667,0.10592592592592592,44.0,212.0,33.278518518518524
Bronchitis,Bactrim DS,6.0,-0.06190476190476189,20.0,136.0,19.87619047619048
Bronchitis,Beclomethasone,6.5,-0.014742063492063492,22.0,35.0,10.470515873015874
Bronchitis,Biaxin,5.076923076923077,-0.062353241376678865,32.46153846153846,44.0,12.798370440323566
Bronchitis,Biaxin XL,9.0,0.09569444444444447,26.0,5.0,9.491388888888888
Bronchitis,Cedax,10.0,0.23750000000000002,6.0,2.0,5.875
Bronchitis,Cefdinir,4.304347826086956,-0.05001024413388544,8.478260869565217,138.0,17.117370816080054
Bronchitis,Cefditoren,5.0,0.22500000000000003,4.0,3.0,3.55
Bronchitis,Cefixime,1.0,0.2,3.0,7.0,2.1
Bronchitis,Cefprozil,9.0,0.15375,8.0,17.0,7.2075000000000005
Bronchitis,Ceftibuten,10.0,0.23750000000000002,6.0,2.0,5.875
Bronchitis,Ceftin,6.0,0.32291666666666663,37.5,25.0,13.045833333333334
Bronchitis,Ceftriaxone,5.5,0.05625,3.5,52.0,8.2125
Bronchitis,Cefuroxime,5.0,0.16486111111111112,12.75,53.0,10.179722222222223
Bronchitis,Cefzil,8.0,0.1875,16.0,8.0,7.575
Bronchitis,Cipro,5.285714285714286,0.10802295918367347,24.0,165.0,23.63033163265306
Bronchitis,Ciprofloxacin,5.5,0.11535342261904763,23.625,361.0,43.255706845238095
Bronchitis,Clarithromycin,4.709677419354839,-0.05690598656169864,20.758064516129032,291.0,35.02167189784434
Bronchitis,Doxycycline,5.473684210526316,-0.019886885470767047,19.894736842105264,627.0,68.82864728169005
Bronchitis,Ery-Tab,7.0,0.75,36.0,1.0,11.6
Bronchitis,Erythromycin,6.5,0.26250000000000007,26.5,19.0,10.325000000000001
Bronchitis,Factive,1.0,-0.0982638888888889,0.5,4.0,0.7034722222222223
Bronchitis,Gemifloxacin,4.0,0.10671296296296294,0.3333333333333333,5.0,2.3800925925925926
Bronchitis,Guaifenesin,7.769230769230769,0.011574295248402394,57.80769230769231,117.0,26.392379359727578
Bronchitis,Levaquin,4.675675675675675,-0.06733307450744426,29.18918918918919,202.0,27.773441959093223
Bronchitis,Levofloxacin,5.625,-0.06879194644847546,25.328125,327.0,39.87804110710305
Bronchitis,Moxifloxacin,6.7272727272727275,0.03826892023320595,16.681818181818183,126.0,18.70381056773914
Bronchitis,Mucinex,7.625,0.13266693159271287,91.6875,62.0,27.852833863185428
Bronchitis,Mucinex Maximum Strength,4.0,0.13291666666666668,6.0,2.0,3.265833333333334
Bronchitis,Omnicef,5.0,-0.004273809523809524,13.6,28.0,7.511452380952381
Bronchitis,Qvar,6.5,-0.014742063492063492,22.0,30.0,9.970515873015874
Bronchitis,Rocephin,10.0,0.1125,2.0,52.0,9.825
Bronchitis,Septra,8.0,1.0,3.0,11.0,6.9
Bronchitis,Sulfamethoxazole / trimethoprim,6.6,0.127,19.0,527.0,59.394000000000005
Bronchitis,Suprax,1.0,0.2,3.0,5.0,1.9000000000000001
Bronchitis,Vantin,2.0,0.2,6.0,4.0,2.8000000000000003
Bronchitis,Zithromax,6.666666666666667,0.09419605620917469,40.0,79.0,18.75505877908502
Bronchospasm Prophylaxis,Albuterol,4.0,0.12125000000000001,14.25,88.0,13.4925
Bronchospasm Prophylaxis,Formoterol,10.0,0.07222222222222223,1.0,8.0,5.144444444444445
Bronchospasm Prophylaxis,ProAir RespiClick,1.0,-0.04375,6.0,31.0,4.612500000000001
Bronchospasm Prophylaxis,Ventolin,1.0,0.35000000000000003,30.0,11.0,8.2
Bronchospasm Prophylaxis,Vospire ER,2.0,0.0,5.0,1.0,1.9000000000000001
Bulimia,Effexor XR,7.0,-0.03055555555555555,9.0,399.0,44.4388888888889
Bulimia,Fluoxetine,8.291666666666666,0.13972529647380838,41.291666666666664,766.0,88.45445059294762
Bulimia,Prozac,7.777777777777778,0.11123266394099726,55.888888888888886,472.0,61.711354216770886
Bulimia,Topamax,5.75,0.05360953282828281,17.5,340.0,39.90721906565656
Bulimia,Topiramate,7.1,0.04134136002886002,15.9,606.0,66.70268272005772
Bulimia,Venlafaxine,10.0,-0.23680555555555552,5.0,1016.0,106.1263888888889
Bullous Pemphigoid,Doxycycline,9.0,0.0,0.0,627.0,66.3
Bullous Pemphigoid,Prednisone,10.0,0.0,4.0,289.0,33.7
Bullous Pemphigoid,Rituximab,5.0,0.16936507936507936,0.0,58.0,8.138730158730159
Burning Mouth Syndrome,Amitriptyline,7.5,0.056845238095238095,47.5,695.0,82.11369047619047
Burning Mouth Syndrome,Clonazepam,8.545454545454545,0.05331692680515732,40.0,831.0,94.62481567179213
Burning Mouth Syndrome,Gabapentin,1.0,-0.10714285714285715,3.0,1047.0,105.4857142857143
Burning Mouth Syndrome,Klonopin,9.0,0.01666666666666668,78.66666666666667,432.0,62.56666666666667
"Burns, External",Aloe vera,10.0,0.09537037037037037,2.0,1.0,4.690740740740741
"Burns, External",Dibucaine,9.0,0.19444444444444442,12.0,6.0,6.988888888888889
"Burns, External",Lidocaine,10.0,0.11794871794871795,21.0,95.0,17.935897435897438
"Burns, External",Nupercainal,9.0,0.19444444444444442,12.0,5.0,6.888888888888889
"Burns, External",RadiaPlexRx,4.0,0.016666666666666663,0.0,1.0,1.7333333333333334
"Burns, External",Silvadene,10.0,0.10927455357142858,32.75,4.0,11.168549107142859
"Burns, External",Silver sulfadiazine,10.0,0.06373776047270946,17.885714285714286,36.0,11.304618378088277
"Burns, External",Sodium hyaluronate,4.0,0.016666666666666663,0.0,122.0,13.833333333333334
"Burns, External",Solarcaine First Aid Medicated Spray,10.0,0.2305555555555555,6.0,1.0,5.761111111111111
"Burns, External",Xylocaine Jelly,10.0,0.11794871794871795,21.0,1.0,8.535897435897436
Bursitis,Indocin,5.5,0.31428571428571433,15.5,20.0,7.928571428571429
Bursitis,Indomethacin,8.0,0.29517857142857146,16.5,103.0,17.390357142857145
Bursitis,Naproxen,7.0,0.12291666666666667,24.0,308.0,38.645833333333336
Bursitis,Prednisone,8.6,0.07752665852665852,32.6,289.0,39.015053317053315
Bursitis,Trolamine salicylate,7.0,0.4,25.0,22.0,10.8
CMV Prophylaxis,Valacyclovir,7.0,-0.22738095238095238,2.0,238.0,26.545238095238098
CMV Prophylaxis,Valcyte,8.0,0.32803030303030306,2.0,1.0,4.356060606060606
CMV Prophylaxis,Valganciclovir,8.0,0.32803030303030306,2.0,1.0,4.356060606060606
CMV Prophylaxis,Valtrex,8.5,-0.1636904761904762,4.0,155.0,19.372619047619047
CNS Magnetic Resonance Imaging,Gadavist,1.0,-0.31875,1.0,2.0,0.1625000000000001
CNS Magnetic Resonance Imaging,Gadobutrol,1.0,-0.23772321428571425,0.5,2.0,0.22455357142857155
CNS Magnetic Resonance Imaging,Gadopentetate dimeglumine,1.0,-0.18354166666666666,5.0,1.0,1.1329166666666668
CNS Magnetic Resonance Imaging,Magnevist,1.0,-0.18354166666666666,5.0,1.0,1.1329166666666668
COPD,Aclidinium,9.5,0.18939393939393936,34.0,10.0,11.97878787878788
COPD,Anoro Ellipta,9.615384615384615,0.2802854552854553,43.15384615384615,13.0,14.337493987493989
COPD,Breo Ellipta,7.769230769230769,0.1822994118976262,40.92307692307692,49.0,16.556906516102945
COPD,Daliresp,8.05,0.12246622474747478,53.65,30.0,17.19493244949495
COPD,Fluticasone / vilanterol,6.769230769230769,0.12965237944290142,38.0,49.0,15.466997066578111
COPD,Incruse Ellipta,4.666666666666667,0.26666666666666666,10.666666666666666,3.0,4.833333333333333
COPD,Montelukast,6.0,-0.02464072145061728,38.666666666666664,174.0,27.484051890432102
COPD,Olodaterol,1.0,-0.3791666666666666,3.0,3.0,0.541666666666667
COPD,Olodaterol / tiotropium,5.888888888888889,0.20769338686005354,20.555555555555557,12.0,8.082053440386774
COPD,Prednisone,9.0,0.11041776326577464,46.0,289.0,41.920835526531555
COPD,Rayos,10.0,0.1305194805194805,52.0,2.0,14.861038961038961
COPD,Roflumilast,8.238095238095237,0.11355414261664262,47.61904761904762,31.0,16.146155904280906
COPD,Singulair,7.0,0.0,50.5,92.0,22.1
COPD,Stiolto Respimat,5.833333333333333,0.16419159544159545,22.666666666666668,8.0,7.9950498575498585
COPD,Striverdi Respimat,5.5,0.08154761904761904,3.0,2.0,3.1630952380952384
COPD,Symbicort,8.705882352941176,0.20251244942421412,55.11764705882353,81.0,23.010907251789604
COPD,Tudorza Pressair,9.0,0.27,32.0,8.0,11.340000000000002
COPD,Umeclidinium,2.0,0.010416666666666666,16.0,3.0,4.320833333333334
COPD,Umeclidinium / vilanterol,9.3125,0.21451494107744107,39.75,16.0,13.704029882154883
"COPD, Acute",Albuterol,6.25,0.13952020202020202,13.5,88.0,14.279040404040405
"COPD, Acute",Alupent,9.0,0.475,8.0,2.0,6.3500000000000005
"COPD, Acute",Azithromycin,8.0,-0.016666666666666677,9.5,548.0,59.866666666666674
"COPD, Acute",Azithromycin Dose Pack,8.0,-0.225,14.0,28.0,8.350000000000001
"COPD, Acute",Epinephrine,9.333333333333334,0.03473665223665223,17.666666666666668,15.0,8.836139971139971
"COPD, Acute",Levalbuterol,9.0,0.34722222222222215,19.333333333333332,14.0,9.561111111111112
"COPD, Acute",Primatene Mist,10.0,0.07210497835497835,20.0,6.0,8.744209956709957
"COPD, Acute",ProAir HFA,8.0,0.1029040404040404,19.0,13.0,8.505808080808082
"COPD, Acute",ProAir RespiClick,1.0,-0.2063636363636364,9.0,31.0,4.887272727272728
"COPD, Acute",Proventil,6.0,0.375,5.5,4.0,4.65
"COPD, Acute",Ventolin,10.0,0.35833333333333334,36.0,11.0,13.016666666666667
"COPD, Acute",Xopenex,9.0,0.34722222222222215,19.333333333333332,9.0,9.061111111111112
"COPD, Maintenance",Aclidinium,9.25,0.3030764374514375,33.25,10.0,11.956152874902877
"COPD, Maintenance",Advair Diskus,6.733333333333333,0.1804882154882155,20.8,61.0,13.314309764309765
"COPD, Maintenance",Albuterol,6.7272727272727275,0.019552927231498665,26.181818181818183,88.0,16.766378581735726
"COPD, Maintenance",Albuterol / ipratropium,6.7272727272727275,0.05440502153570336,20.772727272727273,22.0,9.154264588525955
"COPD, Maintenance",Atrovent,8.0,0.134375,19.75,6.0,8.01875
"COPD, Maintenance",Atrovent HFA,7.0,0.0,2.0,1.0,3.3000000000000003
"COPD, Maintenance",Breo Ellipta,6.0,0.15535714285714286,11.0,49.0,9.810714285714287
"COPD, Maintenance",Brovana,9.5,0.73,17.0,2.0,8.86
"COPD, Maintenance",Combivent,9.0,0.18725308641975308,20.666666666666668,9.0,9.007839506172841
"COPD, Maintenance",Combivent Respimat,4.25,0.019564318783068798,21.75,9.0,6.989128637566139
"COPD, Maintenance",Daliresp,5.6,0.0010965136054421954,36.9,30.0,12.622193027210884
"COPD, Maintenance",DuoNeb,9.5,0.2388888888888889,25.5,2.0,9.577777777777778
"COPD, Maintenance",Fluticasone / salmeterol,7.071428571428571,0.17646554834054837,14.428571428571429,66.0,12.667216810966814
"COPD, Maintenance",Fluticasone / vilanterol,5.2,0.09095238095238097,10.8,49.0,9.321904761904761
"COPD, Maintenance",Foradil Aerolizer,9.666666666666666,0.382449494949495,11.333333333333334,5.0,7.398232323232325
"COPD, Maintenance",Ipratropium,7.8,0.1075,16.2,12.0,7.775
"COPD, Maintenance",Levalbuterol,10.0,0.3392857142857143,43.0,14.0,14.678571428571429
"COPD, Maintenance",Olodaterol / tiotropium,10.0,0.28055555555555556,22.333333333333332,12.0,10.227777777777778
"COPD, Maintenance",Perforomist,8.0,0.5,13.5,2.0,7.1000000000000005
"COPD, Maintenance",ProAir HFA,8.0,0.0,40.0,13.0,12.5
"COPD, Maintenance",ProAir RespiClick,1.0,0.10833333333333332,11.0,31.0,5.916666666666667
"COPD, Maintenance",Proventil,8.0,0.0,14.0,4.0,6.4
"COPD, Maintenance",Proventil HFA,9.0,0.0771825396825397,32.0,5.0,10.65436507936508
"COPD, Maintenance",Roflumilast,4.8,-0.07238562925170067,33.8,31.0,11.635228741496599
"COPD, Maintenance",Spiriva,6.846153846153846,0.09624855240589507,69.3076923076923,40.0,20.79249710481179
"COPD, Maintenance",Spiriva Respimat,7.0,-0.037015151515151515,8.0,4.0,4.725969696969697
"COPD, Maintenance",Stiolto Respimat,10.0,0.3125,17.0,8.0,8.825000000000001
"COPD, Maintenance",Symbicort,6.666666666666667,0.10534792368125702,42.44444444444444,81.0,19.46625140291807
"COPD, Maintenance",Tiotropium,6.84,0.09273119770486246,60.32,50.0,19.985462395409726
"COPD, Maintenance",Tudorza Pressair,9.333333333333334,0.3374352499352499,41.666666666666664,8.0,13.541537166537168
"COPD, Maintenance",Ventolin,8.0,0.0,27.0,11.0,9.700000000000001
"COPD, Maintenance",Ventolin HFA,5.5,0.09444444444444444,37.0,6.0,10.38888888888889
"COPD, Maintenance",Xopenex,10.0,0.3392857142857143,43.0,9.0,14.178571428571429
Cachexia,Megestrol,9.0,0.13495370370370371,50.0,41.0,17.96990740740741
Campylobacter Gastroenteritis,Floxin,10.0,0.6499999999999999,7.0,1.0,6.8
Campylobacter Gastroenteritis,Ofloxacin,10.0,0.6499999999999999,7.0,6.0,7.300000000000001
Cance,Adriamycin,10.0,0.0,19.0,3.0,8.100000000000001
Cance,Chaparral,10.0,-0.0875,22.0,2.0,8.425
Cance,Doxorubicin,10.0,-0.30000000000000004,7.0,3.0,5.1
Cance,Vincasar PFS,10.0,0.9099999999999999,1.0,1.0,6.12
Cance,Vincristine,10.0,0.9099999999999999,1.0,3.0,6.32
Candida Urinary Tract Infection,Diflucan,9.0,-0.38017857142857137,15.0,67.0,12.539642857142859
Candida Urinary Tract Infection,Fluconazole,7.0,-0.26493303571428567,9.75,200.0,24.22013392857143
Candidemia,Diflucan,9.333333333333334,0.024999999999999998,20.0,67.0,14.483333333333334
Candidemia,Fluconazole,9.333333333333334,0.024999999999999998,20.0,200.0,27.78333333333333
Candidemia,Itraconazole,8.0,0.2333333333333333,27.0,18.0,10.866666666666667
Candidemia,Sporanox,8.0,0.2333333333333333,27.0,8.0,9.866666666666667
Carcinoid Tum,Octreotide,9.333333333333334,0.048434898434898434,19.666666666666668,4.0,8.163536463536465
Carcinoid Tum,Sandostatin,9.333333333333334,0.048434898434898434,19.666666666666668,6.0,8.363536463536464
Cardiovascular Risk Reduction,Alirocumab,9.0,0.2265625,3.0,22.0,6.8531249999999995
Cardiovascular Risk Reduction,Praluent,9.0,0.2265625,3.0,20.0,6.653124999999999
Cardiovascular Risk Reduction,Ramipril,7.5,0.0660138888888889,18.0,42.0,10.932027777777778
Cardiovascular Risk Reduction,Simvastatin,1.0,0.10370370370370369,5.0,65.0,8.107407407407408
Cataplexy,Sodium oxybate,9.333333333333334,0.036462842712842725,9.0,56.0,11.20625901875902
Cataplexy,Venlafaxine,10.0,0.11557017543859652,2.0,1016.0,106.2311403508772
Cataplexy,Xyrem,9.5,0.278125,11.0,58.0,12.356250000000001
Cerebral Edema,Dexamethasone,8.0,-0.04999999999999996,3.0,45.0,8.2
Cerebral Spasticity,Baclofen,10.0,0.12499999999999999,21.5,159.0,24.450000000000003
Cerebral Spasticity,Gablofen,1.0,0.2,7.0,3.0,2.5
Cerebrovascular Insufficiency,Isoxsuprine,10.0,0.34708333333333335,0.0,2.0,4.894166666666667
Cervical Dystonia,AbobotulinumtoxinA,8.0,0.1261904761904762,6.0,3.0,4.9523809523809526
Cervical Dystonia,Baclofen,5.333333333333333,-0.24404761904761907,23.166666666666668,159.0,22.17857142857143
Cervical Dystonia,Botox,7.368421052631579,0.02578850973587816,28.210526315789473,160.0,24.641050703682282
Cervical Dystonia,Botulinum toxin type b,4.5,-0.15465686274509802,0.0,3.0,1.790686274509804
Cervical Dystonia,Dysport,8.0,0.1261904761904762,6.0,4.0,5.052380952380953
Cervical Dystonia,IncobotulinumtoxinA,5.0,-0.09935897435897433,1.0,1.0,2.1012820512820514
Cervical Dystonia,Lioresal,7.5,-0.07500000000000001,21.5,14.0,8.55
Cervical Dystonia,Lorazepam,7.0,0.10625,29.5,429.0,51.81250000000001
Cervical Dystonia,Myobloc,1.0,-0.23848039215686273,0.0,2.0,0.12303921568627457
Cervical Dystonia,OnabotulinumtoxinA,6.894736842105263,0.07627215320706864,25.210526315789473,167.0,24.652544306414136
Chlamydia Infection,Azithromycin,7.718487394957983,0.003645770203639986,7.579831932773109,548.0,59.4106528849451
Chlamydia Infection,Azithromycin Dose Pack,2.0,0.2333333333333333,1.0,28.0,4.266666666666667
Chlamydia Infection,Doxy 100,10.0,0.0,60.0,14.0,17.4
Chlamydia Infection,Doxycycline,7.3076923076923075,-0.054470775752025746,14.23076923076923,627.0,68.36028921772672
Chlamydia Infection,Zithromax,7.0,-0.13968950416867085,15.777777777777779,79.0,13.576176547218214
Cholera,Cipro,10.0,0.2,0.0,165.0,20.9
Cholera,Ciprofloxacin,10.0,0.2,0.0,361.0,40.5
Chronic Eosinophilic Leukemia,Gleevec,8.0,-0.19333333333333333,4.0,22.0,5.8133333333333335
Chronic Eosinophilic Leukemia,Imatinib,8.0,-0.19333333333333333,4.0,21.0,5.713333333333333
Chronic Fatigue Syndrome,Amantadine,9.0,0.20056547619047616,46.5,20.0,15.301130952380953
Chronic Fatigue Syndrome,Armodafinil,7.461538461538462,0.12820034100150407,43.96153846153846,206.0,32.63332375892609
Chronic Fatigue Syndrome,Cymbalta,5.75,-0.1103289072039072,15.75,864.0,91.6293421855922
Chronic Fatigue Syndrome,Duloxetine,3.75,-0.09977760334903192,17.75,934.0,98.25044479330194
Chronic Fatigue Syndrome,Evening Primrose Oil,1.0,-0.675,4.0,5.0,0.35
Chronic Fatigue Syndrome,Lisdexamfetamine,9.8,0.0971608225108225,47.8,461.0,59.774321645021644
Chronic Fatigue Syndrome,Modafinil,7.6,0.04646352584189595,39.25,209.0,31.882927051683794
Chronic Fatigue Syndrome,Nuvigil,8.0,0.12260233280474674,49.63157894736842,169.0,30.271520455083177
Chronic Fatigue Syndrome,Provigil,7.0,0.0653107917409388,55.0,113.0,25.230621583481877
Chronic Fatigue Syndrome,Vyvanse,10.0,0.15401515151515152,76.5,434.0,63.00803030303031
Chronic Idiopathic Constipation,Plecanatide,7.411764705882353,0.26838209019160303,19.441176470588236,34.0,10.789705356853794
Chronic Idiopathic Constipation,Trulance,8.037037037037036,0.2881176385343052,22.185185185185187,28.0,11.028087128920463
Chronic Inflammatory Demyelinating Polyradiculoneuropathy,Gammagard,7.0,0.17129629629629628,5.0,2.0,4.342592592592593
Chronic Inflammatory Demyelinating Polyradiculoneuropathy,Immune globulin intravenous,6.0,0.1025132275132275,5.0,5.0,4.105026455026455
Chronic Inflammatory Demyelinating Polyradiculoneuropathy,Immune globulin intravenous and subcutaneous,7.0,0.17129629629629628,5.0,2.0,4.342592592592593
Chronic Lymphocytic Leukemia,Bendamustine,10.0,0.13174603174603175,28.0,4.0,10.263492063492064
Chronic Lymphocytic Leukemia,Chlorambucil,9.0,0.0,66.0,2.0,17.0
Chronic Lymphocytic Leukemia,Fludara,6.0,0.8,11.0,1.0,6.3
Chronic Lymphocytic Leukemia,Fludarabine,6.0,0.8,11.0,1.0,6.3
Chronic Lymphocytic Leukemia,Ibrutinib,5.375,0.14192708333333331,13.875,8.0,6.008854166666667
Chronic Lymphocytic Leukemia,Imbruvica,4.857142857142857,0.007555272108843535,13.285714285714286,7.0,5.315110544217688
Chronic Lymphocytic Leukemia,Leukeran,9.5,-0.07777777777777778,51.0,3.0,14.144444444444446
Chronic Lymphocytic Leukemia,Rituxan,9.0,0.06944444444444443,55.0,17.0,16.43888888888889
Chronic Lymphocytic Leukemia,Rituximab,9.0,0.1292022792022792,41.0,58.0,17.85840455840456
Chronic Myelogenous Leukemia,Bosulif,10.0,0.0,0.0,1.0,4.1
Chronic Myelogenous Leukemia,Busulfan,10.0,0.0,3.0,2.0,4.8
Chronic Myelogenous Leukemia,Cyclophosphamide,10.0,0.050266955266955266,0.5,7.0,4.900533910533911
Chronic Myelogenous Leukemia,Cytoxan,10.0,0.061010101010101,1.0,5.0,4.8220202020202025
Chronic Myelogenous Leukemia,Dasatinib,8.9,0.05674320586820586,13.1,14.0,7.693486411736412
Chronic Myelogenous Leukemia,Gleevec,8.8125,0.130382696007696,27.0625,22.0,11.398265392015393
Chronic Myelogenous Leukemia,Hydrea,10.0,-0.1851851851851852,2.0,2.0,4.22962962962963
Chronic Myelogenous Leukemia,Iclusig,5.0,0.0450925925925926,4.0,2.0,3.0901851851851854
Chronic Myelogenous Leukemia,Imatinib,8.75,0.13548887623757416,23.125,21.0,10.495977752475147
Chronic Myelogenous Leukemia,Myleran,10.0,0.0,3.0,2.0,4.8
Chronic Myelogenous Leukemia,Nilotinib,7.705882352941177,0.1335055807223174,16.058823529411764,17.0,8.261128808503457
Chronic Myelogenous Leukemia,Ponatinib,5.0,0.0450925925925926,4.0,1.0,2.9901851851851853
Chronic Myelogenous Leukemia,Sprycel,8.75,0.08757665945165945,10.5,9.0,6.67515331890332
Chronic Myelogenous Leukemia,Tasigna,8.23076923076923,0.16832257782578294,22.846153846153847,13.0,9.498183617190028
Chronic Myofascial Pain,Amitriptyline,10.0,0.25416666666666665,3.0,695.0,74.60833333333333
Chronic Myofascial Pain,Cyclobenzaprine,5.0,-0.07161507936507935,12.833333333333334,275.0,31.923436507936508
Chronic Myofascial Pain,Naprosyn,3.0,0.0,1.0,19.0,3.3000000000000003
Chronic Myofascial Pain,Naproxen,3.0,0.0,1.0,308.0,32.2
Chronic Pain,Acetaminophen / oxycodone,8.0,0.11553788148030758,32.42574257425743,362.0,46.11622427781211
Chronic Pain,Actiq,8.0,0.9099999999999999,10.0,11.0,8.12
Chronic Pain,Avinza,5.0,0.03166666666666667,33.0,21.0,10.763333333333334
Chronic Pain,Belbuca,3.6,0.0011033584237184733,22.8,36.0,9.602206716847437
Chronic Pain,Buprenorphine,6.014388489208633,0.07644371037526675,27.31654676258993,288.0,36.821952168951974
Chronic Pain,Butrans,6.508474576271187,0.0761575251816148,37.88135593220339,107.0,21.031976067312385
Chronic Pain,Cymbalta,6.2063492063492065,0.033449680370845176,53.142857142857146,864.0,99.5780104718528
Chronic Pain,Dazidox,10.0,0.06666666666666667,13.0,1.0,6.833333333333334
Chronic Pain,Dilaudid,8.93939393939394,0.13162706320054807,50.15151515151515,196.0,33.469314732461704
Chronic Pain,Dilaudid-HP,1.0,-0.02427398989898988,16.0,6.0,4.15145202020202
Chronic Pain,Dolophine,9.25,0.2163188244047619,51.0,13.0,15.632637648809526
Chronic Pain,Duloxetine,6.333333333333333,0.038125454177574895,47.31818181818182,934.0,105.47322060532485
Chronic Pain,Duragesic,8.1,0.13031950757575758,24.5,54.0,13.800639015151516
Chronic Pain,Duramorph,4.0,-0.10267857142857144,10.0,3.0,3.694642857142857
Chronic Pain,Embeda,5.133333333333334,-0.047608523751380895,23.933333333333334,26.0,9.344782952497239
Chronic Pain,Endocet,9.0,0.11859389348025712,43.666666666666664,32.0,15.770521120293846
Chronic Pain,Exalgo,8.3,0.07093457005957006,43.9,27.0,14.941869140119138
Chronic Pain,Fentanyl,8.105882352941176,0.0859953764542936,28.788235294117648,226.0,31.77199075290859
Chronic Pain,Fentanyl Transdermal System,7.724137931034483,0.08149129226756341,43.48275862068966,45.0,16.44918948108685
Chronic Pain,Fentora,9.333333333333334,0.3004059829059829,20.666666666666668,9.0,9.367478632478635
Chronic Pain,Hydromorphone,8.376811594202898,0.09051962285471603,44.46376811594203,265.0,38.924517506578994
Chronic Pain,Infumorph,9.0,0.1938888888888889,18.5,2.0,7.887777777777778
Chronic Pain,Kadian,8.4,0.11674724511599513,26.4,32.0,12.07349449023199
Chronic Pain,MS Contin,8.181818181818182,0.10199678968618363,53.54545454545455,68.0,20.98581176119055
Chronic Pain,Methadone,8.977011494252874,0.09135007520985014,58.4367816091954,328.0,48.26086106995994
Chronic Pain,Methadone Diskets,9.714285714285714,0.17465451992762918,57.285714285714285,23.0,17.992166182712403
Chronic Pain,Methadose,8.5,0.10388888888888889,36.5,25.0,13.40777777777778
Chronic Pain,Morphine,7.639175257731959,0.07887007547481362,29.896907216494846,221.0,31.292791697341382
Chronic Pain,Morphine / naltrexone,4.695652173913044,-0.022770552375074894,22.91304347826087,30.0,9.415328460467244
Chronic Pain,Naloxone / pentazocine,8.2,0.140252886002886,10.0,17.0,7.260505772005772
Chronic Pain,Oramorph SR,6.0,0.17142857142857143,4.0,3.0,3.8428571428571434
Chronic Pain,Oxaydo,8.0,0.15833333333333333,12.0,1.0,6.016666666666667
Chronic Pain,OxyContin,7.882352941176471,0.07347702899137412,61.549019607843135,188.0,34.409699156021965
Chronic Pain,Oxycodone,7.98876404494382,0.1107510713750885,39.69662921348315,472.0,58.556333603424335
Chronic Pain,Oxyfast,10.0,0.4063988095238095,61.0,3.0,17.312797619047622
Chronic Pain,Percocet,8.588235294117647,0.07273014476923147,49.411764705882355,148.0,28.26310734836199
Chronic Pain,Prialt,1.0,-0.25486111111111104,6.0,2.0,1.290277777777778
Chronic Pain,Primlev,9.0,0.16,16.0,2.0,7.32
Chronic Pain,Roxicet,4.0,0.19992424242424242,14.75,19.0,6.8498484848484855
Chronic Pain,Roxicodone,9.19047619047619,0.2548017369835551,65.76190476190476,41.0,21.43817490253854
Chronic Pain,Roxicodone Intensol,10.0,0.44999999999999996,21.0,5.0,9.600000000000001
Chronic Pain,Ryzolt,1.0,-0.14375000000000002,11.0,7.0,3.0125
Chronic Pain,Subsys,8.333333333333334,0.028624579124579136,17.0,5.0,7.290582491582493
Chronic Pain,Subutex,8.9,0.10006555481555482,40.1,61.0,17.88013110963111
Chronic Pain,Talwin Nx,7.333333333333333,-0.07587481962481962,11.333333333333334,11.0,6.148250360750362
Chronic Pain,Tramadol,6.158415841584159,0.05814269856976434,28.435643564356436,820.0,90.26678044664447
Chronic Pain,Tylox,10.0,0.06666666666666668,20.0,8.0,8.933333333333334
Chronic Pain,Ultram,5.111111111111111,0.020838143338143333,45.833333333333336,142.0,25.4527873977874
Chronic Pain,Ultram ER,9.0,0.048611111111111105,23.333333333333332,19.0,10.26388888888889
Chronic Pain,Ultram ODT,5.8,0.09751489185417757,32.8,9.0,9.975029783708354
Chronic Pain,Xartemis XR,8.333333333333334,0.23672438672438675,41.333333333333336,4.0,12.473448773448775
Chronic Pain,Xtampza ER,5.3,0.0017572386593526445,10.2,10.0,5.163514477318706
Chronic Pain,Ziconotide,4.0,-0.12743055555555552,4.5,3.0,2.5451388888888893
Chronic Pancreatitis,Creon,6.333333333333333,0.0599074074074074,30.333333333333332,9.0,9.619814814814815
Chronic Pancreatitis,Hi-Vegi-Lip,9.0,-0.11383928571428573,8.0,1.0,5.072321428571428
Chronic Pancreatitis,Pancreatin,9.0,-0.11383928571428573,8.0,1.0,5.072321428571428
Chronic Pancreatitis,Pancreaze,9.0,0.3325,13.0,1.0,6.965
Chronic Pancreatitis,Pancrelipase,7.111111111111111,0.10921035754369088,25.666666666666668,18.0,9.996198492865162
Chronic Pancreatitis,Zenpep,10.0,-0.58203125,4.0,1.0,3.7359375
Chronic Spasticity,Baclofen,6.5,0.11124833885250551,27.75,159.0,24.272496677705014
Chronic Spasticity,Botox,5.5,0.011488095238095235,5.5,160.0,19.32297619047619
Chronic Spasticity,Dantrolene,10.0,0.13439153439153437,57.5,2.0,15.968783068783068
Chronic Spasticity,Gablofen,8.5,0.29166666666666663,35.0,3.0,11.283333333333335
Chronic Spasticity,Lioresal,1.0,0.1,8.0,14.0,3.6000000000000005
Chronic Spasticity,Lioresal Intrathecal,3.5,0.275,27.0,3.0,7.65
Chronic Spasticity,OnabotulinumtoxinA,5.5,0.011488095238095235,5.5,167.0,20.02297619047619
Clostridial Infection,Dificid,9.333333333333334,0.11609848484848484,25.666666666666668,3.0,9.398863636363638
Clostridial Infection,Fidaxomicin,8.6,0.03299242424242423,15.6,5.0,7.1259848484848485
Clostridial Infection,Flagyl,6.25,-0.03335858585858586,16.5,141.0,19.83328282828283
Clostridial Infection,Lactobacillus acidophilus,9.0,0.5048611111111112,11.0,15.0,8.309722222222224
Clostridial Infection,Metronidazole,5.2631578947368425,-0.1337581420728742,9.842105263157896,922.0,96.00616792638057
Clostridial Infection,Vancomycin,7.0,0.16607142857142856,27.5,18.0,10.432142857142859
Cluster Headaches,Cafergot,9.0,0.08210565476190478,6.25,9.0,5.91421130952381
Cluster Headaches,Caffeine / ergotamine,8.5,0.04496753246753247,4.75,19.0,6.339935064935066
Cluster Headaches,Calan,10.0,0.0625,22.5,4.0,9.025
Cluster Headaches,Calan SR,10.0,0.0,27.0,7.0,10.1
Cluster Headaches,Cyproheptadine,9.5,0.3016666666666667,36.5,92.0,20.903333333333336
Cluster Headaches,D.H.E. 45,9.0,0.2850462962962963,1.3333333333333333,5.0,4.936759259259259
Cluster Headaches,Dihydroergotamine,9.5,0.05770833333333335,6.75,22.0,7.465416666666667
Cluster Headaches,Imitrex,8.875,0.15291657808956916,16.6875,114.0,18.59333315617914
Cluster Headaches,Imitrex Nasal,9.333333333333334,0.09444444444444448,2.6666666666666665,3.0,4.755555555555556
Cluster Headaches,Imitrex Statdose,9.666666666666666,0.16874999999999998,9.0,16.0,7.604166666666666
Cluster Headaches,Indomethacin,9.0,0.20748148148148146,6.4,103.0,15.594962962962963
Cluster Headaches,Isoptin SR,10.0,0.0,9.0,1.0,5.8999999999999995
Cluster Headaches,Lithium,8.0,0.1582878787878788,17.4,173.0,24.29657575757576
Cluster Headaches,Migranal,9.0,-0.12430555555555554,5.0,14.0,5.75138888888889
Cluster Headaches,Prednisone,9.166666666666666,0.11005291005291006,15.333333333333334,289.0,35.853439153439155
Cluster Headaches,Sterapred DS,10.0,0.0,14.0,1.0,6.9
Cluster Headaches,Sumatriptan,8.733333333333333,0.12930136741565312,7.977777777777778,269.0,32.247491623720194
Cluster Headaches,Sumavel DosePro,7.75,0.1283125,10.75,30.0,8.506625
Cluster Headaches,Tizanidine,7.3,0.028662826527026897,36.3,147.0,24.937325653054053
Cluster Headaches,Verapamil,9.025641025641026,0.14887618797882146,21.71794871794872,82.0,16.451598529803796
Cluster Headaches,Verelan,8.0,0.1685714285714286,11.0,2.0,5.937142857142858
Cluster Headaches,Verelan PM,10.0,0.10250000000000001,24.0,2.0,9.205
Cluster Headaches,Zanaflex,7.0,-4.313973063974075e-05,44.5,65.0,18.19991372053872
Cluster Headaches,Zolmitriptan,9.0,-0.3592592592592592,11.0,71.0,12.181481481481484
Cluster-Tic Syndrome,Carbamazepine,7.0,-0.09722222222222221,2.0,163.0,19.305555555555557
Coccidioidomycosis,Sporanox,9.0,0.07857142857142854,16.0,8.0,7.757142857142857
Cogan's Syndrome,Methotrexate,4.0,0.05833333333333333,7.0,121.0,15.216666666666669
Cold Sores,Acyclovir,8.32,-0.0460711005048756,11.08,97.0,15.15185779899025
Cold Sores,Acyclovir / hydrocortisone,10.0,0.29,1.0,1.0,4.88
Cold Sores,Benzocaine,9.5,-0.11249999999999999,12.5,8.0,6.875
Cold Sores,Denavir,8.821428571428571,0.003366327639465614,8.035714285714286,28.0,7.942446940993218
Cold Sores,Famciclovir,8.666666666666666,-0.018872098567476715,18.666666666666668,25.0,9.662255802865047
Cold Sores,Famvir,9.0,0.09101339285714286,32.0,8.0,10.982026785714286
Cold Sores,Penciclovir,9.25,0.0007747777559609825,7.71875,32.0,8.445299555511923
Cold Sores,Retre-Gel,10.0,0.07500000000000001,23.0,1.0,8.85
Cold Sores,Sitavig,8.8,0.08591923436041085,7.8,5.0,5.751838468720822
Cold Sores,Tetracaine,10.0,-0.09352240896358541,20.0,1.0,7.912955182072829
Cold Sores,Valacyclovir,9.21476510067114,-0.05403442641278895,18.34228187919463,238.0,31.046293563281807
Cold Sores,Valtrex,9.202247191011235,-0.04150854340929973,24.078651685393258,155.0,23.913612126664546
Cold Sores,Zovirax Cream,8.0,0.03248555421850879,9.818181818181818,14.0,6.628607472073382
Cold Sores,Zovirax Ointment,9.75,-0.10355297157622739,22.25,6.0,8.742894056847545
Cold Symptoms,Acetaminophen / chlorpheniramine,7.25,-0.006000000000000023,16.25,5.0,6.638
Cold Symptoms,Acetaminophen / chlorpheniramine / phenylephrine,4.666666666666667,-0.02528269085411944,3.1666666666666665,7.0,3.1494346182917616
Cold Symptoms,Acetaminophen / dextromethorphan / doxylamine / pseudoephedrine,8.2,0.14472222222222222,3.0,5.0,4.669444444444444
Cold Symptoms,Acetaminophen / diphenhydramine / phenylephrine,6.25,0.2457425213675214,0.75,4.0,3.541485042735043
Cold Symptoms,Actifed,8.166666666666666,0.20234449192782522,5.333333333333333,8.0,5.538022317188983
Cold Symptoms,Alka-Seltzer Plus Cold,9.5,0.49583333333333335,5.0,3.0,6.091666666666667
Cold Symptoms,Benadryl,9.5,0.10958333333333334,19.5,35.0,11.419166666666667
Cold Symptoms,Benadryl Allergy,7.0,0.07500000000000001,5.0,17.0,5.65
Cold Symptoms,Brompheniramine,10.0,-0.26,3.0,3.0,4.38
Cold Symptoms,Bronkaid,9.666666666666666,0.2977777777777778,5.0,3.0,5.762222222222222
Cold Symptoms,Cheratussin DAC,2.0,-0.38,5.0,1.0,1.1400000000000001
Cold Symptoms,Chlorpheniramine,9.0,0.2333333333333333,17.0,20.0,9.466666666666667
Cold Symptoms,Chlorpheniramine / hydrocodone,8.2,0.09848511904761906,5.9,81.0,12.756970238095239
Cold Symptoms,Chlorpheniramine / phenylephrine,10.0,0.5666666666666667,4.0,6.0,6.533333333333333
Cold Symptoms,Codeine / guaifenesin / pseudoephedrine,2.0,-0.38,5.0,1.0,1.1400000000000001
Cold Symptoms,Codimal DM,10.0,0.4375,1.0,1.0,5.175
Cold Symptoms,Coricidin HBP Cold & Flu,7.6,-0.03380000000000001,15.8,5.0,6.6324000000000005
Cold Symptoms,Dexbrompheniramine / pseudoephedrine,10.0,-0.08724242424242425,5.6,38.0,8.745515151515152
Cold Symptoms,Dextromethorphan / phenylephrine / pyrilamine,10.0,-0.016666666666666666,2.0,1.0,4.466666666666667
Cold Symptoms,Dextromethorphan / promethazine,10.0,1.0,5.0,6.0,7.6
Cold Symptoms,Diphenhydramine,6.75,0.011041666666666672,11.5,117.0,16.722083333333334
Cold Symptoms,Drixoral Cold and Allergy,10.0,-0.04525252525252525,8.285714285714286,39.0,9.466637806637808
Cold Symptoms,Echinacea,9.4,-0.008950000000000008,9.6,6.0,6.2621
Cold Symptoms,Ed A-Hist,10.0,0.7500000000000001,1.0,1.0,5.8
Cold Symptoms,Ephedrine / guaifenesin,9.375,0.2771022727272727,6.625,8.0,6.429204545454546
Cold Symptoms,Mucinex Fast-Max Night Time Cold & Flu,5.0,0.007692307692307758,0.0,1.0,2.1153846153846154
Cold Symptoms,Primatene,10.0,0.7500000000000001,3.0,1.0,6.199999999999999
Cold Symptoms,Promethazine DM,10.0,1.0,5.0,6.0,7.6
Cold Symptoms,Pseudoephedrine / triprolidine,8.166666666666666,0.22614850427350427,4.166666666666667,9.0,5.452297008547009
Cold Symptoms,Robitussin Cold Cough and Flu,10.0,0.0,1.0,1.0,4.3
Cold Symptoms,Rynatan,9.666666666666666,0.2111111111111111,3.3333333333333335,3.0,5.2555555555555555
Cold Symptoms,Sudafed PE Severe Cold,5.0,-0.012361111111111114,1.5,2.0,2.475277777777778
Cold Symptoms,Tussionex Pennkinetic,7.0,0.02245323129251701,6.285714285714286,59.0,10.002049319727892
Cold Symptoms,Vicks Nyquil D Cold and Flu Nighttime Relief,8.2,0.14472222222222222,3.0,5.0,4.669444444444444
Cold Symptoms,Vicks QlearQuil Nighttime Allergy Relief,1.0,-0.25,2.0,1.0,0.4
Colorectal Cance,Avastin,10.0,-0.044444444444444446,41.0,15.0,13.611111111111112
Colorectal Cance,Bevacizumab,10.0,-0.044444444444444446,41.0,17.0,13.811111111111114
Colorectal Cance,Camptosar,5.0,0.55,6.0,1.0,4.4
Colorectal Cance,Capecitabine,8.6,-0.024565356832163054,39.0,22.0,13.390869286335676
Colorectal Cance,Cetuximab,7.75,0.030588248556998564,14.5,7.0,6.761176497113998
Colorectal Cance,Erbitux,7.75,0.030588248556998564,14.5,8.0,6.8611764971139975
Colorectal Cance,Irinotecan,5.0,0.55,6.0,1.0,4.4
Colorectal Cance,Oxaliplatin,6.0,0.042794612794612795,16.0,3.0,5.985589225589226
Colorectal Cance,Panitumumab,3.3333333333333335,-0.5462962962962963,3.0,3.0,1.140740740740741
Colorectal Cance,Pembrolizumab,6.0,0.2125,0.0,10.0,3.825
Colorectal Cance,Stivarga,10.0,0.06574074074074074,0.0,2.0,4.3314814814814815
Colorectal Cance,Vectibix,8.0,-0.28888888888888886,0.0,1.0,2.7222222222222228
Colorectal Cance,Xeloda,8.833333333333334,-0.010509527089072539,57.166666666666664,14.0,16.34564761248852
Computed Tomography,Barium sulfate,4.625,-0.038497799654049654,10.125,8.0,4.5980044006919005
Computed Tomography,Readi-Cat,8.0,0.12058862433862436,21.5,2.0,7.941177248677248
Computed Tomography,Readi-Cat 2,1.0,-0.2,19.5,2.0,4.1000000000000005
Computed Tomography,Smoothie Readi-Cat 2,3.0,0.0346031746031746,11.0,1.0,3.56920634920635
Condylomata Acuminata,Aldara,6.0,0.10002066115702479,19.0,27.0,9.100041322314052
Condylomata Acuminata,Condylox,7.0,0.10042424242424242,15.2,5.0,6.540848484848485
Condylomata Acuminata,Echinacea,10.0,0.18452380952380953,13.0,6.0,7.569047619047618
Condylomata Acuminata,Imiquimod,7.75,0.09094155844155846,13.75,150.0,21.031883116883115
Condylomata Acuminata,Podofilox,7.842105263157895,0.02965191449013479,10.736842105263158,19.0,7.2435143552960595
Conjunctivitis,Alrex,10.0,0.1886904761904762,0.0,1.0,4.477380952380952
Conjunctivitis,Gatifloxacin,7.75,0.12696428571428572,6.25,5.0,5.103928571428572
Conjunctivitis,Lotemax,1.0,0.07777777777777778,4.0,6.0,1.9555555555555557
Conjunctivitis,Loteprednol,4.0,0.005489417989417988,1.3333333333333333,12.0,3.077645502645503
Conjunctivitis,Sulfacetamide sodium,10.0,-0.3194444444444444,3.0,2.0,4.161111111111111
Conjunctivitis,Zymar,9.5,0.12996031746031747,6.5,3.0,5.659920634920635
"Conjunctivitis, Allergic",Alamast,5.5,-0.11744791666666662,0.5,2.0,2.265104166666667
"Conjunctivitis, Allergic",Alcaftadine,6.3076923076923075,0.07324060199060199,14.461538461538462,13.0,6.8618658193658195
"Conjunctivitis, Allergic",Alocril,10.0,0.0,5.0,1.0,5.1
"Conjunctivitis, Allergic",Azelastine,9.5,0.48083333333333333,9.0,46.0,11.161666666666667
"Conjunctivitis, Allergic",Bepotastine,5.7272727272727275,-0.05715334854539398,4.363636363636363,11.0,4.149329666545576
"Conjunctivitis, Allergic",Bepreve,6.666666666666667,-0.036354689870314864,4.916666666666667,13.0,4.87729062025937
"Conjunctivitis, Allergic",Elestat,9.0,0.4222222222222222,4.0,3.0,5.544444444444444
"Conjunctivitis, Allergic",Epinastine,9.0,0.4222222222222222,4.0,3.0,5.544444444444444
"Conjunctivitis, Allergic",Ketotifen,9.571428571428571,0.25335068370782654,16.0,7.0,8.235272795987083
"Conjunctivitis, Allergic",Lastacaft,6.071428571428571,0.06702424757781901,18.714285714285715,14.0,7.70547706658421
"Conjunctivitis, Allergic",Nedocromil,10.0,0.0,5.0,1.0,5.1
"Conjunctivitis, Allergic",Optivar,10.0,0.195,16.0,1.0,7.6899999999999995
"Conjunctivitis, Allergic",Pemirolast,5.5,-0.11744791666666662,0.5,2.0,2.265104166666667
"Conjunctivitis, Allergic",Prednisone,9.0,0.9099999999999999,6.0,289.0,35.52
"Conjunctivitis, Allergic",Zaditor,10.0,0.10220959595959597,24.0,2.0,9.204419191919193
"Conjunctivitis, Bacterial",Azasite,3.3333333333333335,-0.0071212121212121185,13.0,3.0,4.21909090909091
"Conjunctivitis, Bacterial",Azithromycin,4.75,0.05704335016835018,9.75,548.0,58.764086700336705
"Conjunctivitis, Bacterial",Bacitracin / neomycin / polymyxin b,10.0,0.8,0.0,4.0,6.0
"Conjunctivitis, Bacterial",Bacitracin / polymyxin b,10.0,0.0,10.0,2.0,6.2
"Conjunctivitis, Bacterial",Besifloxacin,7.5,-0.1,5.0,2.0,4.0
"Conjunctivitis, Bacterial",Besivance,7.5,-0.1,5.0,2.0,4.0
"Conjunctivitis, Bacterial",Blephamide,10.0,0.28563636363636363,1.0,2.0,4.971272727272727
"Conjunctivitis, Bacterial",Ciprofloxacin,10.0,-0.11615620490620492,0.0,361.0,39.86768759018759
"Conjunctivitis, Bacterial",Dexamethasone / neomycin / polymyxin b,10.0,0.78,15.0,4.0,8.96
"Conjunctivitis, Bacterial",Dexamethasone / tobramycin,7.2,0.10211904761904762,20.6,6.0,7.804238095238096
"Conjunctivitis, Bacterial",Erythromycin,8.0,0.10000000000000002,12.0,19.0,7.700000000000001
"Conjunctivitis, Bacterial",Gramicidin / neomycin / polymyxin b,1.0,-0.15136363636363637,0.0,1.0,0.1972727272727273
"Conjunctivitis, Bacterial",Hydrocortisone / neomycin / polymyxin b,7.0,0.0875,0.0,10.0,3.975
"Conjunctivitis, Bacterial",Loteprednol / tobramycin,8.333333333333334,0.12552083333333333,7.0,3.0,5.284375000000001
"Conjunctivitis, Bacterial",Maxitrol,10.0,0.78,15.0,1.0,8.66
"Conjunctivitis, Bacterial",Moxeza,10.0,0.0,13.0,1.0,6.699999999999999
"Conjunctivitis, Bacterial",Moxifloxacin,6.75,0.1310763888888889,9.125,126.0,17.38715277777778
"Conjunctivitis, Bacterial",Neo-Poly-Dex,1.0,-0.23583333333333334,1.0,1.0,0.22833333333333336
"Conjunctivitis, Bacterial",Polymyxin b / trimethoprim,4.333333333333333,0.10808862433862433,13.0,3.0,4.8495105820105815
"Conjunctivitis, Bacterial",Polytrim,9.0,0.0,25.0,1.0,8.7
"Conjunctivitis, Bacterial",Prednisolone / sulfacetamide sodium,10.0,0.10948484848484849,4.0,2.0,5.218969696969697
"Conjunctivitis, Bacterial",TobraDex,7.0,0.12138888888888888,17.333333333333332,4.0,6.909444444444445
"Conjunctivitis, Bacterial",Tobramycin,9.0,-0.04472222222222221,13.0,3.0,6.410555555555556
"Conjunctivitis, Bacterial",Tobrex,10.0,0.18148148148148147,8.0,1.0,6.062962962962963
"Conjunctivitis, Bacterial",Vigamox,6.375,0.18128472222222222,6.0,11.0,5.212569444444444
"Conjunctivitis, Bacterial",Zylet,8.75,0.16549479166666664,8.5,5.0,6.030989583333334
Constipation,Amitiza,1.25,0.052485457251082245,14.0,140.0,17.404970914502165
Constipation,Bisacodyl,5.702173913043478,-0.052918221689816906,9.8,500.0,54.13503312183776
Constipation,Citrate of Magnesia,10.0,0.049999999999999996,138.5,2.0,32.00000000000001
Constipation,ClearLax,10.0,0.06174242424242424,40.5,2.0,12.423484848484847
Constipation,Colace,10.0,0.049999999999999996,146.0,1.0,33.400000000000006
Constipation,Correctol,4.923076923076923,-0.2059401634585458,11.307692307692308,15.0,5.318888903852139
Constipation,Docusate,6.666666666666667,0.08620767195767197,32.166666666666664,12.0,10.472415343915344
Constipation,Dulcolax,5.717808219178083,-0.0656176379847948,11.397260273972602,396.0,44.03534006649617
Constipation,Dulcolax Laxative,7.2727272727272725,0.07453891142527506,5.636363636363637,25.0,6.685441459214187
Constipation,Dulcolax Stool Softener,5.0,-0.1638888888888889,5.0,1.0,2.7722222222222226
Constipation,Enemeez Mini,9.0,0.08750000000000002,20.0,1.0,7.875
Constipation,Ex-Lax Maximum Relief Formula,2.0,-0.39999999999999997,6.0,1.0,1.3000000000000003
Constipation,Fleet Enema,9.214285714285714,0.13043761949224134,13.714285714285714,17.0,8.389446667555912
Constipation,Fleet Glycerin Suppositories Adult,10.0,0.20192307692307693,3.5,2.0,5.3038461538461545
Constipation,Fletchers Castoria,10.0,-0.04,5.0,1.0,5.02
Constipation,Glycerin,7.25,0.20121848290598288,8.25,4.0,5.352436965811966
Constipation,Lactobacillus acidophilus,8.0,0.0,7.0,15.0,6.1000000000000005
Constipation,Linaclotide,6.777777777777778,0.09747065801629294,32.27777777777778,337.0,43.06160798269926
Constipation,Linzess,7.194444444444445,0.11664804251175781,35.72222222222222,324.0,42.655518307245735
Constipation,Lubiprostone,2.3333333333333335,0.013809523809523811,21.666666666666668,139.0,19.194285714285716
Constipation,Magnesium citrate,9.06060606060606,0.04160442489721533,33.32727272727273,169.0,27.272905819491402
Constipation,Magnesium hydroxide,8.725274725274724,0.08862021121969477,27.197802197802197,100.0,19.10691075210972
Constipation,Magnesium oxide,9.428571428571429,0.18738838212052497,64.57142857142857,10.0,18.06049104995534
Constipation,Metamucil,8.5,0.1747255291005291,26.0,11.0,10.04945105820106
Constipation,Methylcellulose,7.666666666666667,-0.023888888888888866,10.666666666666666,3.0,5.452222222222223
Constipation,Milk of Magnesia,8.75,0.19364985564204312,17.25,12.0,8.537299711284087
Constipation,MiraLax,9.013698630136986,0.11225172560646222,66.3972602739726,83.0,25.409434958062242
Constipation,PEG3350,9.0,-0.0022727272727272696,2.0,2.0,4.195454545454545
Constipation,Phillips' Milk of Magnesia,8.746478873239436,0.07639009608154737,29.830985915492956,75.0,17.11756892455746
Constipation,Polyethylene glycol 3350,8.83673469387755,0.08413700766295,51.87755102040816,113.0,25.378478096958553
Constipation,Psyllium,8.5,0.1747255291005291,26.0,13.0,10.24945105820106
Constipation,Senexon,6.0,0.00494505494505497,0.0,1.0,2.5098901098901103
Constipation,Senna,6.291666666666667,-0.027095565602010197,15.333333333333334,50.0,10.529142202129314
Constipation,Senna Lax,1.0,-0.21458333333333335,8.0,2.0,1.7708333333333333
Constipation,Senokot,4.882352941176471,-0.009901267847130009,23.0,17.0,8.233138640776328
Constipation,Sodium biphosphate / sodium phosphate,9.52,0.09895780140338964,12.88,32.0,9.78191560280678
"Constipation, Acute",Doc-Q-Lax,8.0,0.39999999999999997,3.0,1.0,4.699999999999999
"Constipation, Acute",Doculax,2.0,-0.6410714285714285,2.0,1.0,0.017857142857143044
"Constipation, Acute",Docusate / senna,7.666666666666667,0.13318452380952384,10.5,6.0,6.033035714285715
"Constipation, Acute",Lactulose,8.555555555555555,0.14556544278766503,39.55555555555556,27.0,14.324464218908663
"Constipation, Acute",MiraLax,9.5,-0.043308531746031755,29.75,83.0,17.963382936507937
"Constipation, Acute",Peri-Colace,10.0,0.55625,19.0,1.0,9.0125
"Constipation, Acute",Polyethylene glycol 3350,8.88888888888889,0.021502425044091722,55.77777777777778,113.0,26.054115961199297
"Constipation, Acute",Senna Plus,9.0,0.32416666666666666,13.0,1.0,6.948333333333332
"Constipation, Acute",Senna S,6.0,0.4,28.0,1.0,8.9
"Constipation, Acute",Senokot S,9.5,0.10299603174603175,46.0,2.0,13.405992063492064
"Constipation, Chronic",Amitiza,6.6835443037974684,0.05388330952334117,36.835443037974684,140.0,24.148272948160606
"Constipation, Chronic",Constulose,10.0,1.0,103.0,1.0,26.700000000000003
"Constipation, Chronic",GaviLyte-N,10.0,0.36944444444444446,12.0,4.0,7.53888888888889
"Constipation, Chronic",GoLYTELY,9.333333333333334,0.2388888888888889,23.333333333333332,19.0,10.777777777777779
"Constipation, Chronic",Lactulose,9.055555555555555,0.03682638417632425,45.27777777777778,27.0,15.451430546130425
"Constipation, Chronic",Linaclotide,7.352331606217617,0.06783254619234502,43.61139896373057,337.0,45.49887752761785
"Constipation, Chronic",Linzess,7.304347826086956,0.0598789837081365,43.869565217391305,324.0,44.215410141329315
"Constipation, Chronic",Lubiprostone,6.931034482758621,0.059975925913648274,35.333333333333336,139.0,23.85903231159741
"Constipation, Chronic",Methylnaltrexone,8.0,-0.04166666666666664,22.0,21.0,9.616666666666667
"Constipation, Chronic",Movantik,1.0,-0.131155303030303,12.5,102.0,12.837689393939396
"Constipation, Chronic",MoviPrep,9.333333333333334,0.0106977281977282,19.333333333333332,147.0,22.321395456395457
"Constipation, Chronic",Naloxegol,1.0,-0.131155303030303,12.5,100.0,12.637689393939393
"Constipation, Chronic",Polyethylene glycol 3350 with electrolytes,9.375,0.16762386204481794,11.875,213.0,27.760247724089638
"Constipation, Chronic",Tegaserod,9.875,0.0977698248720976,13.0,16.0,8.345539649744195
"Constipation, Chronic",Zelnorm,9.857142857142858,0.17487250754296207,13.714285714285714,16.0,8.63545930080021
"Constipation, Drug Induced",Amitiza,5.833333333333333,0.066928457345124,25.75,140.0,21.617190248023583
"Constipation, Drug Induced",Lubiprostone,5.9,0.1429649470899471,26.6,139.0,21.865929894179896
"Constipation, Drug Induced",Methylnaltrexone,7.2105263157894735,0.02711208306191859,27.0,21.0,10.438434692439627
"Constipation, Drug Induced",Movantik,4.25,-0.05480840071726976,25.273809523809526,102.0,16.84514510332737
"Constipation, Drug Induced",Naloxegol,4.819277108433735,-0.011721840135205015,25.03614457831325,100.0,16.911496078765737
"Constipation, Drug Induced",Relistor,6.8,-0.00042023723217919434,24.6,23.0,9.939159525535644
Corneal Ulce,Ofloxacin,9.0,0.18333333333333335,15.0,6.0,7.566666666666666
Coronary Artery Disease,Amlodipine,1.0,-0.12006802721088435,28.0,179.0,23.659863945578234
Coronary Artery Disease,Lisinopril,2.0,0.01125,39.0,292.0,37.822500000000005
Costochondritis,Aleve,10.0,0.21875,12.0,66.0,13.4375
Costochondritis,Flanax Pain Reliever,10.0,0.65,8.0,1.0,7.0
Costochondritis,Lidocaine,10.0,0.30000000000000004,10.0,95.0,16.1
Costochondritis,Naprosyn,10.0,0.26111111111111107,17.0,19.0,9.822222222222223
Costochondritis,Naproxen,10.0,0.3477430555555555,13.5,308.0,38.19548611111111
Cough,Acetaminophen / codeine,8.5,0.1574826388888889,22.875,103.0,18.58996527777778
Cough,Acetaminophen / hydrocodone,9.7,0.1282749433106576,35.2,498.0,60.97654988662132
Cough,Benadryl,9.0,0.05357142857142857,26.0,35.0,12.407142857142858
Cough,Benzonatate,5.059113300492611,0.020272548137938152,18.70935960591133,203.0,26.10606233765519
Cough,Buckleys Mixture,7.5,0.525,3.0,2.0,4.8500000000000005
Cough,Cheratussin AC,5.571428571428571,-0.12329317838246408,28.476190476190474,22.0,9.877223167044596
Cough,Chlorpheniramine / hydrocodone,9.428571428571429,0.13017008768698432,12.457142857142857,81.0,14.623197318231112
Cough,Codeine,10.0,-0.057102272727272724,11.5,28.0,8.985795454545455
Cough,Codeine / guaifenesin,6.05,-0.015479063343237443,21.9,40.0,10.769041873313526
Cough,Codeine / promethazine,7.666666666666667,0.10166736812570147,15.527777777777779,36.0,9.975556958473625
Cough,Delsym,3.4875,-0.056051923247231385,8.7625,80.0,11.035396153505538
Cough,Delsym 12 Hour Cough Relief,5.666666666666667,-0.02877658863769975,4.333333333333333,9.0,3.975780156057934
Cough,Dextromethorphan,3.7704918032786887,-0.05235199456308587,7.024590163934426,122.0,15.00841076497219
Cough,Dextromethorphan / guaifenesin,6.625,0.06949074074074074,12.125,10.0,6.213981481481483
Cough,Dextromethorphan / promethazine,6.2,-0.039999999999999966,10.6,6.0,5.120000000000001
Cough,Dilaudid,10.0,-0.06666666666666665,18.0,196.0,27.06666666666667
Cough,Diphenhydramine,8.0,0.21428571428571427,15.0,117.0,18.32857142857143
Cough,Gabapentin,9.0,-0.13739669421487602,15.5,1047.0,111.12520661157025
Cough,Guaifenesin,6.611111111111111,0.05514494482314422,17.75,117.0,18.004734334090735
Cough,Guaifenesin / hydrocodone,9.5,0.07749999999999999,2.0,2.0,4.555000000000001
Cough,Homatropine / hydrocodone,7.742424242424242,0.12990867568432996,14.969696969696969,66.0,12.950726442277752
Cough,Hycodan,8.277777777777779,0.17904414258580925,14.11111111111111,18.0,8.291421618504954
Cough,Hydromet,8.291666666666666,0.1489825931468924,25.25,25.0,11.164631852960452
Cough,Hydromorphone,10.0,-0.06666666666666665,18.0,265.0,33.96666666666667
Cough,Lortab,10.0,0.8,28.0,98.0,21.0
Cough,Mucinex,6.375,0.0042833274529703235,29.625,62.0,14.683566654905942
Cough,Mucinex DM,7.666666666666667,0.11547619047619047,17.666666666666668,4.0,7.230952380952382
Cough,Mucinex Maximum Strength,9.0,0.09166666666666667,7.0,2.0,5.383333333333334
Cough,Promethazine DM,7.2,0.12450000000000001,10.2,6.0,5.769
Cough,Robitussin Cough + Chest Congestion DM,10.0,0.9099999999999999,21.0,1.0,10.12
Cough,Robitussin CoughGels Long-Acting,6.0,0.056944444444444436,5.5,2.0,3.8138888888888896
Cough,Tessalon,7.25,0.06697916666666667,21.875,8.0,8.208958333333333
Cough,Tessalon Perles,6.509803921568627,-0.009742268624621563,31.392156862745097,51.0,13.962868403927228
Cough,TussiCaps,9.666666666666666,0.057175925925925936,11.0,3.0,6.4810185185185185
Cough,Tussigon,10.0,0.0,18.0,1.0,7.699999999999999
Cough,Tussionex Pennkinetic,9.27450980392157,0.10567196738020787,12.784313725490197,59.0,12.378010601427084
Cough,Tylenol with Codeine #3,7.0,-0.09197916666666667,37.5,65.0,16.616041666666668
Cough,Vicks Formula 44,5.0,0.2060846560846561,0.0,1.0,2.5121693121693123
Cough,Vicodin,10.0,-0.05333333333333332,128.0,91.0,38.593333333333334
Cough,Vicodin ES,10.0,0.4,26.5,11.0,11.200000000000001
Cough,Virtussin A / C,1.0,-0.25,4.0,1.0,0.8
Cough and Nasal Congestion,Bromfed DM,6.625,0.19040798611111112,9.75,8.0,5.780815972222222
Cough and Nasal Congestion,Brompheniramine / codeine / phenylephrine,10.0,0.9,2.0,1.0,6.3
Cough and Nasal Congestion,Brompheniramine / dextromethorphan / phenylephrine,1.25,0.05274305555555553,2.5,4.0,1.5054861111111109
Cough and Nasal Congestion,Brompheniramine / dextromethorphan / pseudoephedrine,6.0,0.14083267195767193,7.266666666666667,15.0,5.634998677248678
Cough and Nasal Congestion,BroveX PEB DM,2.0,0.6366666666666666,0.0,1.0,2.1733333333333333
Cough and Nasal Congestion,Capmist DM,10.0,0.0,2.0,1.0,4.5
Cough and Nasal Congestion,Chlophedianol / guaifenesin / pseudoephedrine,9.0,0.29500000000000004,4.0,1.0,5.09
Cough and Nasal Congestion,Chlorpheniramine / dextromethorphan,3.8,0.04855555555555557,7.2,5.0,3.5571111111111113
Cough and Nasal Congestion,Chlorpheniramine / dextromethorphan / phenylephrine,7.5,0.29519675925925926,5.5,4.0,5.090393518518519
Cough and Nasal Congestion,Chlorpheniramine / dextromethorphan / pseudoephedrine,9.75,0.41302188552188557,6.5,4.0,6.426043771043772
Cough and Nasal Congestion,Chlorpheniramine / hydrocodone / phenylephrine,9.666666666666666,0.061375661375661354,2.6666666666666665,3.0,4.822751322751323
Cough and Nasal Congestion,Chlorpheniramine / hydrocodone / pseudoephedrine,10.0,0.19071384297520663,6.363636363636363,11.0,6.754154958677686
Cough and Nasal Congestion,Coricidin HBP Cough & Cold,2.0,-0.10888888888888887,8.0,1.0,2.2822222222222224
Cough and Nasal Congestion,Dextromethorphan / guaifenesin / phenylephrine,7.0,0.06089891975308642,1.0,3.0,3.4217978395061737
Cough and Nasal Congestion,Dextromethorphan / guaifenesin / pseudoephedrine,9.6,0.09208333333333332,2.6,5.0,5.044166666666667
Cough and Nasal Congestion,Dimetapp Children's Cold & Cough,1.0,-0.3378472222222222,2.0,2.0,0.3243055555555557
Cough and Nasal Congestion,Guaifenesin / phenylephrine,8.5,-0.13047991071428572,6.25,7.0,5.089040178571429
Cough and Nasal Congestion,Guaifenesin / pseudoephedrine,6.683098591549296,0.05802761231319438,14.753521126760564,142.0,19.93999888659822
Cough and Nasal Congestion,Hydrocodone / pseudoephedrine,8.25,0.37628472222222226,2.5,4.0,4.952569444444445
Cough and Nasal Congestion,M-End PE,10.0,0.9,2.0,1.0,6.3
Cough and Nasal Congestion,Maxichlor PSE DM,10.0,1.0,0.0,1.0,6.1
Cough and Nasal Congestion,Maxifed DM,8.0,0.0,0.0,1.0,3.3000000000000003
Cough and Nasal Congestion,Mucinex D,6.385964912280702,0.044041286246654904,15.903508771929825,114.0,17.223170291791554
Cough and Nasal Congestion,Mucinex D Maximum Strength,5.428571428571429,-0.08609782454648526,0.8571428571428571,7.0,2.870661493764173
Cough and Nasal Congestion,Mucinex Fast-Max Severe Congestion & Cough,10.0,0.12337962962962962,0.5,2.0,4.546759259259259
Cough and Nasal Congestion,Rezira,9.0,0.196712962962963,3.6666666666666665,4.0,5.126759259259259
Cough and Nasal Congestion,Vanatab DX,9.0,0.29500000000000004,4.0,1.0,5.09
Cough and Nasal Congestion,Zutripro,10.0,0.15141022727272727,6.8,11.0,6.762820454545455
Crohn's Disease,Adalimumab,6.208333333333333,0.10997874575511295,24.041666666666668,295.0,37.01162415817689
Crohn's Disease,Apriso,2.3333333333333335,-0.1685185185185185,10.666666666666666,14.0,4.12962962962963
Crohn's Disease,Asacol,7.5,0.08162037037037037,8.25,35.0,8.313240740740742
Crohn's Disease,Azasan,10.0,0.16020408163265307,20.0,2.0,8.520408163265305
Crohn's Disease,Azathioprine,4.5,0.2011111111111111,10.5,44.0,8.702222222222222
Crohn's Disease,Balsalazide,6.333333333333333,-0.07256944444444442,8.0,15.0,5.488194444444444
Crohn's Disease,Budesonide,7.8,0.09382323232323232,17.8,53.0,12.167646464646467
Crohn's Disease,Certolizumab,5.0,0.10757575757575757,7.0,18.0,5.415151515151515
Crohn's Disease,Cholestyramine,9.0,0.13324733908067243,38.5,51.0,16.666494678161346
Crohn's Disease,Cholestyramine Light,10.0,0.3375,26.0,2.0,10.075
Crohn's Disease,Cimzia,9.0,0.10992063492063493,21.0,14.0,9.419841269841271
Crohn's Disease,Cipro,10.0,0.0,40.0,165.0,28.5
Crohn's Disease,Ciprofloxacin,10.0,-0.09249999999999999,23.5,361.0,44.615
Crohn's Disease,Colazal,9.333333333333334,0.15520833333333334,8.333333333333334,8.0,6.510416666666667
Crohn's Disease,Entocort EC,9.0,-0.12749999999999997,28.0,12.0,10.145
Crohn's Disease,Entyvio,3.25,-0.06461174242424242,10.375,14.0,4.645776515151516
Crohn's Disease,Humira,6.2272727272727275,0.0992412968975469,26.90909090909091,295.0,37.571209866522366
Crohn's Disease,HyoMax SR,8.0,0.0,13.0,1.0,5.9
Crohn's Disease,Hyoscyamine,9.0,0.20833333333333331,15.0,42.0,11.216666666666667
Crohn's Disease,Imuran,4.5,0.2011111111111111,10.5,33.0,7.602222222222222
Crohn's Disease,Infliximab,5.5,-0.05406984156003762,8.2,109.0,14.631860316879926
Crohn's Disease,Levsin SL,10.0,0.200625,26.0,4.0,10.00125
Crohn's Disease,Lialda,7.25,0.2620920868347339,12.0,57.0,11.524184173669468
Crohn's Disease,Mesalamine,7.8125,0.22135594168222844,9.25,179.0,23.31771188336446
Crohn's Disease,Pentasa,8.6,0.1378080808080808,10.6,37.0,9.535616161616161
Crohn's Disease,Prevalite,8.0,0.17142857142857143,62.0,2.0,16.142857142857142
Crohn's Disease,Questran,10.0,0.2625,65.0,4.0,17.924999999999997
Crohn's Disease,Questran Light,6.0,-0.02963684463684463,46.0,1.0,11.640726310726311
Crohn's Disease,Remicade,5.75,-0.059562610592022336,9.875,104.0,14.555874778815955
Crohn's Disease,Rifaximin,9.25,0.03333333333333334,29.25,43.0,13.916666666666668
Crohn's Disease,Sulfasalazine,9.333333333333334,0.0683964954798288,11.666666666666666,47.0,10.903459657626325
Crohn's Disease,Tacrolimus,10.0,0.04722222222222223,0.0,49.0,8.994444444444444
Crohn's Disease,Ustekinumab,8.0,0.6,0.0,77.0,12.100000000000001
Crohn's Disease,Vedolizumab,4.090909090909091,-0.02089597271415453,8.909090909090908,17.0,5.076389872753509
Crohn's Disease,Xifaxan,9.25,0.03333333333333334,29.25,30.0,12.616666666666667
"Crohn's Disease, Acute",Adalimumab,6.6,0.08616666666666668,29.2,295.0,38.15233333333333
"Crohn's Disease, Acute",Azathioprine,5.5,0.09166666666666667,3.5,44.0,7.483333333333334
"Crohn's Disease, Acute",Budesonide,8.666666666666666,0.17032051282051283,62.333333333333336,53.0,21.57397435897436
"Crohn's Disease, Acute",Certolizumab,5.0,0.2681818181818182,11.0,18.0,6.536363636363636
"Crohn's Disease, Acute",Entocort EC,8.666666666666666,0.17032051282051283,62.333333333333336,12.0,17.47397435897436
"Crohn's Disease, Acute",Flagyl,9.0,0.048437499999999994,15.0,141.0,20.796875
"Crohn's Disease, Acute",Humira,6.833333333333333,0.10347222222222224,25.666666666666668,295.0,37.57361111111111
"Crohn's Disease, Acute",Imuran,2.0,0.016666666666666677,6.0,33.0,5.333333333333334
"Crohn's Disease, Acute",Infliximab,6.6,0.07683178626928626,7.9,109.0,15.273663572538574
"Crohn's Disease, Acute",Mercaptopurine,10.0,0.78,14.0,10.0,9.360000000000001
"Crohn's Disease, Acute",Metronidazole,7.0,0.05270306702226344,5.0,922.0,96.10540613404453
"Crohn's Disease, Acute",Remicade,7.625,0.09674753198190698,8.375,104.0,15.318495063963814
"Crohn's Disease, Acute",Sulfasalazine,1.0,0.25,8.0,47.0,7.2
"Crohn's Disease, Acute",Sulfazine,1.0,0.25,8.0,7.0,3.2
"Crohn's Disease, Maintenance",Adalimumab,7.923076923076923,0.134162624317329,41.65384615384615,295.0,41.26832524863466
"Crohn's Disease, Maintenance",Asacol,9.166666666666666,0.17666666666666664,17.166666666666668,35.0,10.953333333333333
"Crohn's Disease, Maintenance",Asacol HD,10.0,0.3125,12.0,3.0,7.325
"Crohn's Disease, Maintenance",Azathioprine,7.625,0.14740188878581736,22.125,44.0,12.169803777571635
"Crohn's Disease, Maintenance",Budesonide,9.5,0.21499999999999997,21.5,53.0,13.830000000000002
"Crohn's Disease, Maintenance",Certolizumab,9.0,0.21969999999999995,17.6,18.0,9.3594
"Crohn's Disease, Maintenance",Cimzia,8.75,0.09962499999999998,12.75,14.0,7.64925
"Crohn's Disease, Maintenance",Entocort EC,7.0,0.275,26.0,12.0,9.75
"Crohn's Disease, Maintenance",Flagyl,10.0,-0.1416666666666667,4.0,141.0,18.616666666666667
"Crohn's Disease, Maintenance",Humira,7.62962962962963,0.13868533902776628,46.0,295.0,42.029222529907386
"Crohn's Disease, Maintenance",Imuran,6.857142857142857,0.15424525870954442,19.285714285714285,33.0,10.20849051741909
"Crohn's Disease, Maintenance",Infliximab,7.72,0.049079185670914995,30.84,109.0,20.25415837134183
"Crohn's Disease, Maintenance",Mercaptopurine,3.6,0.03405011655011654,6.6,10.0,3.8281002331002334
"Crohn's Disease, Maintenance",Mesalamine,8.12,0.1240797353109853,19.72,179.0,25.340159470621973
"Crohn's Disease, Maintenance",Metronidazole,9.0,-0.27976190476190477,2.0,922.0,95.64047619047619
"Crohn's Disease, Maintenance",Pentasa,7.96,0.14617109533984535,21.84,37.0,11.544342190679693
"Crohn's Disease, Maintenance",Remicade,7.1,0.05470210515605252,29.6,104.0,19.269404210312103
"Crohn's Disease, Maintenance",Salofalk,10.0,0.16999999999999998,0.0,6.0,4.9399999999999995
Croup,Decadron,9.0,0.0,5.0,12.0,5.8
Croup,Dexamethasone,9.0,0.0,5.0,45.0,9.1
Cutaneous Candidiasis,Econazole,10.0,-0.13333333333333333,10.0,10.0,6.733333333333333
Cutaneous Candidiasis,Nystatin,8.833333333333334,0.06072601010101011,11.333333333333334,20.0,7.921452020202021
Cutaneous Candidiasis,Nystatin / triamcinolone,10.0,0.2888888888888889,31.666666666666668,5.0,11.411111111111111
Cutaneous Candidiasis,Terbinafine,1.5,0.08617241753472223,3.0,173.0,18.672344835069445
Cutaneous Larva Migrans,Albendazole,9.0,0.17732638888888894,4.5,4.0,5.254652777777778
Cutaneous T-cell Lymphoma,Bexarotene,9.5,0.43083333333333335,7.5,2.0,6.361666666666667
Cutaneous T-cell Lymphoma,Targretin,9.0,0.8,3.0,1.0,5.9
Cyclic Vomiting Syndrome,Amitriptyline,9.125,-0.023458669771448785,17.9375,695.0,76.6905826604571
Cyclic Vomiting Syndrome,Elavil,9.0,0.040457294028722605,11.333333333333334,116.0,17.547581254724115
Cyclic Vomiting Syndrome,Nortriptyline,8.6,0.007916666666666673,9.0,241.0,29.355833333333337
Cyclic Vomiting Syndrome,Pamelor,7.0,-0.5,10.0,18.0,5.6000000000000005
Cyclic Vomiting Syndrome,Sumatriptan,9.0,0.07273809523809523,8.333333333333334,269.0,32.31214285714286
Cyclitis,Loteprednol,10.0,-0.0625,1.0,12.0,5.275
Cyclothymic Disorde,Lamotrigine,8.5,0.12908660468319558,14.0,591.0,65.55817320936639
Cyclothymic Disorde,Lithium,10.0,0.12224789915966386,19.5,173.0,25.44449579831933
Cyclothymic Disorde,Oxcarbazepine,10.0,0.020047619047619047,8.0,133.0,18.94009523809524
Cystic Fibrosis,Advil,10.0,0.475,9.0,14.0,8.15
Cystic Fibrosis,Amikin,1.0,0.0,5.0,1.0,1.5
Cystic Fibrosis,Azithromycin,9.0,-0.4,2.0,548.0,58.00000000000001
Cystic Fibrosis,Creon,10.0,0.425,14.5,9.0,8.65
Cystic Fibrosis,Dornase alfa,10.0,0.25342312008978674,9.0,1.0,6.406846240179573
Cystic Fibrosis,Ibuprofen,10.0,0.475,9.0,85.0,15.25
Cystic Fibrosis,Pancrelipase,10.0,0.2901325757575758,13.0,18.0,8.980265151515152
Dandruff,Ketoconazole,7.4,0.09654166666666666,7.6,25.0,7.173083333333334
Dandruff,Nizoral A-D,10.0,0.10694444444444445,20.0,2.0,8.413888888888888
Dandruff,Nizoral Shampoo,5.0,0.10937500000000001,0.0,1.0,2.31875
Dandruff,Salicylic acid / sulfur,10.0,0.2465909090909091,0.0,2.0,4.693181818181818
Deep Neck Infection,Clindamycin,9.0,0.028697691197691205,13.5,385.0,44.85739538239538
Deep Neck Infection,Metronidazole,9.0,0.0,0.0,922.0,95.8
Deep Neck Infection,Zosyn,9.0,0.5,18.0,2.0,8.399999999999999
Deep Vein Thrombosis,Apixaban,5.8,0.0975,28.4,45.0,12.695
Deep Vein Thrombosis,Arixtra,8.0,-0.24583333333333335,5.0,3.0,4.008333333333334
Deep Vein Thrombosis,Dabigatran,7.0,0.1299802578374007,13.8,58.0,11.619960515674803
Deep Vein Thrombosis,Eliquis,5.8,0.0975,28.4,31.0,11.295
Deep Vein Thrombosis,Enoxaparin,9.0,0.2741071428571429,16.25,7.0,8.098214285714285
Deep Vein Thrombosis,Fondaparinux,8.0,-0.24583333333333335,5.0,5.0,4.208333333333334
Deep Vein Thrombosis,Innohep,10.0,0.4600000000000001,9.0,1.0,6.819999999999999
Deep Vein Thrombosis,Lovenox,9.333333333333334,0.6,16.666666666666668,6.0,8.866666666666667
Deep Vein Thrombosis,Pradaxa,6.5,0.1374835481978339,12.0,55.0,10.774967096395669
Deep Vein Thrombosis,Rivaroxaban,6.333333333333333,0.04369403322853844,26.733333333333334,83.0,16.26738806645708
Deep Vein Thrombosis,Tinzaparin,7.0,-0.11145833333333333,0.0,1.0,2.6770833333333335
Deep Vein Thrombosis,Xarelto,6.391304347826087,0.034098065814268254,30.0,76.0,16.224717870758973
Deep Vein Thrombosis Prophylaxis after Hip Replacement Surgery,Enoxaparin,10.0,0.008333333333333338,0.0,7.0,4.716666666666667
Deep Vein Thrombosis Prophylaxis after Hip Replacement Surgery,Xarelto,6.0,0.09999999999999999,7.0,76.0,11.600000000000001
Deep Vein Thrombosis Prophylaxis after Knee Replacement Surgery,Coumadin,10.0,-0.2,8.0,11.0,6.300000000000001
Deep Vein Thrombosis Prophylaxis after Knee Replacement Surgery,Warfarin,10.0,-0.2,8.0,27.0,7.9
"Deep Vein Thrombosis, First Event",Coumadin,9.5,0.34686011904761904,42.75,11.0,14.14372023809524
"Deep Vein Thrombosis, First Event",Warfarin,8.4,0.26316666666666666,27.6,27.0,12.106333333333335
"Deep Vein Thrombosis, Prophylaxis",Apixaban,4.0,-0.17272727272727276,36.0,45.0,12.954545454545455
"Deep Vein Thrombosis, Prophylaxis",Arixtra,8.0,0.02666666666666666,11.0,3.0,5.753333333333333
"Deep Vein Thrombosis, Prophylaxis",Dabigatran,2.0,-0.09520833333333331,6.0,58.0,7.609583333333334
"Deep Vein Thrombosis, Prophylaxis",Enoxaparin,10.0,0.02666666666666666,4.0,7.0,5.553333333333334
"Deep Vein Thrombosis, Prophylaxis",Fondaparinux,8.0,0.02666666666666666,11.0,5.0,5.953333333333333
"Deep Vein Thrombosis, Prophylaxis",Lovenox,8.0,0.15625,31.0,6.0,10.3125
"Deep Vein Thrombosis, Prophylaxis",Rivaroxaban,6.333333333333333,0.03200617283950617,14.333333333333334,83.0,13.764012345679014
"Deep Vein Thrombosis, Prophylaxis",Xarelto,7.25,0.024004629629629633,11.75,76.0,12.898009259259261
"Deep Vein Thrombosis, Recurrent Event",Coumadin,2.0,0.00742424242424242,17.0,11.0,5.3148484848484845
"Deep Vein Thrombosis, Recurrent Event",Rivaroxaban,4.75,0.018815547052154206,9.25,83.0,12.08763109410431
"Deep Vein Thrombosis, Recurrent Event",Warfarin,2.0,0.00742424242424242,17.0,27.0,6.914848484848485
"Deep Vein Thrombosis, Recurrent Event",Xarelto,6.0,0.04565617913832201,12.0,76.0,12.491312358276645
"Delayed Puberty, Male",Testosterone,9.5,0.39545454545454545,6.0,278.0,33.59090909090909
Dementia,Haldol,1.0,-0.13,73.0,19.0,16.64
Dementia,Haloperidol,2.6666666666666665,-0.23142361111111112,29.666666666666668,49.0,11.43715277777778
Dental Abscess,Amoxicillin,5.3125,-0.07700807005494505,20.5,115.0,17.57098385989011
Dental Abscess,Amoxil,10.0,-0.0474537037037037,67.0,16.0,18.905092592592595
Dental Abscess,Clarithromycin,6.0,-0.047229437229437246,26.0,291.0,36.60554112554113
Dental Abscess,Erythromycin,3.5,0.028067129629629622,14.25,19.0,6.20613425925926
Dental Abscess,Flagyl,8.833333333333334,0.08060185185185187,47.5,141.0,27.29453703703704
Dental Abscess,Metronidazole,6.775862068965517,0.0038740612066504943,23.96551724137931,922.0,99.71119639827538
Depression,Abilify,6.591549295774648,0.09180325911594109,68.69014084507042,446.0,61.15825440555582
Depression,Alprazolam,9.081967213114755,0.18681079007712958,75.8688524590164,703.0,89.48017895720344
Depression,Amitriptyline,8.552631578947368,0.12140449699378042,63.3421052631579,695.0,85.83228267819808
Depression,Amitriptyline / chlordiazepoxide,9.666666666666666,0.1851851851851852,27.666666666666668,7.0,10.470370370370372
Depression,Amoxapine,9.5,0.2125,2.5,2.0,4.925000000000001
Depression,Anafranil,8.4,-0.017454861111111098,50.0,39.0,17.22509027777778
Depression,Aplenzin,4.75,0.11249999999999999,19.0,6.0,6.525
Depression,Aripiprazole,6.973509933774834,0.10874478364331588,66.99337748344371,500.0,66.40556903748531
Depression,Armodafinil,6.846153846153846,0.07911679755429755,28.846153846153847,206.0,29.265925902800905
Depression,Asendin,10.0,0.18333333333333335,59.0,1.0,16.26666666666667
Depression,Atomoxetine,6.0,-0.016527777777777773,9.5,206.0,24.866944444444446
Depression,Brexpiprazole,8.235294117647058,0.15213389784818357,23.41176470588235,95.0,17.780738383931663
Depression,Budeprion SR,8.4,0.1583794277617807,11.0,5.0,6.376758855523562
Depression,Budeprion XL,7.333333333333333,0.16398643589380196,10.833333333333334,19.0,7.327972871787605
Depression,Bupropion,7.364620938628159,0.10713055955629704,56.42960288808664,1022.0,116.64603007218119
Depression,Celexa,7.361990950226244,0.08855433134014384,57.484162895927604,491.0,63.71873762195631
Depression,Citalopram,7.56701030927835,0.08553621864949937,38.925257731958766,995.0,110.48292810740209
Depression,Clomipramine,9.181818181818182,0.09775201807872264,40.63636363636363,75.0,19.495504036157445
Depression,Cymbalta,6.323432343234323,0.0409165655002306,45.26072607260726,864.0,98.06335128281565
Depression,Deplin,7.489795918367347,0.1267232610377503,87.16326530612245,56.0,26.28201795064693
Depression,Desipramine,9.857142857142858,0.06628607503607505,40.857142857142854,14.0,13.646857864357864
Depression,Desvenlafaxine,7.25,0.09400250287895204,41.26682692307692,582.0,69.54137039037329
Depression,Desyrel,7.333333333333333,0.19285493827160494,128.0,27.0,31.619043209876544
Depression,Doxepin,7.636363636363637,0.0779520857929949,44.27272727272727,171.0,29.164995080676903
Depression,Duloxetine,6.549848942598187,0.05369699734509124,48.546827794561935,934.0,105.83669913064185
Depression,Effexor,5.845360824742268,0.020640696885468015,41.88659793814433,265.0,37.25674531129671
Depression,Effexor XR,7.56390977443609,0.06171781139208945,38.42857142857143,399.0,50.73471381827291
Depression,Elavil,8.222222222222221,0.16958461926599183,99.66666666666667,116.0,35.16139146075421
Depression,Emsam,8.533333333333333,0.13768730497897164,63.86666666666667,16.0,18.062041276624612
Depression,Escitalopram,7.613157894736842,0.09568735383940882,45.89473684210526,1292.0,141.61558523399464
Depression,Fetzima,4.621621621621622,0.037882661872363575,33.86486486486486,86.0,17.29738694536635
Depression,Fluoxetine,7.239344262295082,0.08793307757281422,44.39672131147541,766.0,88.55094812235875
Depression,Fluoxetine / olanzapine,9.153846153846153,0.13375201187701188,30.615384615384617,40.0,14.052119408369409
Depression,Fluvoxamine,6.75,0.17023842592592595,22.916666666666668,116.0,19.223810185185187
Depression,Imipramine,6.454545454545454,0.08739383406997044,37.0,28.0,12.956605849958123
Depression,Isocarboxazid,9.0,0.2268217893217893,22.666666666666668,3.0,8.886976911976912
Depression,L-methylfolate,8.058823529411764,0.11881036877915564,69.77941176470588,73.0,24.717032502264196
Depression,Lamotrigine,8.105263157894736,0.09851670169852661,47.54385964912281,591.0,72.04791059637951
Depression,Levomilnacipran,4.92,0.04442148597873537,37.78,101.0,19.71284297195747
Depression,Lexapro,7.46078431372549,0.09469152992610816,53.03921568627451,952.0,108.98153992259732
Depression,Limbitrol,9.5,0.05277777777777779,25.0,2.0,9.105555555555554
Depression,Lisdexamfetamine,6.8,0.1102390873015873,2.6,461.0,49.560478174603176
Depression,Lithium,5.866666666666666,0.005329918075751407,27.933333333333334,173.0,25.24399316948484
Depression,Luvox,9.333333333333334,0.21303703703703705,55.333333333333336,60.0,21.226074074074077
Depression,Luvox CR,4.0,0.24138888888888888,17.0,7.0,6.182777777777779
Depression,Maprotiline,10.0,0.3106060606060606,21.0,5.0,9.32121212121212
Depression,Marplan,9.0,0.2268217893217893,22.666666666666668,3.0,8.886976911976912
Depression,Methylin ER,9.5,0.2814583333333333,181.0,10.0,41.562916666666666
Depression,Methylphenidate,9.16,0.14304646191350737,71.6,456.0,63.870092923827016
Depression,Mirtazapine,7.267942583732057,0.11034457582924047,43.58373205741627,546.0,66.44461259663456
Depression,Modafinil,7.961538461538462,0.17539157577081413,40.26923076923077,209.0,32.48924469000317
Depression,Nardil,8.64,0.08177481706950457,43.64,29.0,15.247549634139009
Depression,Nefazodone,9.0,0.0775044276284184,27.294117647058822,22.0,11.413832384668602
Depression,Niacin,9.857142857142858,0.19093090861145007,84.14285714285714,45.0,25.65329038865147
Depression,Niravam,10.0,0.15357142857142855,35.0,7.0,12.007142857142856
Depression,Norpramin,10.0,0.11439393939393941,89.0,2.0,22.22878787878788
Depression,Nortriptyline,6.882352941176471,-0.001055523996700453,30.88235294117647,241.0,33.02730071671248
Depression,Nuvigil,6.909090909090909,0.08808680692203419,38.09090909090909,169.0,27.457991795662252
Depression,Olanzapine,6.196078431372549,0.05498878781104859,42.98039215686274,278.0,38.984487379543665
Depression,Oleptro,4.0,0.16481481481481483,85.33333333333333,3.0,19.296296296296298
Depression,Paliperidone,7.0,0.23005291005291006,15.0,104.0,16.66010582010582
Depression,Pamelor,4.0,0.20378205128205126,31.0,18.0,10.007564102564103
Depression,Parnate,8.763157894736842,0.1275403379657481,32.63157894736842,38.0,14.086659623299917
Depression,Paroxetine,6.661764705882353,0.06004499023362723,31.698529411764707,645.0,73.62450174517313
Depression,Paxil,6.938775510204081,0.03204299634687474,45.683673469387756,457.0,57.676330890652935
Depression,Paxil CR,6.5,0.19385113185425687,15.0,24.0,8.387702263708514
Depression,Phenelzine,8.785714285714286,0.0490241949683914,40.92857142857143,30.0,14.798048389936785
Depression,Pristiq,7.188995215311005,0.09264220024412337,38.911483253588514,548.0,65.64317913733035
Depression,Protriptyline,9.0,0.13360881542699724,0.0,1.0,3.9672176308539946
Depression,Provigil,9.0,0.20321338383838383,117.0,113.0,38.706426767676774
Depression,Prozac,7.2439024390243905,0.08975588244243765,59.43414634146342,472.0,62.16390200878732
Depression,Quetiapine,6.988505747126437,0.08705642084437573,37.52873563218391,831.0,93.57526226697613
Depression,Remeron,7.961038961038961,0.15288739238692248,88.64935064935065,127.0,33.920060499059566
Depression,Remeron SolTab,8.0,0.19533333333333333,18.0,6.0,7.790666666666667
Depression,Rexulti,7.4375,0.06472433599386726,29.75,83.0,17.354448671987736
Depression,Risperdal,6.2,0.35141666666666665,65.8,116.0,27.942833333333336
Depression,Risperidone,6.470588235294118,0.11528192183845354,35.529411764705884,240.0,33.92468149073573
Depression,S-adenosylmethionine,8.666666666666666,0.14997819310319307,18.666666666666668,12.0,8.699956386206388
Depression,Selegiline,8.333333333333334,0.10813481161695447,52.476190476190474,26.0,16.64484105180534
Depression,Seroquel,7.0,0.09340635680109365,28.94736842105263,334.0,42.17628639781272
Depression,Seroquel XR,7.314285714285714,0.09880186002139783,55.371428571428574,126.0,26.797603720042797
Depression,Sertraline,7.1888412017167385,0.07012142726672708,50.84978540772532,1360.0,149.18573641676522
Depression,Serzone,9.8,0.06525252525252526,58.6,9.0,16.67050505050505
Depression,Sinequan,8.666666666666666,0.1798611111111111,64.0,4.0,17.02638888888889
Depression,St. john's wort,8.767441860465116,0.08903412603218584,68.62790697674419,46.0,22.010626391599256
Depression,Strattera,4.5,0.09041666666666666,14.0,200.0,24.780833333333334
Depression,Symbyax,8.846153846153847,0.11185932123432123,33.46153846153846,37.0,14.154487873237873
Depression,Tramadol,9.288461538461538,0.09988814250080175,73.8076923076923,820.0,100.67669936192468
Depression,Tranylcypromine,8.538461538461538,0.12296076491372862,29.846153846153847,39.0,13.530536914442843
Depression,Trazodone,7.175438596491228,0.06301741979416466,69.33333333333333,584.0,75.26287694485148
Depression,Trintellix,5.995884773662551,0.06225426447647154,61.74485596707819,395.0,54.3718336318336
Depression,Tryptophan,1.0,-0.055965909090909094,5.0,6.0,1.888068181818182
Depression,Venlafaxine,6.505668934240362,0.05068018300938181,31.482993197278912,1016.0,110.6002265791707
Depression,Viibryd,6.814035087719298,0.07441830263208055,56.266666666666666,375.0,51.62778397368521
Depression,Vilazodone,6.430769230769231,0.0562886113012493,48.30153846153846,427.0,55.045192607217885
Depression,Vivactil,9.0,0.13360881542699724,0.0,1.0,3.9672176308539946
Depression,Vortioxetine,5.867052023121388,0.05621107497790686,47.17341040462428,507.0,62.59392504012923
Depression,Vyvanse,3.0,-0.0634920634920635,2.0,434.0,44.87301587301588
Depression,Wellbutrin,7.334782608695652,0.09928406650120797,72.76521739130435,281.0,45.78552465474155
Depression,Wellbutrin SR,6.867924528301887,0.13042950112123253,59.9811320754717,73.0,22.30425522865756
Depression,Wellbutrin XL,7.798657718120805,0.08997442217460247,58.61073825503356,202.0,35.22155958260424
Depression,Xanax,9.166666666666666,0.14450796456403076,85.26190476190476,456.0,66.60806354817568
Depression,Xanax XR,10.0,0.175,61.0,38.0,20.35
Depression,Zoloft,7.2811387900355875,0.08616407326479311,82.4306049822064,805.0,100.0709046589851
Depression,Zyprexa,5.785714285714286,0.0572678050958238,59.642857142857146,167.0,31.05739275304879
Dercum's Disease,Pregabalin,9.0,0.16666666666666663,2.0,632.0,67.53333333333333
Dermatitis,Ala-Quin,10.0,0.06666666666666668,3.0,1.0,4.833333333333334
Dermatitis,Alcortin A,8.5,0.4166666666666667,3.5,2.0,5.133333333333334
Dermatitis,Aloe vera / hydrocortisone / iodoquinol,8.5,0.4166666666666667,3.5,2.0,5.133333333333334
Dermatitis,Betamethasone,9.6,0.1218008658008658,13.4,19.0,8.663601731601732
Dermatitis,Clioquinol / hydrocortisone,10.0,0.06666666666666668,3.0,1.0,4.833333333333334
Dermatitis,Clobetasol,9.666666666666666,0.16209821428571428,14.333333333333334,60.0,13.057529761904762
Dermatitis,Clobex,10.0,0.23249999999999998,20.5,24.0,10.965000000000002
Dermatitis,Clocortolone,10.0,-0.001282051282051269,19.0,3.0,8.097435897435899
Dermatitis,Coal tar,8.333333333333334,0.033467158564814824,2.6666666666666665,13.0,5.233600983796297
Dermatitis,Cordran Tape,8.0,0.03015151515151515,10.0,6.0,5.860303030303031
Dermatitis,Cutar,9.0,-0.06388888888888888,0.0,2.0,3.6722222222222225
Dermatitis,Desonide,7.4,-0.032086580086580094,24.4,24.0,10.17582683982684
Dermatitis,Desoximetasone,9.0,0.0,5.0,17.0,6.3
Dermatitis,Doxepin,1.0,0.0,0.0,171.0,17.5
Dermatitis,Fluocinolone,7.666666666666667,-0.02027336860670194,10.0,7.0,5.7261199294532625
Dermatitis,Fluocinonide,9.857142857142858,0.017032209853638413,24.571428571428573,26.0,11.491207276850135
Dermatitis,Flurandrenolide,8.0,0.03015151515151515,10.0,6.0,5.860303030303031
Dermatitis,Halcinonide,10.0,0.8,1.0,3.0,6.1
Dermatitis,Halog,10.0,0.8,1.0,2.0,6.0
Dermatitis,Hydrocortisone,7.8,0.20433333333333334,8.0,34.0,8.528666666666666
Dermatitis,Hydrocortisone / pramoxine,9.0,0.07037037037037039,5.0,14.0,6.140740740740741
Dermatitis,Hylira,10.0,1.0,9.0,1.0,7.8999999999999995
Dermatitis,Kenalog,10.0,0.29,34.0,7.0,12.08
Dermatitis,Lidex,10.0,-0.23888888888888887,70.0,4.0,17.92222222222222
Dermatitis,Locoid Lipocream,10.0,0.23583333333333334,10.0,3.0,6.7716666666666665
Dermatitis,Mometasone,9.666666666666666,0.19404761904761905,16.333333333333332,77.0,15.221428571428572
Dermatitis,Olux,9.0,-0.029166666666666674,13.5,8.0,7.041666666666667
Dermatitis,Prednisolone,7.8,0.011111111111111108,15.8,20.0,8.302222222222223
Dermatitis,Psoriasin,8.0,0.07916666666666668,3.0,4.0,4.358333333333333
Dermatitis,Sodium hyaluronate,9.5,-0.1087301587301587,5.0,122.0,16.782539682539685
Dermatitis,Synalar,10.0,0.575,12.0,2.0,7.750000000000001
Dermatitis,Temovate,10.0,0.1357142857142857,8.0,2.0,6.071428571428572
Dermatitis,Triamcinolone,9.928571428571429,0.29476870748299316,21.571428571428573,110.0,19.875251700680273
Dermatitis,Ultravate,9.0,0.0,7.0,6.0,5.6
Dermatitis,Verdeso,10.0,0.12152777777777779,15.0,3.0,7.543055555555555
Dermatitis Herpeti,Dexamethasone,10.0,0.8,3.0,45.0,10.7
Dermatitis Herpetiformis,Decadron,10.0,0.8,3.0,12.0,7.3999999999999995
Dermatologic Lesion,Balsam peru / castor oil / trypsin,10.0,0.17925347222222224,3.0,2.0,5.1585069444444445
Dermatologic Lesion,Methylprednisolone,8.5,-0.009741815476190449,17.5,152.0,22.080516369047622
Dermatologic Lesion,Sodium hyaluronate,10.0,0.6708333333333334,0.0,122.0,17.541666666666668
Dermatologic Lesion,Zinc oxide,10.0,-0.11833333333333333,5.0,8.0,5.5633333333333335
Dermatological Disorders,Bensal HP,10.0,-0.09375,10.0,1.0,5.9125
Dermatological Disorders,Benzoic acid / salicylic acid,10.0,0.2112996031746032,13.0,3.0,7.322599206349206
Dermatological Disorders,Betamethasone,9.333333333333334,0.16805555555555554,27.666666666666668,19.0,11.502777777777778
Dermatological Disorders,Carmol 20,9.0,0.4291666666666667,45.0,1.0,13.558333333333334
Dermatological Disorders,Clobetasol,10.0,-0.03125,3.0,60.0,10.5375
Dermatological Disorders,Diprosone,10.0,0.03333333333333333,40.0,1.0,12.166666666666666
Dermatological Disorders,Duoplant,9.0,0.3666666666666667,49.0,1.0,14.233333333333334
Dermatological Disorders,Hydrocortisone / pramoxine,8.0,0.3253333333333333,3.0,14.0,5.850666666666667
Dermatological Disorders,Hydroquinone,1.75,-0.017083333333333325,31.25,4.0,7.315833333333334
Dermatological Disorders,Kenalog-10,9.0,0.13545454545454544,9.0,11.0,6.770909090909091
Dermatological Disorders,Luxiq,10.0,0.6,56.0,1.0,16.500000000000004
Dermatological Disorders,Melpaque HP,1.0,-0.056666666666666664,5.0,1.0,1.3866666666666667
Dermatological Disorders,Melquin HP,2.0,-0.125,16.0,1.0,3.85
Dermatological Disorders,Pramosone,8.0,0.3253333333333333,3.0,2.0,4.650666666666667
Dermatological Disorders,Rea Lo 40,10.0,0.12142857142857144,1.0,1.0,4.542857142857143
Dermatological Disorders,Salicylic acid,10.0,0.425,5.0,4.0,6.25
Dermatological Disorders,Silver,9.5,-0.0034564393939393798,9.25,4.0,6.043087121212122
Dermatological Disorders,Urea,9.666666666666666,0.18787037037037038,28.666666666666668,11.0,11.075740740740741
Dermatomyositis,Cortisone,4.0,0.2,9.0,1.0,3.9
Dermatomyositis,Hydroxychloroquine,9.0,0.14866387085137084,27.0,114.0,20.697327741702743
Dermatomyositis,Myfortic,8.0,0.0,9.0,3.0,5.3
Dermatomyositis,Plaquenil,9.0,0.09263888888888888,35.333333333333336,59.0,16.751944444444447
Dermatophytosis,Grifulvin V,8.0,0.30625,4.0,1.0,4.7124999999999995
Dermatophytosis,Gris-PEG,10.0,0.5,14.0,3.0,8.100000000000001
Dermatophytosis,Griseofulvin,8.0,0.30625,4.0,10.0,5.6125
Dermatophytosis,Itraconazole,8.5,0.29166666666666674,6.5,18.0,7.083333333333334
Dermatophytosis,Ketoconazole,10.0,1.0,6.0,25.0,9.7
Diabetes Insipidus,DDAVP,9.75,0.3430665784832452,7.25,4.0,6.436133156966491
Diabetes Insipidus,DDAVP Nasal,9.0,0.175,13.0,1.0,6.65
Diabetes Insipidus,Desmopressin,9.6,0.19285163139329806,5.6,13.0,6.645703262786596
"Diabetes, Type 1",Afrezza,7.666666666666667,0.08682880168528317,42.7037037037037,46.0,16.381065010777974
"Diabetes, Type 1",Exubera,10.0,0.16666666666666666,7.0,3.0,6.033333333333333
"Diabetes, Type 1",Humalog,10.0,0.21916666666666668,11.0,4.0,7.038333333333334
"Diabetes, Type 1",Humalog KwikPen,10.0,0.4041666666666666,7.0,4.0,6.608333333333334
"Diabetes, Type 1",Humalog Mix 75 / 25,9.0,0.7,8.0,2.0,6.8
"Diabetes, Type 1",Humulin R U-500 (Concentrated),10.0,0.12291666666666665,0.0,2.0,4.445833333333334
"Diabetes, Type 1",Insulin aspart,9.0,0.1272265625,13.5,8.0,7.354453125
"Diabetes, Type 1",Insulin aspart / insulin aspart protamine,10.0,0.21000000000000002,0.0,3.0,4.72
"Diabetes, Type 1",Insulin degludec,5.235294117647059,0.05329504884988054,13.470588235294118,31.0,7.9948253918174075
"Diabetes, Type 1",Insulin detemir,10.0,-0.078125,5.0,15.0,6.34375
"Diabetes, Type 1",Insulin glargine,4.846153846153846,0.06108172845672845,13.692307692307692,55.0,10.299086533836533
"Diabetes, Type 1",Insulin glulisine,9.0,0.8,3.0,2.0,6.000000000000001
"Diabetes, Type 1","Insulin inhalation, rapid acting",7.454545454545454,0.10368944859853951,38.36363636363637,41.0,14.961924351742535
"Diabetes, Type 1",Insulin isophane,10.0,0.3575,6.0,3.0,6.215
"Diabetes, Type 1",Insulin isophane / insulin regular,9.0,0.8,5.0,4.0,6.6000000000000005
"Diabetes, Type 1",Insulin lispro,10.0,0.20777777777777776,6.0,10.0,6.615555555555556
"Diabetes, Type 1",Insulin lispro / insulin lispro protamine,9.0,0.7,8.0,3.0,6.8999999999999995
"Diabetes, Type 1",Insulin regular,9.333333333333334,0.6,1.0,4.0,5.533333333333334
"Diabetes, Type 1",Lantus,8.4,0.08006818181818183,23.0,20.0,10.120136363636364
"Diabetes, Type 1",Lantus Solostar,1.0,-0.3166666666666667,3.0,13.0,1.6666666666666667
"Diabetes, Type 1",Levemir,10.0,-0.078125,5.0,15.0,6.34375
"Diabetes, Type 1",Liraglutide,9.666666666666666,0.23944444444444443,16.333333333333332,755.0,83.11222222222221
"Diabetes, Type 1",NovoLog Mix 70 / 30,10.0,0.22000000000000006,0.0,2.0,4.640000000000001
"Diabetes, Type 1",Novolog,10.0,0.239453125,5.0,5.0,5.97890625
"Diabetes, Type 1",Octreotide,9.0,0.8,2.0,4.0,6.000000000000001
"Diabetes, Type 1",Pramlintide,10.0,0.13355040021706688,5.0,3.0,5.567100800434134
"Diabetes, Type 1",ReliOn / Novolin 70 / 30,9.0,0.8,10.0,1.0,7.3
"Diabetes, Type 1",Sandostatin,9.0,0.8,2.0,6.0,6.200000000000001
"Diabetes, Type 1",Symlin,10.0,0.07472527472527475,4.0,2.0,5.14945054945055
"Diabetes, Type 1",SymlinPen 60,10.0,0.1259259259259259,3.0,1.0,4.951851851851851
"Diabetes, Type 1",Toujeo,1.75,0.12651736111111112,5.75,13.0,3.4030347222222224
"Diabetes, Type 1",Toujeo Solostar,1.0,-0.14375000000000004,0.0,4.0,0.5125
"Diabetes, Type 1",Tresiba,4.384615384615385,0.010509204449039291,15.615384615384615,25.0,7.397941485821155
"Diabetes, Type 1",Victoza,10.0,0.23416666666666666,15.5,344.0,41.968333333333334
"Diabetes, Type 2",Acarbose,1.0,-0.1795833333333333,4.0,1.0,0.9408333333333335
"Diabetes, Type 2",ActoPlus Met,6.5,0.13134920634920638,15.25,4.0,6.312698412698413
"Diabetes, Type 2",Actos,4.863636363636363,0.1701718005269142,37.59090909090909,22.0,12.003979964690192
"Diabetes, Type 2",Afrezza,7.105263157894737,0.10018522027611691,16.736842105263158,46.0,10.989844124762762
"Diabetes, Type 2",Albiglutide,4.111111111111111,-0.011796489078235106,5.777777777777778,9.0,3.6764070218435294
"Diabetes, Type 2",Alogliptin,4.0,0.01747685185185184,9.0,2.0,3.634953703703704
"Diabetes, Type 2",Amaryl,7.9,0.1965686274509804,75.3,10.0,19.61313725490196
"Diabetes, Type 2",Avandamet,6.0,0.1775,7.0,2.0,4.355
"Diabetes, Type 2",Avandia,5.0,0.164375,14.5,4.0,5.62875
"Diabetes, Type 2",Basaglar,4.333333333333333,-0.060211640211640216,6.666666666666667,3.0,3.2462433862433864
"Diabetes, Type 2",Bydureon,7.0588235294117645,0.06454448970882302,24.830882352941178,137.0,21.61879486177059
"Diabetes, Type 2",Byetta,8.176470588235293,0.1399149626217734,32.31372549019608,51.0,15.113163258576883
"Diabetes, Type 2",Canagliflozin,5.97945205479452,0.03189778649448235,36.37671232876713,146.0,24.330918860660198
"Diabetes, Type 2",Chromium picolinate,9.333333333333334,0.14753086419753086,116.66666666666667,8.0,28.161728395061733
"Diabetes, Type 2",Colesevelam,3.6,0.17285714285714288,14.2,36.0,8.225714285714286
"Diabetes, Type 2",Dapagliflozin,4.48,0.02804711213425118,16.36,50.0,10.120094224268502
"Diabetes, Type 2",Dulaglutide,5.965367965367966,0.0028187081316935225,18.333333333333332,231.0,29.15845126907724
"Diabetes, Type 2",Empagliflozin,7.097560975609756,0.08000247021565389,32.21951219512195,41.0,13.542931769699603
"Diabetes, Type 2",Empagliflozin / linagliptin,6.0,0.02038690476190477,13.571428571428571,7.0,5.855059523809524
"Diabetes, Type 2",Exenatide,7.197916666666667,0.08656206193939485,25.239583333333332,194.0,27.500207457212127
"Diabetes, Type 2",Exubera,10.0,0.19678571428571429,5.0,3.0,5.6935714285714285
"Diabetes, Type 2",Farxiga,5.025,0.058909228965478976,19.375,40.0,10.002818457930958
"Diabetes, Type 2",Glimepiride,7.666666666666667,0.11290401129165613,46.24242424242424,33.0,15.840959537734829
"Diabetes, Type 2",Glimepiride / pioglitazone,10.0,0.7,0.0,1.0,5.5
"Diabetes, Type 2",GlipiZIDE XL,8.0,0.26106060606060605,92.5,2.0,22.422121212121212
"Diabetes, Type 2",Glipizide,6.724137931034483,0.14004368547590848,63.172413793103445,30.0,18.6042253019863
"Diabetes, Type 2",Glipizide / metformin,3.5,0.05416666666666666,0.0,2.0,1.7083333333333335
"Diabetes, Type 2",Glucophage,6.315789473684211,0.048002506265664165,65.36842105263158,26.0,18.29600501253133
"Diabetes, Type 2",Glucophage XR,10.0,0.1495726495726496,184.0,4.0,41.499145299145304
"Diabetes, Type 2",Glucotrol,7.428571428571429,0.17142857142857146,93.42857142857143,7.0,22.7
"Diabetes, Type 2",Glucovance,8.0,0.5,16.0,1.0,7.5
"Diabetes, Type 2",Glumetza,10.0,0.13175111925111924,24.0,1.0,9.163502238502238
"Diabetes, Type 2",Glyburide,7.0,0.21380208333333334,16.5,4.0,6.927604166666668
"Diabetes, Type 2",Glyburide / metformin,4.0,-0.1705357142857143,2.0,2.0,1.8589285714285715
"Diabetes, Type 2",Glyset,10.0,0.7,4.0,1.0,6.3
"Diabetes, Type 2",Glyxambi,6.375,0.024869791666666682,12.375,8.0,5.874739583333334
"Diabetes, Type 2",Humalog,8.0,0.29357142857142854,14.666666666666666,4.0,7.120476190476191
"Diabetes, Type 2",Humalog KwikPen,3.0,0.0050925925925925895,2.3333333333333335,4.0,2.076851851851852
"Diabetes, Type 2",Humalog Mix 75 / 25,10.0,0.705,7.0,2.0,7.010000000000001
"Diabetes, Type 2",Humulin N,8.0,-0.024666666666666663,0.0,1.0,3.250666666666667
"Diabetes, Type 2",Insulin aspart,7.333333333333333,0.14389931056597724,5.333333333333333,8.0,5.087798621131954
"Diabetes, Type 2",Insulin aspart / insulin aspart protamine,10.0,0.20342312008978677,12.0,3.0,7.106846240179574
"Diabetes, Type 2",Insulin degludec,6.5,0.10439529596560847,12.928571428571429,31.0,8.494504877645502
"Diabetes, Type 2",Insulin detemir,7.071428571428571,0.16661044731282829,12.214285714285714,15.0,7.104649466054228
"Diabetes, Type 2",Insulin glargine,7.238095238095238,0.13339335921280368,15.357142857142858,55.0,11.733453385092275
"Diabetes, Type 2",Insulin glulisine,10.0,0.4166666666666667,5.0,2.0,6.033333333333333
"Diabetes, Type 2","Insulin inhalation, rapid acting",7.105263157894737,0.16441518992878393,13.473684210526315,41.0,9.965672485120727
"Diabetes, Type 2",Insulin isophane,8.0,-0.024666666666666663,0.0,3.0,3.4506666666666668
"Diabetes, Type 2",Insulin isophane / insulin regular,10.0,0.2357142857142857,0.0,4.0,4.871428571428572
"Diabetes, Type 2",Insulin lispro,6.571428571428571,0.13216553287981858,7.571428571428571,10.0,5.40718820861678
"Diabetes, Type 2",Insulin lispro / insulin lispro protamine,7.5,0.36083333333333334,3.5,3.0,4.721666666666667
"Diabetes, Type 2",Invokana,6.111888111888112,0.04930432939081015,38.73426573426573,143.0,24.590217050390013
"Diabetes, Type 2",Janumet,6.076923076923077,0.11178069822562829,36.15384615384615,26.0,12.485099857989718
"Diabetes, Type 2",Januvia,5.74468085106383,0.011940077639957329,50.12765957446808,47.0,17.047284410599065
"Diabetes, Type 2",Jardiance,6.358974358974359,0.07592971706157133,30.666666666666668,39.0,12.728782511046221
"Diabetes, Type 2",Jentadueto,6.666666666666667,0.2901798941798942,4.166666666666667,6.0,4.680359788359789
"Diabetes, Type 2",Kazano,1.0,0.0,2.0,1.0,0.9
"Diabetes, Type 2",Kombiglyze XR,5.111111111111111,-0.07905407247073913,3.4444444444444446,9.0,3.475225188391855
"Diabetes, Type 2",Lantus,6.933333333333334,0.08686528779862113,26.066666666666666,20.0,10.16039724226391
"Diabetes, Type 2",Lantus Solostar,7.75,0.20693814801453692,16.416666666666668,13.0,8.097209629362409
"Diabetes, Type 2",Levemir,7.0,0.11266486908153577,17.142857142857142,15.0,7.9539011667345
"Diabetes, Type 2",Linagliptin,4.2105263157894735,-0.0045163698387382595,27.736842105263158,19.0,9.122546207690945
"Diabetes, Type 2",Liraglutide,7.722222222222222,0.07936948325034557,28.437037037037037,755.0,84.43503526279699
"Diabetes, Type 2",Metformin,6.209876543209877,0.006149619906765365,46.24691358024691,268.0,38.54563257314686
"Diabetes, Type 2",Metformin / sitagliptin,5.0,0.07583333333333334,3.0,31.0,5.851666666666667
"Diabetes, Type 2",Nesina,4.0,0.01747685185185184,9.0,2.0,3.634953703703704
"Diabetes, Type 2",NovoLog FlexPen,10.0,0.6428571428571428,4.0,1.0,6.185714285714285
"Diabetes, Type 2",NovoLog Mix 70 / 30,10.0,0.20342312008978677,12.0,2.0,7.006846240179574
"Diabetes, Type 2",Novolin 70 / 30,6.5,0.1419642857142857,0.0,2.0,3.083928571428572
"Diabetes, Type 2",Novolin N,10.0,0.0,46.0,1.0,13.3
"Diabetes, Type 2",Novolog,4.5,-0.03283880471380471,11.0,5.0,4.43432239057239
"Diabetes, Type 2",Onglyza,6.545454545454546,0.1193713269054178,35.45454545454545,11.0,11.047833562901745
"Diabetes, Type 2",Pioglitazone,4.333333333333333,0.1905635409151034,35.875,24.0,11.689460415163541
"Diabetes, Type 2",Prandin,9.0,0.22435515873015874,35.5,4.0,11.548710317460317
"Diabetes, Type 2",Repaglinide,9.0,0.09921626984126984,27.0,4.0,9.59843253968254
"Diabetes, Type 2",Rosiglitazone,4.6,0.10719444444444444,14.0,5.0,5.354388888888889
"Diabetes, Type 2",Saxagliptin,6.1,0.04125795454545454,30.4,10.0,9.60251590909091
"Diabetes, Type 2",Sitagliptin,5.470588235294118,0.01602093078662873,48.94117647058823,51.0,17.108512449808554
"Diabetes, Type 2",Symlin,9.0,0.0,10.0,2.0,5.8
"Diabetes, Type 2",Synjardy,10.0,0.05833333333333333,10.0,1.0,6.216666666666666
"Diabetes, Type 2",Tanzeum,5.333333333333333,-0.05363073434502006,8.0,6.0,4.226071864643293
"Diabetes, Type 2",Toujeo,5.555555555555555,0.15798861632194963,6.888888888888889,13.0,5.215977232643899
"Diabetes, Type 2",Toujeo Solostar,8.0,0.08822751322751322,8.333333333333334,4.0,5.443121693121694
"Diabetes, Type 2",Tradjenta,4.380952380952381,0.03754972056162533,26.523809523809526,22.0,9.33224229826611
"Diabetes, Type 2",Tresiba,7.25,0.16840410052910051,15.166666666666666,25.0,8.770141534391534
"Diabetes, Type 2",Trulicity,5.8054298642533935,-0.018578941754615573,18.773755656108598,221.0,28.139765193413847
"Diabetes, Type 2",Victoza,7.980392156862745,0.09388736474805419,31.152941176470588,344.0,44.01051982753532
"Diabetes, Type 2",Welchol,3.5,0.2791666666666667,18.5,25.0,8.158333333333333
"Diabetes, Type 2",Xigduo XR,9.25,0.13548127104377106,22.75,4.0,8.920962542087542
Diabetic Kidney Disease,Altace,10.0,0.3833333333333333,75.0,6.0,20.366666666666667
Diabetic Kidney Disease,Cozaar,9.0,0.2514814814814815,80.33333333333333,37.0,23.869629629629628
Diabetic Kidney Disease,Enalapril,3.0,0.0,33.0,9.0,8.700000000000001
Diabetic Kidney Disease,Irbesartan,9.0,-0.027651515151515153,39.0,35.0,14.84469696969697
Diabetic Kidney Disease,Lisinopril,6.25,0.10984573280069604,17.75,292.0,35.46969146560139
Diabetic Kidney Disease,Losartan,8.5,0.45499999999999996,75.0,169.0,36.21000000000001
Diabetic Kidney Disease,Ramipril,5.5,0.09166666666666665,41.0,42.0,14.783333333333335
Diabetic Kidney Disease,Vasotec,3.0,0.0,33.0,1.0,7.9
Diabetic Macular Edema,Aflibercept,7.0,0.14133872741015596,9.0,7.0,5.582677454820312
Diabetic Macular Edema,Eylea,10.0,0.20682452468166754,8.5,7.0,6.8136490493633355
Diabetic Macular Edema,Fluocinolone,10.0,-0.08796296296296297,0.0,7.0,4.524074074074074
Diabetic Macular Edema,Iluvien,10.0,-0.08796296296296297,0.0,1.0,3.924074074074074
Diabetic Peripheral Neuropathy,Capsaicin,1.0,0.012222222222222209,15.666666666666666,36.0,7.157777777777778
Diabetic Peripheral Neuropathy,Capzasin-HP,1.0,0.23666666666666666,3.0,4.0,1.8733333333333335
Diabetic Peripheral Neuropathy,Cymbalta,6.923076923076923,0.04984180408691445,39.11538461538461,864.0,97.09199130048152
Diabetic Peripheral Neuropathy,Duloxetine,6.086956521739131,0.03744282155797102,32.43478260869565,934.0,102.39662477355073
Diabetic Peripheral Neuropathy,Gabapentin,6.678571428571429,0.08051610096252952,24.035714285714285,1047.0,112.3396036304965
Diabetic Peripheral Neuropathy,Gabarone,1.0,-0.1499999999999999,20.0,2.0,4.300000000000001
Diabetic Peripheral Neuropathy,Lyrica,6.90625,0.11380878868671837,50.125,441.0,57.11511757737344
Diabetic Peripheral Neuropathy,Mexiletine,8.0,0.4,9.0,3.0,6.1
Diabetic Peripheral Neuropathy,Neurontin,8.0,-0.15625,57.0,140.0,28.2875
Diabetic Peripheral Neuropathy,Nortriptyline,1.0,-0.09333333333333334,17.5,241.0,27.813333333333336
Diabetic Peripheral Neuropathy,Nucynta ER,9.0,0.13675992063492065,26.0,38.0,12.873519841269843
Diabetic Peripheral Neuropathy,Pregabalin,6.4,0.06261842464258431,46.714285714285715,632.0,75.22809399214232
Diabetic Peripheral Neuropathy,Tapentadol,7.2,0.058334126984127,14.4,221.0,27.976668253968256
Diabetic Peripheral Neuropathy,Topamax,9.0,0.0801753870646159,68.25,340.0,51.41035077412923
Diabetic Peripheral Neuropathy,Topiramate,7.333333333333333,0.09566947545760718,48.666666666666664,606.0,73.45800561758188
Diabetic Peripheral Neuropathy,Zostrix Diabetic Foot Pain,1.0,0.0,9.0,1.0,2.3000000000000003
Diagnosis and Investigation,Arginine,10.0,0.5154166666666666,44.5,5.0,14.430833333333334
Diagnosis and Investigation,Lexiscan,5.428571428571429,-0.04172046894929846,25.428571428571427,7.0,7.873701919244261
Diagnosis and Investigation,Methacholine,7.0,0.405,0.0,1.0,3.7100000000000004
Diagnosis and Investigation,Provocholine,7.0,0.405,0.0,1.0,3.7100000000000004
Diagnosis and Investigation,Regadenoson,6.75,-0.025770227072310407,23.0,6.0,7.8484595458553805
Diagnostic Bronchograms,Acetylcysteine,9.0,0.16666666666666669,5.0,9.0,5.833333333333334
Diaper Rash,Boudreaux Butt Paste,10.0,0.32499999999999996,4.5,3.0,5.8500000000000005
Diaper Rash,Calmoseptine,7.0,0.2611111111111111,14.0,2.0,6.322222222222223
Diaper Rash,Menthol / zinc oxide,7.0,0.1996527777777778,9.0,2.0,5.199305555555556
Diaper Rash,Miconazole / zinc oxide,10.0,0.15743055555555557,4.5,2.0,5.414861111111112
Diaper Rash,Triple Paste,10.0,-0.46875,8.0,1.0,4.762499999999999
Diaper Rash,Vusion,10.0,0.1269295634920635,3.75,4.0,5.403859126984127
Diaper Rash,Zinc oxide,10.0,0.026249999999999975,5.2,8.0,5.8925
Diarrhea,Alosetron,9.5,0.1847222222222222,30.5,18.0,12.069444444444446
Diarrhea,Atropine / diphenoxylate,8.2,0.09733907527657527,37.6,30.0,13.99467815055315
Diarrhea,Attapulgite,10.0,0.2826666666666667,8.0,1.0,6.2653333333333325
Diarrhea,Bismuth subsalicylate,9.0,0.18125,7.0,4.0,5.7625
Diarrhea,Codeine,9.5,0.03350694444444444,13.25,28.0,9.31701388888889
Diarrhea,Florastor,8.333333333333334,0.2961309523809524,70.33333333333333,3.0,18.292261904761904
Diarrhea,Imodium,9.5,0.26166666666666666,16.5,9.0,8.523333333333333
Diarrhea,Imodium A-D,6.0,0.09967803030303028,20.75,7.0,7.449356060606061
Diarrhea,Imotil,8.0,0.31666666666666665,7.0,1.0,5.333333333333333
Diarrhea,Lactobacillus acidophilus,1.0,-0.1597222222222222,8.0,15.0,3.180555555555556
Diarrhea,Lomotil,8.0,0.0654144385026738,45.588235294117645,17.0,14.148475935828877
Diarrhea,Lonox,10.0,-0.1076190476190476,53.0,1.0,14.484761904761905
Diarrhea,Loperamide,8.384615384615385,0.1993056943056943,13.461538461538462,27.0,9.144765234765234
Diarrhea,Lotronex,9.0,0.019444444444444438,27.0,14.0,10.43888888888889
Diarrhea,Opium,9.7,0.04285664335664337,15.4,11.0,8.145713286713287
Diarrhea,Paregoric,10.0,0.045370370370370366,51.666666666666664,3.0,14.724074074074075
Diarrhea,Pepto-Bismol,9.666666666666666,0.09206349206349206,7.666666666666667,7.0,6.284126984126984
Diarrhea,Raspberry,9.0,0.22727272727272727,1.0,1.0,4.3545454545454545
Diarrhea,Rifaximin,10.0,-0.0925,36.0,43.0,15.315000000000001
Diarrhea,Saccharomyces boulardii lyo,8.166666666666666,0.12514880952380955,38.333333333333336,6.0,11.783630952380953
Diarrhea,Sandostatin,9.0,0.025000000000000005,7.0,6.0,5.65
Diarrhea,Xifaxan,9.0,-0.09375,55.0,30.0,17.4125
"Diarrhea, Acute",Atropine / difenoxin,10.0,0.16,9.0,2.0,6.32
"Diarrhea, Acute",Imodium,10.0,0.12077712912087914,15.5,9.0,8.24155425824176
"Diarrhea, Acute",Imodium A-D,10.0,-0.3249999999999999,8.5,7.0,5.750000000000001
"Diarrhea, Acute",Loperamide,10.0,-0.08168914835164831,12.0,27.0,8.936621703296705
"Diarrhea, Acute",Motofen,10.0,0.16,9.0,2.0,6.32
"Diarrhea, Chronic",Atropine / difenoxin,10.0,0.09895833333333333,25.0,2.0,9.397916666666667
"Diarrhea, Chronic",Bismuth subsalicylate,2.0,-1.0,5.0,4.0,0.20000000000000007
"Diarrhea, Chronic",Colesevelam,9.476190476190476,0.09006985005000878,50.04761904761905,36.0,17.58013970010002
"Diarrhea, Chronic",Imodium,9.666666666666666,0.12192009379509382,51.666666666666664,9.0,15.343840187590189
"Diarrhea, Chronic",Imodium A-D,10.0,0.3,11.0,7.0,7.5
"Diarrhea, Chronic",Loperamide,9.857142857142858,0.20437087713873428,25.285714285714285,27.0,12.108741754277467
"Diarrhea, Chronic",Motofen,10.0,0.0,19.0,2.0,8.0
"Diarrhea, Chronic",Pepto-Bismol,2.0,-1.0,5.0,7.0,0.5000000000000001
"Diarrhea, Chronic",Welchol,9.75,0.10996508647076829,100.66666666666667,25.0,26.753263506274873
Dientamoeba fragilis,Humatin,2.0,0.4374999999999999,10.0,1.0,3.775
Dientamoeba fragilis,Paromomycin,6.0,0.27874999999999994,7.0,3.0,4.657500000000001
Dietary Fiber Supplementation,Inulin,5.0,-0.09999999999999998,0.0,1.0,1.9000000000000001
Dietary Fiber Supplementation,Metamucil,6.0,0.12190656565656566,42.0,11.0,12.143813131313133
Dietary Fiber Supplementation,Psyllium,7.0,0.05904882154882155,51.0,13.0,14.418097643097646
Dietary Supplementation,Amino acids,9.0,0.2,0.0,1.0,4.1
Dietary Supplementation,Arginine,9.0,0.31908730158730153,38.666666666666664,5.0,12.471507936507937
Dietary Supplementation,Ascorbic acid,10.0,0.4,5.0,2.0,6.0
Dietary Supplementation,Bifidobacterium infantis / lactobacillus acidophilus,8.333333333333334,0.35833333333333334,10.666666666666666,3.0,6.483333333333333
Dietary Supplementation,Biotin,6.25,0.08246527777777778,29.25,5.0,9.014930555555555
Dietary Supplementation,Cerefolin NAC,10.0,1.0,25.0,1.0,11.1
Dietary Supplementation,Cholecalciferol / folic acid,5.0,0.26666666666666666,0.0,1.0,2.6333333333333333
Dietary Supplementation,Chondroitin / glucosamine,7.5,0.14108796296296294,10.75,6.0,6.032175925925925
Dietary Supplementation,CoQ10,7.75,0.5,28.0,4.0,10.1
Dietary Supplementation,Coenzyme Q10,9.0,0.1,35.0,2.0,11.0
Dietary Supplementation,Cosamin DS,1.0,0.20740740740740737,3.0,1.0,1.514814814814815
Dietary Supplementation,Dehydroepiandrosterone,8.0,0.01666666666666666,0.0,1.0,3.3333333333333335
Dietary Supplementation,Diosmiplex,9.0,-0.11666666666666665,4.0,1.0,4.266666666666667
Dietary Supplementation,Glucose,10.0,0.2,1.0,2.0,4.800000000000001
Dietary Supplementation,Glutamine,5.5,0.013734848484848485,1.0,2.0,2.6274696969696976
Dietary Supplementation,"Hair, Skin & Nails",3.0,0.2125,13.0,1.0,4.325
Dietary Supplementation,L-Methylfolate Calcium,10.0,0.11063232421875002,0.5,2.0,4.5212646484375
Dietary Supplementation,Liquid Co-Q10,10.0,0.26666666666666666,7.0,1.0,6.033333333333333
Dietary Supplementation,Lovaza,10.0,-0.05222222222222222,70.0,4.0,18.295555555555556
Dietary Supplementation,MCT,2.0,-0.5571428571428572,0.0,1.0,-0.21428571428571427
Dietary Supplementation,MVI Adult,1.0,-0.36999999999999994,1.0,1.0,-0.03999999999999984
Dietary Supplementation,Magnesium gluconate,10.0,0.0,21.0,1.0,8.299999999999999
Dietary Supplementation,Medium chain triglycerides,2.0,-0.5571428571428572,0.0,1.0,-0.21428571428571427
Dietary Supplementation,Multivitamin,6.7368421052631575,0.08560399080238719,25.57894736842105,38.0,11.781734297394248
Dietary Supplementation,Omega-3 polyunsaturated fatty acids,4.454545454545454,0.08578066378066376,21.272727272727273,21.0,8.307924963924965
Dietary Supplementation,Phillips Colon Health,8.0,0.225,11.5,2.0,6.150000000000001
Dietary Supplementation,Schiff Move Free,5.0,0.2,10.0,1.0,4.5
Dietary Supplementation,TheraTears Nutrition,1.0,0.021428571428571432,4.0,1.0,1.342857142857143
Dietary Supplementation,Ubiquinone,8.625,0.27656623048668505,29.875,8.0,10.77813246097337
Dietary Supplementation,Vasculera,9.0,-0.11666666666666665,4.0,1.0,4.266666666666667
Dietary Supplementation,Vitamin C,10.0,0.8,7.0,1.0,7.1
Dietary Supplementation,Vitamin e,5.5,-0.031636904761904755,4.0,4.0,3.3367261904761905
Dietary Supplementation,Zinc gluconate,7.0,0.06666666666666667,9.0,1.0,4.833333333333333
Dissociative Identity Disorde,Sertraline,10.0,0.15371428571428575,37.0,1360.0,147.70742857142858
Diverticulitis,Bactrim DS,8.0,0.050000000000000024,95.0,136.0,35.900000000000006
Diverticulitis,Cipro,7.428571428571429,-0.08025226757369615,54.285714285714285,165.0,30.168066893424037
Diverticulitis,Ciprofloxacin,5.4,-0.03829761904761905,32.2,361.0,44.623404761904766
Diverticulitis,Flagyl,6.578947368421052,-0.021121785959492625,50.3421052631579,141.0,26.757756428081017
Diverticulitis,Metronidazole,6.8765432098765435,-0.04105380119712892,36.60493827160494,922.0,102.18949733587735
Dry Eye Disease,GenTeal,1.0,-0.01875,0.0,2.0,0.5625
Dry Eye Disease,Lacrisert,8.666666666666666,0.05227904040404043,2.3333333333333335,6.0,4.637891414141414
Dry Eye Disease,Lifitegrast,5.71875,0.030424977403271568,12.890625,64.0,11.326474954806544
Dry Eye Disease,Oasis Tears,1.0,-0.14999999999999997,1.0,2.0,0.5000000000000001
Dry Eye Disease,Ocular lubricant,2.5454545454545454,-0.20449947253924528,5.0,41.0,5.7091828731033285
Dry Eye Disease,Refresh Liquigel,1.0,0.08333333333333334,0.0,1.0,0.6666666666666666
Dry Eye Disease,Systane,1.0,-0.11427777777777777,10.8,8.0,3.131444444444445
Dry Eye Disease,Systane Ultra,1.0,-0.22802854938271602,3.3333333333333335,4.0,1.0106095679012346
Dry Eye Disease,Xiidra,5.620689655172414,0.007513597523174309,14.206896551724139,58.0,10.904682367460143
Dry Skin,AmLactin,10.0,1.0,62.0,2.0,18.599999999999998
Dry Skin,Ammonium lactate,9.8,0.3692404565131838,32.4,6.0,11.738480913026368
Dry Skin,Aveeno,4.5,-0.34218750000000003,2.0,2.0,1.715625
Dry Skin,Bag Balm,8.0,-0.0006944444444444489,3.0,1.0,3.8986111111111112
Dry Skin,Biafine,9.857142857142858,0.13463713094665475,9.428571428571429,7.0,6.797845690464739
Dry Skin,Blistex Lip Balm,1.0,0.3166666666666667,1.0,1.0,1.3333333333333335
Dry Skin,Cetaphil Lotion,1.0,-0.13333333333333333,9.0,1.0,2.033333333333333
Dry Skin,Corn Huskers Lotion,10.0,0.14583333333333334,3.0,1.0,4.991666666666667
Dry Skin,Dexpanthenol,10.0,0.15,16.0,1.0,7.6
Dry Skin,Emollients,6.527777777777778,0.050403424807359994,8.194444444444445,36.0,7.95080684961472
Dry Skin,EpiCeram,7.8,0.045575956450956454,19.7,10.0,8.151151912901913
Dry Skin,Lac-Hydrin,10.0,0.24989583333333337,58.0,1.0,16.19979166666667
Dry Skin,Lactic acid,10.0,0.04583333333333334,7.0,1.0,5.591666666666667
Dry Skin,Lanolin,10.0,-0.1533333333333333,0.0,1.0,3.7933333333333334
Dry Skin,Nutraplus,9.0,0.21833333333333332,3.0,1.0,4.736666666666666
Dry Skin,Urea,9.6,0.24907539682539684,20.6,11.0,9.558150793650794
Dry Skin,X-Viate,9.5,0.29453237734487736,32.75,4.0,11.339064754689756
Dumping Syndrome,Cholestyramine,9.75,0.18169791666666668,39.75,51.0,17.313395833333335
Dumping Syndrome,Methscopolamine,10.0,0.10330578512396693,7.0,7.0,6.306611570247934
Dumping Syndrome,Pamine,10.0,0.10330578512396693,7.0,3.0,5.906611570247934
Duodenal Ulce,Aciphex,9.0,-0.17182539682539685,21.0,33.0,10.756349206349206
Duodenal Ulce,Atropine / hyoscyamine / phenobarbital / scopolamine,9.0,-0.09499999999999999,11.0,17.0,7.3100000000000005
Duodenal Ulce,Carafate,9.2,0.10847222222222222,58.4,21.0,17.676944444444445
Duodenal Ulce,Donnatal,9.0,-0.09499999999999999,11.0,14.0,7.010000000000001
Duodenal Ulce,Famotidine,8.0,0.20833333333333331,10.0,14.0,7.0166666666666675
Duodenal Ulce,Omeprazole,8.5,0.35381944444444446,15.5,90.0,16.207638888888887
Duodenal Ulce,Pantoprazole,6.5,-0.005555555555555557,23.75,94.0,16.738888888888887
Duodenal Ulce,Pepcid,8.0,0.20833333333333331,10.0,6.0,6.216666666666667
Duodenal Ulce,Prilosec,8.0,0.6,15.0,23.0,9.700000000000001
Duodenal Ulce,Protonix,8.0,-0.125,40.5,35.0,14.55
Duodenal Ulce,Rabeprazole,9.0,-0.17182539682539685,21.0,38.0,11.256349206349206
Duodenal Ulce,Ranitidine,7.0,-0.0925925925925926,27.0,57.0,13.714814814814815
Duodenal Ulce,Sucralfate,9.428571428571429,0.08380456349206349,52.285714285714285,36.0,17.996180555555558
Duodenal Ulce,Zantac 150,7.0,-0.0925925925925926,27.0,18.0,9.814814814814817
Duodenal Ulcer Prophylaxis,Esomeprazole,7.0,0.075625,12.0,94.0,14.75125
Duodenal Ulcer Prophylaxis,Nexium,7.0,0.075625,12.0,80.0,13.35125
Dupuytren's contracture,Collagenase clostridium histolyticum,10.0,0.29545454545454547,1.0,2.0,4.990909090909091
Dupuytren's contracture,Xiaflex,5.5,-0.06477272727272726,1.5,3.0,2.670454545454546
Dysautonomia,Alprazolam,9.5,0.3338541666666667,18.25,703.0,78.41770833333334
Dysautonomia,Amitriptyline,8.0,0.07395833333333335,8.0,695.0,74.44791666666667
Dysautonomia,Ativan,10.0,-1.0,16.0,220.0,27.2
Dysautonomia,Fludrocortisone,9.0,0.19166666666666668,10.0,9.0,6.883333333333334
Dysautonomia,Lorazepam,10.0,-1.0,16.0,429.0,48.10000000000001
Dysautonomia,Mestinon,7.0,0.06142325889922044,9.0,8.0,5.522846517798441
Dysautonomia,Midodrine,9.2,0.016375000000000008,25.4,13.0,10.09275
Dysautonomia,Paroxetine,8.0,0.043750000000000025,16.0,645.0,70.9875
Dysautonomia,Paxil,8.0,0.043750000000000025,16.0,457.0,52.1875
Dysautonomia,ProAmatine,9.5,-0.11666666666666665,41.0,7.0,12.466666666666667
Dysautonomia,Pyridostigmine,7.0,-0.010083615102845866,6.4,21.0,6.159832769794308
Dysautonomia,Xanax,10.0,0.3,30.0,456.0,56.2
Dysautonomia,Xanax XR,10.0,0.625,38.0,38.0,16.650000000000002
Dyspareunia,Ospemifene,7.571428571428571,0.037810245310245315,24.285714285714285,7.0,8.661334776334776
Dyspareunia,Osphena,7.666666666666667,0.016427669552669562,28.666666666666668,6.0,9.43285533910534
Dystonia,Baclofen,8.0,-0.13444444444444445,7.0,159.0,20.23111111111111
Dystonia,Botox,8.0,0.2375,6.0,160.0,20.875
Dystonia,Botulinum toxin type b,10.0,0.0005411255411255486,1.0,3.0,4.501082251082251
Dystonia,Carbamazepine,6.0,-0.13912037037037037,4.333333333333333,163.0,19.288425925925928
Dystonia,Carbatrol,9.0,-0.2,6.0,10.0,5.4
Dystonia,Myobloc,10.0,0.0005411255411255486,1.0,2.0,4.401082251082252
Dystonia,OnabotulinumtoxinA,8.0,0.16625,4.0,167.0,21.0325
Dystonia,Tegretol,1.0,-0.0625,6.0,77.0,9.175
Dysuria,Azo-Standard,8.5,0.10367063492063491,19.0,8.0,8.20734126984127
Dysuria,Flavoxate,10.0,0.09999999999999999,4.0,2.0,5.2
Dysuria,Oxybutynin,9.0,-0.14557823129251699,20.0,154.0,22.708843537414968
Dysuria,Phenazopyridine,6.266666666666667,0.01275850603443197,17.11111111111111,68.0,12.754405900957753
Dysuria,Pyridium,6.090909090909091,0.010653451486784836,20.818181818181817,17.0,8.32130690297357
Dysuria,Uricalm,6.916666666666667,0.09419642857142857,16.916666666666668,13.0,7.638392857142858
Dysuria,Uristat,9.0,0.1366666666666667,24.0,2.0,8.873333333333333
Ear Wax Impaction,Acetic acid / antipyrine / benzocaine / polycosanol,10.0,1.0,0.0,1.0,6.1
Ear Wax Impaction,Carbamide peroxide,1.0,0.6666666666666666,4.5,2.0,2.8333333333333335
Ear Wax Impaction,Debrox,5.5,0.018750000000000003,18.0,2.0,6.0375000000000005
Ectopic Pregnancy,Methotrexate,8.0,-0.1487763253449528,6.666666666666667,121.0,16.33578068264343
Eczema,Azathioprine,9.0,0.024871794871794875,58.0,44.0,19.649743589743593
Eczema,Clobetasol,10.0,-0.014393939393939398,8.0,60.0,11.57121212121212
Eczema,Clobex,10.0,-0.014393939393939398,8.0,24.0,7.971212121212122
Eczema,Clocortolone,10.0,0.00875,2.0,3.0,4.7175
Eczema,Cordran Tape,10.0,0.2718068181818182,8.5,6.0,6.843613636363637
Eczema,Cortizone-10,10.0,0.18750000000000003,9.5,2.0,6.4750000000000005
Eczema,Cyclosporine,6.0,-0.06428571428571427,1.0,34.0,5.871428571428572
Eczema,Deltasone,1.0,-0.24062499999999998,58.0,5.0,12.01875
Eczema,Dermatop,10.0,0.5,0.0,1.0,5.1
Eczema,DesOwen,9.5,0.4024621212121212,24.0,3.0,9.704924242424244
Eczema,Desonate,10.0,0.20000000000000004,17.0,1.0,7.9
Eczema,Desonide,9.533333333333333,0.23023828486328488,22.666666666666668,24.0,11.207143236393238
Eczema,Desoximetasone,8.0,0.02402453102453102,21.428571428571427,17.0,9.233763347763347
Eczema,Dexamethasone,10.0,0.043333333333333335,7.0,45.0,9.986666666666668
Eczema,Dexpak Taperpak,10.0,0.8,7.0,1.0,7.1
Eczema,Diflorasone,9.0,0.018750000000000003,0.0,2.0,3.8375000000000004
Eczema,Dupilumab,8.2,0.09232339841531018,22.5,14.0,9.36464679683062
Eczema,Dupixent,7.416666666666667,0.055508831106257574,16.916666666666668,16.0,8.061017662212516
Eczema,Elidel,8.133333333333333,0.0639735229276896,20.333333333333332,23.0,9.74794704585538
Eczema,Elocon,9.090909090909092,0.09757942126743778,26.818181818181817,22.0,11.395158842534876
Eczema,Flurandrenolide,10.0,0.2718068181818182,8.5,6.0,6.843613636363637
Eczema,Halcinonide,9.0,0.09880952380952382,3.0,3.0,4.697619047619048
Eczema,Halobetasol,8.0,0.09217171717171718,7.833333333333333,15.0,6.451010101010101
Eczema,Halog,8.0,0.044444444444444446,3.0,2.0,4.0888888888888895
Eczema,Halog-E,10.0,0.15317460317460319,3.0,1.0,5.006349206349206
Eczema,Hydrocortisone,8.857142857142858,0.16499196900982613,10.714285714285714,34.0,9.415698223733939
Eczema,Locoid Lipocream,7.0,-0.05,17.0,3.0,6.4
Eczema,Methotrexate,8.0,0.10000000000000002,46.0,121.0,24.700000000000003
Eczema,Mometasone,9.380952380952381,0.19252280060541244,18.666666666666668,77.0,15.57075988692511
Eczema,Pimecrolimus,7.5,0.048860048185941043,17.142857142857142,21.0,8.62629152494331
Eczema,Prednicarbate,9.5,0.25,0.0,2.0,4.500000000000001
Eczema,Prednisone,7.285714285714286,0.12872874149659866,33.714285714285715,289.0,38.81460034013606
Eczema,Psorcon E,9.0,0.018750000000000003,0.0,1.0,3.7375000000000003
Eczema,Ranitidine,10.0,0.19375,44.0,57.0,18.8875
Eczema,Topicort,8.0,0.041666666666666685,37.5,5.0,11.283333333333333
Eczema,Triamcinolone,10.0,0.325,14.0,110.0,18.450000000000003
Eczema,Ultravate,9.5,0.2339783653846154,14.75,6.0,7.817956730769231
Eczema,Verdeso,9.5,0.175,15.5,3.0,7.55
Eczema,Westcort,10.0,0.42500000000000004,10.0,1.0,6.949999999999999
Eczema,Zantac,10.0,0.19375,44.0,20.0,15.1875
Edema,Acetazolamide,6.0,0.02666666666666667,16.0,67.0,12.353333333333335
Edema,Aldactone,9.0,-0.07291666666666666,39.0,12.0,12.454166666666666
Edema,Amiloride,3.0,-0.05,2.0,2.0,1.7
Edema,Bumetanide,7.333333333333333,0.09730369167869168,9.666666666666666,3.0,5.3612740500240506
Edema,Bumex,8.5,0.12085137085137085,46.5,2.0,13.141702741702742
Edema,Chlorothiazide,10.0,0.11180555555555557,1.0,1.0,4.523611111111111
Edema,Diamox Sequels,8.0,-0.006666666666666649,16.5,4.0,6.886666666666668
Edema,Diurex Water Capsules,1.0,0.0,2.0,1.0,0.9
Edema,Dyazide,9.0,0.10138888888888888,41.0,5.0,12.50277777777778
Edema,Ethacrynic acid,8.0,-0.0387037037037037,8.0,1.0,4.822592592592592
Edema,Furosemide,7.53125,0.12250782100401648,63.5625,42.0,20.170015642008032
Edema,Hydrochlorothiazide,6.666666666666667,-0.07430555555555557,35.666666666666664,73.0,16.95138888888889
Edema,Hydrochlorothiazide / spironolactone,9.0,0.49,29.0,2.0,10.58
Edema,Hydrochlorothiazide / triamterene,6.0,0.16350694444444444,27.2,33.0,11.46701388888889
Edema,Lasix,7.25,0.09365280215540633,84.75,22.0,22.237305604310812
Edema,Maxzide,10.0,0.3208333333333333,41.5,4.0,13.341666666666667
Edema,Metolazone,5.0,0.1,48.0,1.0,11.9
Edema,Pamabrom,1.0,0.0,2.0,1.0,0.9
Edema,Spironolactone,8.4,0.06426190476190477,48.0,239.0,36.98852380952381
Edema,Torsemide,10.0,0.058809650997151006,25.5,3.0,9.517619301994303
Edema,Triamterene,6.2,-0.018497023809523828,30.0,5.0,8.943005952380952
Edema,Zaroxolyn,5.0,0.1,48.0,1.0,11.9
Ehrlichiosis,Doxycycline,10.0,-0.46071428571428574,2.0,627.0,66.17857142857143
Emergency Contraception,Aftera,6.661016949152542,0.06429337733271802,7.203389830508475,59.0,10.133671500428148
Emergency Contraception,EContra EZ,4.2,0.06689682539682539,4.0,5.0,3.1137936507936512
Emergency Contraception,Fallback Solo,8.0,0.0002380952380952428,10.0,1.0,5.30047619047619
Emergency Contraception,Levonorgestrel,8.472563472563472,0.0652308597247846,13.07944307944308,3657.0,371.83537572436364
Emergency Contraception,My Way,8.23076923076923,0.0768708028083028,6.461538461538462,14.0,6.1383569902319906
Emergency Contraception,Next Choice,7.7,-0.010031722241878486,14.633333333333333,30.0,8.98660322218291
Emergency Contraception,Opcicon One-Step,6.5,0.06632440476190474,3.0,2.0,3.5326488095238098
Emergency Contraception,Plan B,8.663893510815308,0.0793523995718757,12.101497504159735,606.0,66.64456170430182
Emergency Contraception,Plan B One-Step,8.712264150943396,0.06496163803571868,19.49764150943396,425.0,50.01435723833559
Emergency Contraception,Take Action,10.0,0.19714285714285712,0.0,1.0,4.494285714285714
Emergency Contraception,Ulipristal,6.9818181818181815,0.04275037125464634,8.709090909090909,55.0,10.120046197054748
Emergency Contraception,ella,6.980392156862745,0.018139473947163382,9.509803921568627,51.0,9.83039659495315
Endometrial Cance,Anastrozole,8.666666666666666,0.05277777777777778,32.666666666666664,80.0,18.105555555555554
Endometrial Cance,Arimidex,8.0,0.11874999999999998,42.0,31.0,14.9375
Endometrial Cance,Megace,6.5,-0.048124999999999994,36.0,7.0,10.403749999999999
Endometrial Cance,Megestrol,10.0,-0.075,61.0,41.0,20.150000000000002
Endometrial Hyperplasia,Megace,3.5,-0.08999999999999996,20.5,7.0,6.0200000000000005
Endometrial Hyperplasia,Megestrol,5.75,0.008417658730158727,21.25,41.0,10.666835317460318
"Endometrial Hyperplasia, Prophylaxis",Depo-Provera,9.0,0.29259259259259257,6.0,882.0,93.58518518518518
"Endometrial Hyperplasia, Prophylaxis",Medroxyprogesterone,9.0,0.1878761574074074,5.0,995.0,104.47575231481481
"Endometrial Hyperplasia, Prophylaxis",Progesterone,8.5,0.1515277777777778,6.5,23.0,7.303055555555556
Endometriosis,Alesse,7.0,-0.01798611111111113,2.3333333333333335,109.0,14.130694444444446
Endometriosis,Apri,8.0,-0.07916666666666666,10.0,218.0,26.84166666666667
Endometriosis,Aviane,8.8,0.1289441563338622,10.8,249.0,30.83788831266773
Endometriosis,Aygestin,9.5,0.2743055555555556,60.0,5.0,16.84861111111111
Endometriosis,Camila,2.0,0.1747260015117158,16.333333333333332,31.0,7.516118669690098
Endometriosis,Chateal,2.5,-0.03907565235690234,2.5,113.0,12.721848695286196
Endometriosis,Cryselle,7.0,0.1167085193452381,5.0,94.0,13.433417038690477
Endometriosis,Danazol,6.666666666666667,0.1224614197530864,9.333333333333334,6.0,5.378256172839507
Endometriosis,Danocrine,10.0,0.05,10.0,1.0,6.199999999999999
Endometriosis,Depo-Provera,6.464285714285714,0.015723078008807904,20.071428571428573,882.0,94.83144615601762
Endometriosis,Desogestrel / ethinyl estradiol,8.333333333333334,0.06659008632692844,3.3333333333333335,522.0,56.33318017265386
Endometriosis,Errin,4.333333333333333,0.09084896584896585,3.3333333333333335,28.0,5.381697931697932
Endometriosis,Ethinyl estradiol / levonorgestrel,6.150943396226415,0.06347904589541092,7.622641509433962,1888.0,192.9118637521682
Endometriosis,Ethinyl estradiol / norethindrone,6.465116279069767,0.0655580102491723,8.13953488372093,2850.0,289.34506950887044
Endometriosis,Ethinyl estradiol / norgestimate,6.235294117647059,-0.0037018541133716555,8.058823529411764,2117.0,215.79847864471446
Endometriosis,Ethinyl estradiol / norgestrel,7.4,0.06640252976190476,5.2,146.0,18.732805059523812
Endometriosis,Etonogestrel,4.0,-0.05212101291565576,0.2857142857142857,3336.0,335.15290083131157
Endometriosis,Falmina,5.0,0.12984848484848488,3.0,28.0,5.65969696969697
Endometriosis,Femcon Fe,9.0,0.4766666666666667,3.0,8.0,5.953333333333334
Endometriosis,Goserelin,5.823529411764706,-0.016253989406562922,20.88235294117647,23.0,8.773374374128052
Endometriosis,Jolessa,10.0,0.06002747252747252,18.0,80.0,15.720054945054946
Endometriosis,Jolivette,6.0,-0.07894097222222221,13.5,64.0,11.342118055555556
Endometriosis,Junel Fe 1 / 20,7.0,0.04166666666666672,3.0,220.0,25.483333333333334
Endometriosis,Leuprolide,5.848101265822785,0.021184130076106932,22.835443037974684,155.0,22.448697374076264
Endometriosis,Levlen,10.0,0.1609375,25.0,13.0,10.621875000000001
Endometriosis,Levora,4.0,-0.012065972222222212,5.75,122.0,14.925868055555558
Endometriosis,LoSeasonique,8.333333333333334,0.17196051423324152,9.0,73.0,12.777254361799818
Endometriosis,Loestrin 21 1 / 20,9.5,-0.23958333333333331,9.0,16.0,6.720833333333333
Endometriosis,Loestrin 24 Fe,5.454545454545454,0.08370412535996953,10.090909090909092,486.0,52.96740825071994
Endometriosis,Lupron,4.642857142857143,0.04262230708891192,21.714285714285715,38.0,10.085244614177824
Endometriosis,Lupron Depot,5.683333333333334,0.010089716048630635,23.8,85.0,15.553512765430595
Endometriosis,Lutera,9.0,0.20227272727272727,4.0,205.0,25.304545454545455
Endometriosis,Lybrel,5.0,0.18125,8.0,10.0,4.9625
Endometriosis,Medroxyprogesterone,5.868421052631579,0.017780105120706994,21.81578947368421,995.0,106.2460865260309
Endometriosis,Mestranol / norethindrone,2.0,0.07,1.0,6.0,1.7400000000000002
Endometriosis,Microgestin 1 / 20,7.0,-0.006687860750360746,8.25,38.0,8.23662427849928
Endometriosis,Microgestin Fe 1 / 20,7.555555555555555,0.19634164119643918,11.0,392.0,44.814905504615105
Endometriosis,Mononessa,7.25,-0.0011363636363636229,11.75,129.0,18.147727272727273
Endometriosis,Nafarelin,8.5,0.065,5.5,2.0,4.830000000000001
Endometriosis,Necon 1 / 35,8.0,-0.015384615384615387,1.0,24.0,5.76923076923077
Endometriosis,Necon 1 / 50,2.0,0.07,1.0,6.0,1.7400000000000002
Endometriosis,Nora-Be,6.0,-0.021626683501683508,17.0,66.0,12.356746632996634
Endometriosis,Norethindrone,5.714285714285714,0.06919723969820095,16.428571428571427,431.0,48.809823050824974
Endometriosis,Ortho Cyclen,9.0,0.22999999999999998,8.0,37.0,9.36
Endometriosis,Ortho Tri-Cyclen Lo,3.4,0.003874847374847376,17.2,215.0,26.307749694749695
Endometriosis,Previfem,9.0,0.10380570409982177,3.0,20.0,6.407611408199644
Endometriosis,Progesterone,7.0,-0.14114583333333333,19.0,23.0,8.617708333333335
Endometriosis,Quasense,8.333333333333334,0.12611914600550964,4.0,37.0,8.085571625344354
Endometriosis,Seasonale,7.0,0.030228174603174597,17.0,25.0,8.76045634920635
Endometriosis,Seasonique,4.75,0.11262390393058286,10.708333333333334,220.0,26.266914474527834
Endometriosis,Sprintec,6.428571428571429,-0.04753360868156786,6.571428571428571,509.0,54.690647068351154
Endometriosis,Synarel,7.0,-0.21999999999999997,4.0,1.0,3.2600000000000002
Endometriosis,Tri-Linyah,9.0,0.04537037037037039,0.0,16.0,5.290740740740741
Endometriosis,Tri-Lo-Sprintec,5.5,-0.09531250000000001,3.0,53.0,7.909375000000001
Endometriosis,Tri-Previfem,5.666666666666667,-0.10988455988455986,4.0,130.0,15.846897546897548
Endometriosis,Tri-Sprintec,6.8,0.14245717592592594,9.6,392.0,44.12491435185186
Endometriosis,Zoladex,5.705882352941177,-0.019783779333411678,23.705882352941178,23.0,9.283961853097884
Endoscopy or Radiology Premedication,Diazepam,8.5,-0.054861111111111104,29.5,322.0,41.39027777777778
Endoscopy or Radiology Premedication,Valium,10.0,-0.09722222222222221,44.0,157.0,28.305555555555557
Enterocolitis,Chlordiazepoxide / clidinium,9.5,0.008928571428571433,11.5,32.0,9.317857142857143
Enterocolitis,Donnatal,10.0,-0.3999999999999999,23.0,14.0,9.200000000000001
Enterocolitis,Librax,10.0,0.017857142857142867,23.0,25.0,11.135714285714286
Eosinophilic Esophagitis,Budesonide,6.333333333333333,0.16037037037037039,15.0,53.0,11.154074074074074
Eosinophilic Esophagitis,Entocort EC,8.0,0.17916666666666667,19.0,12.0,8.558333333333334
"Epicondylitis, Tennis Elbow",Prednisone,1.0,-0.04722222222222222,2.0,289.0,29.605555555555558
"Epididymitis, Sexually Transmitted",Ciprofloxacin,4.0,-0.22000000000000003,7.0,361.0,38.660000000000004
Epilepsy,Acetazolamide,8.5,0.345,16.0,67.0,13.99
Epilepsy,Carbamazepine,7.025,0.08714090057319224,12.6,163.0,21.804281801146388
Epilepsy,Carbatrol,8.142857142857142,0.01045464852607709,11.428571428571429,10.0,6.563766439909298
Epilepsy,Clobazam,10.0,0.17044444444444445,3.0,7.0,5.640888888888889
Epilepsy,Depakote,7.678571428571429,0.11437765731292517,18.428571428571427,153.0,22.285898171768707
Epilepsy,Depakote ER,7.75,0.08491811539430587,13.083333333333334,47.0,10.58650289745528
Epilepsy,Diamox,9.0,0.69,32.0,25.0,13.88
Epilepsy,Dilantin,7.666666666666667,0.14336446192696195,10.88888888888889,40.0,9.531173368298369
Epilepsy,Divalproex sodium,7.333333333333333,0.08200822455605619,17.214285714285715,235.0,30.04020692530259
Epilepsy,Epitol,5.333333333333333,0.08276515151515153,5.666666666666667,16.0,5.032196969696971
Epilepsy,Felbamate,6.75,0.002743675595238089,2.75,5.0,3.7554873511904763
Epilepsy,Felbatol,7.25,0.13427083333333334,8.0,5.0,5.268541666666668
Epilepsy,Fycompa,6.1,-0.011520582195582201,7.7,15.0,5.456958835608836
Epilepsy,Gabapentin,6.75,-0.02224206349206349,22.25,1047.0,111.80551587301588
Epilepsy,Keppra,6.275862068965517,0.03899872800110051,24.620689655172413,117.0,19.212480214622893
Epilepsy,Keppra XR,9.0,0.13123015873015872,10.333333333333334,11.0,7.029126984126984
Epilepsy,Lamictal,5.2,0.12144126984126986,2.8,339.0,36.78288253968254
Epilepsy,Lamotrigine,7.642857142857143,0.11194551013045913,4.928571428571429,591.0,63.36674816311806
Epilepsy,Levetiracetam,6.117647058823529,0.05977503489093126,15.392156862745098,174.0,23.045040265860294
Epilepsy,Lyrica,4.333333333333333,0.06770472582972582,14.666666666666666,441.0,48.90207611832612
Epilepsy,Mebaral,10.0,0.19768518518518519,17.666666666666668,3.0,8.228703703703705
Epilepsy,Mephobarbital,9.5,0.03611111111111112,12.5,2.0,6.572222222222223
Epilepsy,Neurontin,9.0,0.08750000000000001,46.0,140.0,26.975
Epilepsy,Peganone,1.0,0.12999999999999998,0.0,1.0,0.7599999999999999
Epilepsy,Perampanel,5.7272727272727275,0.04513223897314806,11.363636363636363,14.0,6.05390084158266
Epilepsy,Phenytek,10.0,0.13125,1.0,3.0,4.7625
Epilepsy,Phenytoin,8.136363636363637,0.1649923323429817,8.363636363636363,53.0,10.557257391958691
Epilepsy,Pregabalin,6.0,0.37272727272727274,24.0,632.0,71.14545454545456
Epilepsy,Tegretol,6.636363636363637,0.04359886304772668,19.681818181818183,77.0,14.378106817004547
Epilepsy,Tegretol XR,6.333333333333333,0.05158324314574314,13.333333333333334,16.0,6.903166486291486
Epilepsy,Valproic acid,1.0,0.1,1.0,16.0,2.4000000000000004
Erectile Dysfunction,Alprostadil,7.827586206896552,0.17307411075514523,50.60344827586207,58.0,19.397872359441326
Erectile Dysfunction,Avanafil,6.333333333333333,0.12940296737849646,32.666666666666664,27.0,12.025472601423658
Erectile Dysfunction,Caverject,9.0,0.2503472222222222,43.0,3.0,13.000694444444445
Erectile Dysfunction,Caverject Impulse,9.333333333333334,0.22956108706108705,50.0,6.0,14.792455507455507
Erectile Dysfunction,Cialis,8.635593220338983,0.198871236224036,56.313559322033896,279.0,43.01469162499045
Erectile Dysfunction,Damiana,10.0,0.3224206349206349,14.0,1.0,7.544841269841269
Erectile Dysfunction,Edex,8.578947368421053,0.2625545524163946,51.1578947368421,19.0,16.08826699956963
Erectile Dysfunction,Levitra,8.098591549295774,0.16626305599864785,52.12676056338028,72.0,21.197314844391663
Erectile Dysfunction,Muse,5.2,0.04671673080006414,52.86666666666667,15.0,14.246766794933462
Erectile Dysfunction,Sildenafil,8.573333333333334,0.17250739647659785,49.54666666666667,167.0,30.383681459619865
Erectile Dysfunction,Staxyn,9.0,0.18477597402891388,80.44444444444444,18.0,21.858440836946716
Erectile Dysfunction,Stendra,5.961538461538462,0.10987011436874075,31.923076923076923,26.0,11.588970997968252
Erectile Dysfunction,Tadalafil,8.68131868131868,0.17912644253755333,48.413919413919416,318.0,45.31356424038646
Erectile Dysfunction,Vardenafil,8.098901098901099,0.1962853777890513,57.065934065934066,91.0,24.145318008325354
Erectile Dysfunction,Viagra,8.794117647058824,0.16505966049179732,65.50980392156863,113.0,28.249727164120852
Erectile Dysfunction,Yohimbine,4.0,-0.05071428571428569,0.0,5.0,1.9985714285714287
Erosive Esophagitis,Aciphex,7.75,0.30885416666666665,18.25,33.0,10.667708333333334
Erosive Esophagitis,Dexilant,9.333333333333334,0.02912698412698413,39.333333333333336,81.0,19.758253968253968
Erosive Esophagitis,Dexlansoprazole,8.777777777777779,0.13282567740901075,25.444444444444443,109.0,19.765651354818022
Erosive Esophagitis,Esomeprazole,9.0,0.013777777777777778,19.8,94.0,16.987555555555556
Erosive Esophagitis,Kapidex,9.0,0.20430555555555555,12.0,20.0,8.408611111111112
Erosive Esophagitis,Lansoprazole,10.0,-0.07479166666666667,19.4,55.0,13.230416666666667
Erosive Esophagitis,Nexium,9.0,0.013777777777777778,19.8,80.0,15.587555555555555
Erosive Esophagitis,Omeprazole,9.333333333333334,0.14217592592592593,25.333333333333332,90.0,18.084351851851853
Erosive Esophagitis,Omeprazole / sodium bicarbonate,10.0,0.03875,13.0,18.0,8.477500000000001
Erosive Esophagitis,Pantoprazole,7.142857142857143,0.1772931134259259,20.857142857142858,94.0,16.78315765542328
Erosive Esophagitis,Prevacid,10.0,-0.0798611111111111,25.333333333333332,37.0,12.606944444444444
Erosive Esophagitis,Prilosec,9.0,0.0944047619047619,41.0,23.0,14.288809523809526
Erosive Esophagitis,Protonix,7.0,0.1184061535493827,28.666666666666668,35.0,12.2701456404321
Erosive Esophagitis,Rabeprazole,8.2,0.27375,18.4,38.0,11.3075
Erosive Esophagitis,Ranitidine,10.0,0.21501546869833002,43.333333333333336,57.0,18.79669760406333
Erosive Esophagitis,Zantac,10.0,-0.06416490342881939,15.0,20.0,8.87167019314236
Erosive Esophagitis,Zegerid,10.0,0.0775,5.0,17.0,6.855
Esophageal Candidiasis,Diflucan,10.0,0.31666666666666665,63.0,67.0,23.933333333333334
Esophageal Candidiasis,Fluconazole,10.0,0.3127777777777777,42.0,200.0,33.025555555555556
Esophageal Spasm,Isosorbide mononitrate,10.0,0.04363636363636365,85.0,21.0,23.187272727272727
Esophageal Variceal Hemorrhage Prophylaxis,Nadolol,9.0,0.23986291486291486,7.666666666666667,20.0,7.613059163059163
Euvolemic Hyponatremia,Conivaptan,9.0,0.15347222222222223,14.0,1.0,6.8069444444444445
Euvolemic Hyponatremia,Vaprisol,9.0,0.15347222222222223,14.0,1.0,6.8069444444444445
Expectoration,Acetylcysteine,9.714285714285714,0.11752645502645502,31.285714285714285,9.0,11.277910052910054
Expectoration,Dextromethorphan / guaifenesin,1.5,-0.75,2.5,10.0,0.6000000000000001
Expectoration,Mucinex DM,1.0,-1.0,5.0,4.0,-0.20000000000000007
Expectoration,Mucinex DM Maximum Strength,2.0,-0.49999999999999994,0.0,1.0,-0.09999999999999984
Expectoration,Mucomyst,7.0,0.027929292929292925,50.0,3.0,13.155858585858587
Extrapyramidal Reaction,Amantadine,7.0,-0.012499999999999997,3.5,20.0,5.4750000000000005
Extrapyramidal Reaction,Artane,7.666666666666667,-0.06666666666666667,4.0,6.0,4.333333333333334
Extrapyramidal Reaction,Benadryl,9.0,0.24888888888888888,15.0,35.0,10.597777777777779
Extrapyramidal Reaction,Benztropine,8.777777777777779,0.11560846560846562,28.444444444444443,10.0,10.431216931216932
Extrapyramidal Reaction,Cogentin,9.0,0.056825396825396834,37.333333333333336,3.0,11.480317460317462
Extrapyramidal Reaction,Procyclidine,2.5,-0.17591666666666667,1.0,4.0,1.2481666666666666
Extrapyramidal Reaction,Trihexyphenidyl,7.4,-0.04933673469387757,4.0,8.0,4.461326530612245
Eye Redness,FML Forte Liquifilm,7.0,-0.09375,28.0,1.0,8.3125
Eye Redness,FreshKote,9.571428571428571,0.023888888888888897,24.142857142857142,7.0,9.404920634920636
Eye Redness,GenTeal,9.0,0.19479166666666667,10.0,2.0,6.189583333333334
Eye Redness,Hypotears,10.0,0.06711309523809524,9.0,3.0,6.23422619047619
Eye Redness,Lacrisert,9.0,0.056572420634920635,10.0,6.0,6.313144841269841
Eye Redness,Oasis Tears,3.0,0.11714285714285713,10.0,2.0,3.6342857142857143
Eye Redness,Ocular lubricant,7.766666666666667,0.07732039642456309,13.833333333333334,41.0,10.127974126182462
Eye Redness,Phenylephrine,10.0,0.7,0.0,24.0,7.800000000000001
Eye Redness,Prefrin,10.0,0.7,0.0,1.0,5.5
Eye Redness,Refresh PM,10.0,-0.07784391534391534,9.0,1.0,5.744312169312169
Eye Redness,Systane,4.0,0.058930976430976445,27.666666666666668,8.0,8.051195286195288
Eye Redness,Systane Balance,9.666666666666666,0.21658730158730158,14.333333333333334,3.0,7.466507936507937
Eye Redness,Systane Ultra,7.0,-0.058333333333333334,4.0,4.0,3.8833333333333333
Eye Redness,Tetrahydrozoline,10.0,0.75,10.0,1.0,7.6
Eye Redness,TheraTears,9.0,0.009598214285714288,15.0,1.0,6.719196428571428
Eye Redness,Visine Original,10.0,0.75,10.0,1.0,7.6
Eye Redness/Itching,Naphazoline,1.0,0.08307291666666666,6.0,10.0,2.7661458333333337
Eye Redness/Itching,Naphazoline / pheniramine,7.1,0.20278703703703704,4.3,10.0,5.105574074074074
Eye Redness/Itching,Opcon-A,5.857142857142857,-0.009280303030303028,7.571428571428571,7.0,4.538582251082251
Eye Redness/Itching,Tetrahydrozoline / zinc sulfate,3.875,0.09285590277777779,3.5,8.0,3.235711805555556
Eye Redness/Itching,Visine Totality Multi-Symptom Relief,3.75,0.18653149801587302,3.375,8.0,3.3480629960317456
Eyelash Hypotrichosis,Bimatoprost,10.0,-0.125,7.0,10.0,6.15
Eyelash Hypotrichosis,Latisse,5.0,0.10023148148148149,2.0,2.0,2.800462962962963
GERD,Aciphex,9.363636363636363,0.09259681330348944,23.772727272727273,33.0,11.98519362660698
GERD,Aluminum hydroxide / magnesium hydroxide / simethicone,9.0,0.625,9.0,3.0,6.949999999999999
GERD,Aluminum hydroxide / magnesium trisilicate,7.0,0.4074074074074074,10.666666666666666,5.0,6.2481481481481485
GERD,Axid,10.0,0.8,11.0,1.0,7.8999999999999995
GERD,Axid AR,10.0,0.15000000000000002,13.0,2.0,7.1000000000000005
GERD,Calcium carbonate,2.0,0.09375,8.0,10.0,3.5875000000000004
GERD,Calcium carbonate / simethicone,10.0,0.4375,4.5,2.0,5.9750000000000005
GERD,Carafate,6.5,-0.024985394620811282,57.75,21.0,16.20002921075838
GERD,Cimetidine,9.0,0.22277777777777777,4.666666666666667,7.0,5.678888888888889
GERD,Dexilant,6.476923076923077,-0.018673875995799064,36.323076923076925,81.0,17.91803686339302
GERD,Dexlansoprazole,6.896551724137931,0.011708397673969254,31.080459770114942,109.0,19.8981294390261
GERD,Esomeprazole,7.686567164179104,0.19328759028498718,25.29850746268657,94.0,17.92090353877893
GERD,Famotidine,5.666666666666667,0.22476025132275132,17.333333333333332,14.0,7.582853835978836
GERD,Gelusil,9.0,0.625,9.0,2.0,6.85
GERD,Kapidex,8.833333333333334,0.2306115635356707,12.0,20.0,8.394556460404676
GERD,Lansoprazole,7.951219512195122,0.08291261333356281,25.414634146341463,55.0,13.929239860813468
GERD,Metoclopramide,5.181818181818182,0.04973976097555644,14.0,143.0,19.272206794678386
GERD,Mylanta,10.0,0.0,16.0,1.0,7.3
GERD,Nexium,7.685185185185185,0.18914237951357105,24.944444444444443,80.0,16.441247721990106
GERD,Nexium 24HR,10.0,0.3833333333333333,4.0,2.0,5.766666666666667
GERD,Nexium IV,8.0,0.22884615384615387,5.0,1.0,4.757692307692308
GERD,Nizatidine,10.0,0.22500000000000003,8.5,5.0,6.65
GERD,Omeprazole,7.933333333333334,0.05416388648829126,33.38333333333333,90.0,18.95832777297658
GERD,Omeprazole / sodium bicarbonate,7.461538461538462,0.16549336080586083,10.615384615384615,18.0,7.23867902930403
GERD,Pantoprazole,6.464285714285714,0.0020937130367750393,35.92857142857143,94.0,19.17561599750212
GERD,Pepcid,6.5,0.15,13.0,6.0,6.1
GERD,Pepcid AC Chewable Tablets,10.0,1.0,36.0,2.0,13.399999999999999
GERD,Prevacid,8.466666666666667,0.11778277679111013,28.666666666666668,37.0,13.05556555358222
GERD,Prevacid OTC,8.0,0.0,14.0,1.0,6.1
GERD,Prevacid SoluTab,1.0,0.0,2.0,1.0,0.9
GERD,Prilosec,7.3125,0.07893381358225109,53.125,23.0,16.0078676271645
GERD,Prilosec OTC,9.2,0.16803846153846155,32.8,8.0,11.376076923076923
GERD,Protonix,6.842105263157895,-0.023128614806246377,56.0,35.0,17.390584875650667
GERD,Protonix IV,9.0,0.0,41.0,3.0,12.100000000000001
GERD,Rabeprazole,8.304347826086957,0.061347990777338615,20.52173913043478,38.0,11.348782938076418
GERD,Ranitidine,7.945945945945946,0.09346633565383565,34.21621621621622,57.0,15.908554292929292
GERD,Reglan,5.333333333333333,0.0859075937473755,17.666666666666668,99.0,15.738481854161417
GERD,Sucralfate,7.117647058823529,0.08754692701996623,50.0,36.0,16.622152677569346
GERD,Tums Regular Strength,1.0,0.0,14.0,1.0,3.3000000000000003
GERD,Zantac,7.230769230769231,0.24444101037851038,43.69230769230769,20.0,14.119651251526253
GERD,Zantac 150,7.875,0.0013131219185906831,45.375,18.0,14.027626243837183
GERD,Zegerid,7.833333333333333,0.07583580096600931,19.166666666666668,17.0,8.818338268598687
GERD,Zegerid OTC,7.0,0.10850694444444448,5.5,2.0,4.31701388888889
Gallbladder Disease,Ursodiol,10.0,0.18666666666666668,17.0,4.0,8.173333333333334
Gas,Aluminum hydroxide / magnesium hydroxide / simethicone,9.5,0.3,7.5,3.0,6.2
Gas,Citric acid / simethicone / sodium bicarbonate,10.0,0.3286904761904762,3.0,1.0,5.357380952380952
Gas,Devrom,10.0,0.135,4.0,1.0,5.169999999999999
Gas,Gas-X,7.714285714285714,0.20072544642857143,55.42857142857143,7.0,15.272879464285715
Gas,Gelusil,9.0,0.0,3.0,2.0,4.4
Gas,Mylanta Gas,3.0,-0.19166666666666665,1.0,1.0,1.116666666666667
Gas,Simethicone,8.5,0.22341579861111108,61.833333333333336,7.0,16.91349826388889
Gastric Cance,Methotrexate,1.0,0.049999999999999996,3.0,121.0,13.200000000000001
Gastric Ulcer Maintenance Treatment,Ranitidine,10.0,-0.4225,38.0,57.0,16.455000000000002
Gastric Ulcer Maintenance Treatment,Zantac,10.0,0.09249999999999999,47.0,20.0,15.585
Gastritis/Duodenitis,Lansoprazole,10.0,0.8,0.0,55.0,11.1
Gastritis/Duodenitis,Omeprazole,10.0,-0.04303751803751803,8.0,90.0,14.513924963924964
Gastritis/Duodenitis,Pantoprazole,9.5,-0.029687500000000006,24.0,94.0,17.940625
Gastroenteritis,Doxycycline,1.0,-0.011484593837535017,1.0,627.0,63.27703081232493
Gastroenteritis,Ondansetron,9.11111111111111,0.035550690418709806,21.77777777777778,203.0,28.37110138083742
Gastroenteritis,Zofran,9.333333333333334,0.02201110699143106,26.5,122.0,21.277355547316198
Gastroenteritis,Zofran ODT,10.0,0.0,13.0,25.0,9.1
Gastrointestinal Decontamination,PEG-3350 with Electolytes,10.0,-0.12666666666666665,8.0,2.0,5.546666666666667
Gastrointestinal Decontamination,Polyethylene glycol 3350 with electrolytes,7.0,0.05572916666666666,28.0,213.0,29.811458333333334
Gastrointestinal Stromal Tum,Gleevec,8.75,0.3225,38.5,22.0,14.044999999999998
Gastrointestinal Stromal Tum,Imatinib,9.0,0.23106818181818178,21.5,21.0,10.462136363636363
Gastrointestinal Stromal Tum,Regorafenib,1.0,0.0,6.0,1.0,1.7000000000000002
Gastrointestinal Stromal Tum,Stivarga,1.0,0.0,6.0,2.0,1.8
Gastroparesis,Metoclopramide,5.7368421052631575,0.0865508118656615,41.68421052631579,143.0,25.104680571099742
Gastroparesis,Reglan,6.055555555555555,0.11045113965252855,53.833333333333336,99.0,23.309791168193946
Gaucher Disease,Cerezyme,9.0,0.3353333333333333,0.0,1.0,4.370666666666667
Gaucher Disease,Imiglucerase,9.0,0.3353333333333333,0.0,1.0,4.370666666666667
Gender Dysphoria,Estradiol,10.0,0.21875,26.0,241.0,33.7375
Gender Dysphoria,Spironolactone,9.0,1.0,62.0,239.0,41.900000000000006
Gender Dysphoria,Testosterone,2.0,-0.011458333333333334,5.0,278.0,29.577083333333334
Generalized Anxiety Disorde,Celexa,8.5,0.09517947330447331,102.5,491.0,73.19035894660895
Generalized Anxiety Disorde,Citalopram,8.053333333333333,0.06726776324553509,48.10666666666667,995.0,112.47720219315774
Generalized Anxiety Disorde,Cymbalta,6.683333333333334,0.10180174363757888,55.53333333333333,864.0,100.38360348727517
Generalized Anxiety Disorde,Duloxetine,6.587301587301587,0.0742732407562006,51.06349206349206,934.0,106.39616552913145
Generalized Anxiety Disorde,Effexor XR,6.6923076923076925,0.06211784488288499,53.794871794871796,399.0,53.46013312566321
Generalized Anxiety Disorde,Escitalopram,8.16376306620209,0.07397737212172283,44.47386759581882,1292.0,141.50823348988806
Generalized Anxiety Disorde,Lexapro,8.321951219512195,0.07155433177327973,58.50731707317073,952.0,110.37335256598558
Generalized Anxiety Disorde,Lyrica,9.1,0.22489756104461986,89.0,441.0,65.98979512208925
Generalized Anxiety Disorde,Paroxetine,7.978260869565218,0.11258656300399383,28.717391304347824,645.0,73.65995573470364
Generalized Anxiety Disorde,Paxil,8.25,0.12073633654637363,40.57142857142857,457.0,57.355758387378465
Generalized Anxiety Disorde,Paxil CR,6.666666666666667,0.024223484848484845,28.333333333333332,24.0,10.781780303030304
Generalized Anxiety Disorde,Pregabalin,8.277310924369749,0.122674126160382,59.0,632.0,78.55627262206866
Generalized Anxiety Disorde,Quetiapine,7.85,0.12053625791079836,49.25,831.0,96.3310725158216
Generalized Anxiety Disorde,Seroquel,7.2727272727272725,0.08283143939393939,75.72727272727273,334.0,51.62020833333334
Generalized Anxiety Disorde,Seroquel XR,7.0,0.22946428571428573,63.6,126.0,28.578928571428573
Generalized Anxiety Disorde,Sertraline,7.724137931034483,0.06533515280084817,31.344827586206897,1360.0,145.48929099525688
Generalized Anxiety Disorde,Venlafaxine,6.814285714285714,0.05312670925682995,38.385714285714286,1016.0,112.10911056137081
Generalized Anxiety Disorde,Zoloft,9.0,-0.02500000000000001,79.0,805.0,99.85
Gestational Diabetes,Insulin isophane,9.0,0.18888888888888888,3.0,3.0,4.877777777777777
Giant Cell Tumor of Bone,Denosumab,10.0,1.0,7.0,56.0,13.0
Giardiasis,Flagyl,9.0,0.07916666666666668,28.0,141.0,23.458333333333336
Giardiasis,Metronidazole,5.818181818181818,-0.0915756755870392,7.181818181818182,922.0,95.7804850124623
Giardiasis,Paromomycin,10.0,-0.0080952380952381,2.0,3.0,4.683809523809524
Giardiasis,Tindamax,1.0,-0.16688311688311688,2.0,13.0,1.7662337662337664
Giardiasis,Tinidazole,9.0,-0.3714285714285714,2.0,39.0,7.1571428571428575
Gingivitis,Chlorhexidine,10.0,0.1323926073926074,45.0,10.0,14.264785214785215
Gingivitis,Peridex,10.0,-0.3297619047619047,69.5,2.0,17.44047619047619
Gingivitis,Periogard,10.0,0.28939393939393937,61.0,1.0,16.878787878787882
Glaucoma,Acetazolamide,5.454545454545454,-0.09017478663311997,11.272727272727273,67.0,10.956014063097395
Glaucoma,Brimonidine / timolol,6.0,0.1966128117913832,18.142857142857142,9.0,7.321797052154196
Glaucoma,Combigan,6.222222222222222,0.18458774250440918,17.444444444444443,11.0,7.446953262786597
Glaucoma,Diamox,5.857142857142857,-0.026453766691861925,17.0,25.0,8.18994960947342
"Glaucoma, Open Angle",Alphagan P,10.0,-0.10138888888888889,3.0,1.0,4.497222222222222
"Glaucoma, Open Angle",Bimatoprost,6.714285714285714,0.07198670377241807,25.142857142857142,10.0,8.85825912183055
"Glaucoma, Open Angle",Brimonidine,4.333333333333333,0.030819088319088323,20.0,73.0,13.094971509971511
"Glaucoma, Open Angle",Brimonidine / brinzolamide,9.666666666666666,0.2850925925925926,21.333333333333332,3.0,9.003518518518518
"Glaucoma, Open Angle",Brinzolamide,1.0,0.0,7.0,1.0,1.9000000000000004
"Glaucoma, Open Angle",Cosopt,6.0,0.3422222222222222,4.0,3.0,4.184444444444445
"Glaucoma, Open Angle",Dorzolamide,7.4,0.0546875,4.6,5.0,4.489375000000001
"Glaucoma, Open Angle",Dorzolamide / timolol,4.4,0.008666666666666711,3.6,5.0,2.9973333333333336
"Glaucoma, Open Angle",Istalol,10.0,0.3070833333333333,14.0,1.0,7.514166666666666
"Glaucoma, Open Angle",Latanoprost,5.2,0.07733331807081807,31.8,14.0,9.994666636141636
"Glaucoma, Open Angle",Lumigan,5.6,0.033281385281385294,31.8,6.0,9.26656277056277
"Glaucoma, Open Angle",Simbrinza,9.0,0.21083333333333334,2.0,1.0,4.5216666666666665
"Glaucoma, Open Angle",Tafluprost,10.0,0.23298611111111112,19.0,5.0,8.765972222222222
"Glaucoma, Open Angle",Timolol,8.333333333333334,0.1098063973063973,1.6666666666666667,3.0,4.1862794612794625
"Glaucoma, Open Angle",Timoptic Ocudose,7.0,0.20555555555555557,3.0,1.0,3.9111111111111114
"Glaucoma, Open Angle",Travoprost,10.0,0.17916666666666664,10.5,2.0,6.658333333333334
"Glaucoma, Open Angle",Trusopt,7.0,-0.041666666666666664,3.0,1.0,3.416666666666667
"Glaucoma, Open Angle",Xalatan,7.25,0.16708333333333333,50.0,5.0,13.734166666666667
Glaucoma/Intraocular Hypertension,Brimonidine / timolol,10.0,0.7,4.0,9.0,7.1000000000000005
Glaucoma/Intraocular Hypertension,Combigan,10.0,0.7,4.0,11.0,7.300000000000001
Glaucoma/Intraocular Hypertension,Tafluprost,6.5,0.0,5.0,5.0,4.1
Glaucoma/Intraocular Hypertension,Zioptan,9.0,0.14285714285714285,10.0,1.0,5.985714285714286
Glioblastoma Multi,Bevacizumab,8.8,-0.06241984126984127,60.6,17.0,17.21516031746032
Glioblastoma Multi,Temozolomide,9.0,-0.29999999999999993,48.0,9.0,13.500000000000002
Glioblastoma Multiforme,Avastin,8.5,-0.053024801587301586,61.25,15.0,17.043950396825398
Glioblastoma Multiforme,Temodar,9.0,-0.29999999999999993,48.0,6.0,13.200000000000001
Gonadotropin Inhibition,Junel Fe 1 / 20,2.0,0.0,12.0,220.0,25.2
"Gonococcal Infection, Disseminated",Ceftriaxone,10.0,-0.3999999999999999,1.0,52.0,8.600000000000001
"Gonococcal Infection, Disseminated",Rocephin,10.0,-0.3999999999999999,1.0,52.0,8.600000000000001
"Gonococcal Infection, Uncomplicated",Azithromycin,10.0,0.5388888888888889,0.0,548.0,59.87777777777778
"Gonococcal Infection, Uncomplicated",Ceftriaxone,8.0,-0.20249999999999999,3.0,52.0,8.595
"Gonococcal Infection, Uncomplicated",Ciprofloxacin,8.0,0.10250000000000001,7.0,361.0,40.905
"Gonococcal Infection, Uncomplicated",Rocephin,9.0,0.015416666666666662,4.0,52.0,9.630833333333333
Gout,Allopurinol,7.916666666666667,0.0371207672321677,41.666666666666664,39.0,15.474241534464337
Gout,Aloprim,9.5,0.04583333333333334,52.5,2.0,14.591666666666667
Gout,Benemid,10.0,0.18333333333333332,14.0,1.0,7.266666666666666
Gout,Febuxostat,8.481481481481481,0.08156310396279533,22.703703703703702,27.0,10.796459541258923
Gout,Krystexxa,9.666666666666666,0.08604166666666668,31.0,3.0,10.53875
Gout,Lesinurad,10.0,0.11000000000000001,3.0,1.0,4.92
Gout,Pegloticase,9.666666666666666,0.08604166666666668,31.0,3.0,10.53875
Gout,Probenecid,9.5,0.09966666666666667,16.0,2.0,7.399333333333334
Gout,Uloric,8.481481481481481,0.12556789095677987,30.037037037037038,27.0,12.351135781913559
Gout,Zurampic,10.0,0.2310416666666667,2.5,2.0,5.162083333333333
Gout,Zyloprim,9.0,0.08285714285714288,144.0,1.0,32.66571428571429
"Gout, Acute",Advil Liqui-Gels,9.5,0.3386574074074074,40.0,8.0,13.277314814814815
"Gout, Acute",Aleve,9.2,0.062277777777777765,79.6,66.0,26.324555555555555
"Gout, Acute",Clinoril,10.0,0.6,17.0,4.0,9.000000000000002
"Gout, Acute",Colchicine,7.606060606060606,0.0830088176978984,18.21212121212121,45.0,11.350866120244282
"Gout, Acute",Colcrys,8.333333333333334,-0.041597601291228734,27.333333333333332,17.0,10.416804797417544
"Gout, Acute",Fenoprofen,8.0,0.0,6.0,1.0,4.5
"Gout, Acute",Ibuprofen,9.333333333333334,0.2679938271604938,39.333333333333336,85.0,20.63598765432099
"Gout, Acute",Indocin,8.777777777777779,0.19085185185185186,46.44444444444444,20.0,15.181703703703704
"Gout, Acute",Indomethacin,8.315068493150685,0.06410118735883849,30.794520547945204,103.0,19.913133881566992
"Gout, Acute",Ketoprofen,10.0,0.028943452380952382,3.5,15.0,6.257886904761905
"Gout, Acute",Medrol,10.0,1.0,21.0,5.0,10.7
"Gout, Acute",Medrol Dosepak,10.0,0.25,55.0,9.0,16.4
"Gout, Acute",Methylprednisolone,8.947368421052632,0.13256303185814464,24.68421052631579,152.0,23.980915537400502
"Gout, Acute",Motrin,6.0,-0.025,14.0,8.0,5.95
"Gout, Acute",Nalfon,8.0,0.0,6.0,1.0,4.5
"Gout, Acute",Naprosyn,10.0,0.0,37.0,19.0,13.3
"Gout, Acute",Naproxen,8.454545454545455,0.07880079474397657,37.36363636363637,308.0,41.81214704403341
"Gout, Acute",Solu-Medrol,9.0,0.14380952380952383,35.0,5.0,11.387619047619047
"Gout, Acute",Sulindac,9.25,0.3338541666666667,12.0,15.0,8.267708333333335
"Gout, Acute",Tolmetin,8.0,0.05,0.0,2.0,3.5000000000000004
"Gout, Prophylaxis",Colchicine,8.75,0.2649925595238095,7.0,45.0,9.929985119047618
"Gout, Prophylaxis",Colcrys,9.0,0.24226190476190473,6.0,17.0,6.98452380952381
Gouty Arthritis,Aristocort,10.0,0.0,2.0,2.0,4.6000000000000005
Gouty Arthritis,Colchicine / probenecid,7.0,0.04414540816326531,18.0,2.0,6.688290816326531
Gouty Arthritis,Prednisone,9.481481481481481,0.08372290785557644,39.2962962962963,289.0,40.71929766756301
Gouty Arthritis,Probenecid and Colchicine,7.0,0.04414540816326531,18.0,2.0,6.688290816326531
Gouty Arthritis,Sulfinpyrazone,9.0,0.15,3.0,1.0,4.6
Gouty Arthritis,Triamcinolone,10.0,0.0,2.0,110.0,15.4
Granuloma Annulare,Accutane,10.0,0.8,20.0,330.0,42.6
Granuloma Annulare,Fluocinonide,10.0,0.3500000000000001,6.0,26.0,8.5
Granuloma Annulare,Halobetasol,9.0,0.9099999999999999,3.0,15.0,7.52
Granuloma Annulare,Isotretinoin,10.0,0.8,20.0,530.0,62.6
HIV Infection,Abacavir / dolutegravir / lamivudine,8.211538461538462,0.08978803337871911,12.5,52.0,11.164191451372822
HIV Infection,Abacavir / lamivudine / zidovudine,9.0,-0.05555555555555555,1.0,1.0,3.788888888888889
HIV Infection,Atazanavir,10.0,0.5,7.0,1.0,6.5
HIV Infection,Atripla,9.138461538461538,0.10708635113418345,17.03076923076923,68.0,14.07571116380683
HIV Infection,Cobicistat / darunavir,1.0,-0.0010882635882635758,4.5,2.0,1.497823472823473
HIV Infection,Cobicistat / elvitegravir / emtricitabine / tenofovir,9.444444444444445,0.10891155231093556,15.37037037037037,54.0,12.469674956473725
HIV Infection,Cobicistat / elvitegravir / emtricitabine / tenofovir alafenamide,7.926829268292683,0.12837894400089522,9.365853658536585,41.0,9.40066032702618
HIV Infection,Combivir,10.0,0.6166666666666667,4.0,2.0,6.233333333333333
HIV Infection,Complera,8.205128205128204,0.08066141759034344,14.846153846153847,40.0,10.412604886462738
HIV Infection,Darunavir,7.666666666666667,0.3314814814814815,7.666666666666667,3.0,5.562962962962963
HIV Infection,Dolutegravir,7.5,0.111742955347122,3.0,8.0,4.623485910694244
HIV Infection,Efavirenz,5.2,-0.006973443223443209,1.4,6.0,2.9460531135531136
HIV Infection,Efavirenz / emtricitabine / tenofovir,9.128571428571428,0.1335547545804812,15.0,72.0,14.118538080589534
HIV Infection,Emtricitabine / rilpivirine / tenofovir,8.30952380952381,0.04597032672743199,13.857142857142858,42.0,10.38717874869296
HIV Infection,Emtricitabine / rilpivirine / tenofovir alafenamide,10.0,0.18842948717948718,23.5,2.0,9.276858974358973
HIV Infection,Emtricitabine / tenofovir,8.875,0.18344444444444447,7.875,11.0,6.591888888888889
HIV Infection,Enfuvirtide,10.0,-0.00970432692307692,3.0,2.0,4.780591346153846
HIV Infection,Epivir,10.0,0.43333333333333335,2.0,1.0,5.366666666666667
HIV Infection,Epzicom,10.0,0.546875,4.0,2.0,6.09375
HIV Infection,Etravirine,8.0,0.03958333333333334,1.5,2.0,3.779166666666667
HIV Infection,Fuzeon,10.0,0.08130822649572651,2.0,3.0,4.862616452991453
HIV Infection,Genvoya,7.976744186046512,0.1229672408771246,9.883720930232558,43.0,9.713376342219366
HIV Infection,Isentress,8.6,0.25351962481962487,5.3,10.0,6.00703924963925
HIV Infection,Kaletra,8.0,0.07583333333333334,7.0,1.0,4.851666666666667
HIV Infection,Lamivudine,8.5,0.2152777777777778,2.0,3.0,4.530555555555556
HIV Infection,Lamivudine / zidovudine,10.0,0.6166666666666667,4.0,2.0,6.233333333333333
HIV Infection,Lopinavir / ritonavir,8.666666666666666,0.054907407407407405,3.6666666666666665,3.0,4.609814814814815
HIV Infection,Maraviroc,7.0,0.13402777777777777,2.0,2.0,3.668055555555556
HIV Infection,Nevirapine,6.0,0.31055555555555553,1.6666666666666667,3.0,3.6544444444444446
HIV Infection,Norvir,1.0,-0.12439393939393939,0.0,1.0,0.2512121212121212
HIV Infection,Odefsey,10.0,0.31083333333333335,12.0,1.0,7.121666666666667
HIV Infection,Prezcobix,1.0,-0.054365079365079345,4.0,1.0,1.1912698412698415
HIV Infection,Prezista,3.0,0.0,3.0,1.0,1.9000000000000004
HIV Infection,Raltegravir,9.375,0.19827789802789803,5.125,8.0,5.971555796055796
HIV Infection,Reyataz,10.0,0.5,7.0,1.0,6.5
HIV Infection,Selzentry,7.0,0.13402777777777777,2.0,2.0,3.668055555555556
HIV Infection,Stribild,9.466666666666667,0.11419629461629825,17.816666666666666,61.0,13.678392589232597
HIV Infection,Sustiva,6.333333333333333,-0.045076425631981186,1.0,3.0,2.943180482069371
HIV Infection,Tivicay,7.6,0.12794969536636203,5.0,5.0,4.795899390732724
HIV Infection,Triumeq,8.37037037037037,0.11969596436815128,12.574074074074074,54.0,11.502354891699266
HIV Infection,Trizivir,9.0,-0.05555555555555555,1.0,1.0,3.788888888888889
HIV Infection,Truvada,8.857142857142858,0.23941269841269844,11.571428571428571,10.0,7.335968253968254
HIV Infection,Viramune,4.5,0.39999999999999997,1.5,2.0,3.1000000000000005
Hairy Cell Leukemia,Cladribine,10.0,-0.0014880952380952408,15.0,1.0,7.097023809523809
Hairy Cell Leukemia,Leustatin,10.0,-0.0014880952380952408,15.0,1.0,7.097023809523809
Hashimoto's disease,Armour Thyroid,7.9375,0.07573270020961782,96.5,112.0,33.82646540041924
Hashimoto's disease,Levo-T,8.0,0.13125,1.0,1.0,3.7625000000000006
Hashimoto's disease,Levothroid,10.0,0.11366666666666667,29.0,5.0,10.527333333333335
Hashimoto's disease,Levothyroxine,6.866666666666666,0.06625267227721249,35.55555555555556,290.0,38.9902831223322
Hashimoto's disease,Levoxyl,7.75,0.05618010461760462,30.0,21.0,11.312360209235209
Hashimoto's disease,NP Thyroid,5.0,0.18666666666666668,8.0,6.0,4.573333333333334
Hashimoto's disease,Nature-Throid,7.0,0.031194247671520407,74.45454545454545,30.0,20.75329758625213
Hashimoto's disease,Synthroid,6.647058823529412,0.04895145062687079,42.64705882352941,94.0,20.68613819537139
Hashimoto's disease,Thyroid desiccated,7.666666666666667,0.07619511316004823,66.28888888888889,159.0,32.376834670764545
Hashimoto's disease,Tirosint,8.928571428571429,0.0877062749867099,60.857142857142854,38.0,19.718269692830564
Hashimoto's disease,Unithroid,10.0,0.0,3.0,3.0,4.8999999999999995
Hashimoto's disease,WP Thyroid,10.0,0.3681818181818182,23.0,3.0,9.636363636363637
Head Injury,Amantadine,7.0,-0.18229166666666666,8.0,20.0,6.035416666666666
Head Injury,Risperdal,10.0,0.08107744107744107,24.0,116.0,20.562154882154886
Head Injury,Risperidone,6.0,0.12553872053872053,17.5,240.0,30.15107744107744
Head Lice,Benzyl alcohol,8.0,0.7,0.0,1.0,4.699999999999999
Head Lice,Ivermectin,6.36,0.06027674805762453,11.16,88.0,13.69655349611525
Head Lice,Malathion,10.0,-0.004894430415263742,44.0,3.0,13.090211139169474
Head Lice,Natroba,7.0,-0.09603174603174602,23.333333333333332,3.0,7.574603174603175
Head Lice,Ovide,10.0,-0.03303609006734006,33.5,2.0,10.83392781986532
Head Lice,Permethrin,4.0,-0.05,2.0,8.0,2.7
Head Lice,Piperonyl butoxide / pyrethrins,5.0,0.0,0.0,1.0,2.1
Head Lice,RID,5.0,0.0,0.0,1.0,2.1
Head Lice,Sklice,7.166666666666667,0.09646466424454858,10.208333333333334,24.0,7.501262661822432
Head Lice,Spinosad,10.0,0.038998917748917755,22.0,4.0,8.877997835497835
Head Lice,Ulesfia,8.0,0.7,0.0,1.0,4.699999999999999
Head and Neck Cance,Cetuximab,4.0,0.23015873015873017,22.0,7.0,7.160317460317461
Head and Neck Cance,Erbitux,4.0,0.23015873015873017,22.0,8.0,7.26031746031746
Head and Neck Cance,Keytruda,5.5,-0.025811688311688306,6.0,6.0,3.9483766233766238
Head and Neck Cance,Pembrolizumab,10.0,-0.0698051948051948,4.0,10.0,5.66038961038961
Headache,Acetaminophen / butalbital,8.9,0.05789505633255634,10.4,10.0,6.755790112665114
Headache,Acetaminophen / butalbital / caffeine,8.890625,0.12382955650389586,23.7421875,129.0,21.45234661300779
Headache,Acetaminophen / butalbital / caffeine / codeine,9.117647058823529,0.08427182838947546,10.058823529411764,17.0,7.527367186190715
Headache,Acetaminophen / caffeine,9.5,0.028645833333333336,6.0,4.0,5.457291666666667
Headache,Acetaminophen / caffeine / isometheptene mucate,8.857142857142858,0.14206632653061224,5.428571428571429,7.0,5.612704081632654
Headache,Acetaminophen / dichloralphenazone / isometheptene mucate,8.804347826086957,0.12413329417735473,8.217391304347826,46.0,10.013483979659059
Headache,Acetaminophen / diphenhydramine,5.166666666666667,0.09799107142857144,9.0,23.0,6.36264880952381
Headache,Acetaminophen / phenylephrine,10.0,-0.125,10.0,2.0,5.95
Headache,Acetaminophen / phenyltoloxamine,9.666666666666666,0.18182870370370371,11.333333333333334,11.0,7.5969907407407415
Headache,Advil,10.0,0.14833333333333334,8.666666666666666,14.0,7.430000000000001
Headache,Advil Liqui-Gels,1.0,-0.25,7.0,8.0,2.1000000000000005
Headache,Advil Migraine,9.0,0.125,6.0,1.0,5.15
Headache,Aleve,8.0,-0.1986746031746032,30.0,66.0,15.402650793650796
Headache,Anaprox-DS,10.0,0.45,7.0,5.0,6.800000000000001
Headache,Ascomp with Codeine,10.0,-0.1571338383838384,13.333333333333334,3.0,6.65239898989899
Headache,Aspirin / butalbital / caffeine,9.307692307692308,0.11050819088319089,15.076923076923077,63.0,13.259477920227921
Headache,Aspirin / butalbital / caffeine / codeine,9.55,0.21616802494643403,20.15,20.0,10.28233604989287
Headache,Aspirin / caffeine / salicylamide,9.666666666666666,0.5966666666666667,3.0,5.0,6.16
Headache,BC Fast Pain Relief,10.0,1.0,5.0,1.0,7.1
Headache,Bupap,8.5,0.19669471153846152,25.25,4.0,9.243389423076925
Headache,Butalbital Compound,8.5,0.18333333333333332,16.5,11.0,8.166666666666668
Headache,Dolgic Plus,8.428571428571429,0.038542328042328045,4.857142857142857,7.0,5.1199417989418
Headache,Dong quai,1.0,0.25,13.0,1.0,3.6
Headache,Epidrin,7.333333333333333,0.11708333333333337,3.0,3.0,4.067500000000001
Headache,Esgic,9.666666666666666,0.02317680776014111,9.833333333333334,6.0,6.479686948853615
Headache,Esgic-Plus,9.1,0.0541867368742369,11.6,10.0,7.068373473748474
Headache,Excedrin PM,7.0,0.019940476190476192,1.6666666666666667,4.0,3.573214285714286
Headache,Excedrin Sinus Headache,10.0,-0.125,10.0,1.0,5.85
Headache,Excedrin Tension Headache,9.0,-0.09999999999999999,7.0,1.0,4.8999999999999995
Headache,Fioricet,8.696629213483146,0.10560851644111105,32.37078651685393,90.0,19.16402602164627
Headache,Fioricet with Codeine,9.4,0.15956253815628818,19.4,11.0,9.059125076312577
Headache,Fiorinal,9.5,0.07676944444444445,13.5,49.0,11.55353888888889
Headache,Fiorinal with Codeine,9.25,0.13086671640648914,24.125,9.0,9.686733432812979
Headache,Ibuprofen,8.307692307692308,0.18009081196581198,7.076923076923077,85.0,13.598643162393163
Headache,Motrin,10.0,0.3719791666666667,7.5,8.0,7.043958333333333
Headache,Naprelan,10.0,0.11481481481481481,44.0,9.0,13.92962962962963
Headache,Naproxen,8.428571428571429,0.06420530417554227,26.095238095238095,308.0,39.518886798827275
Headache,Phrenilin,10.0,-0.09722222222222222,2.0,1.0,4.305555555555555
Headache,Prodrin,8.5,0.2574702380952381,7.5,4.0,5.814940476190477
Headache,Riboflavin,2.0,0.0,0.0,4.0,1.2000000000000002
Headache,Trazodone,3.25,-0.31906249999999997,51.0,584.0,69.261875
Headache,Tylenol PM,4.5,0.2640625,13.5,12.0,6.228125
Heart Attack,Aspirin,9.0,0.4,20.0,20.0,10.4
Heart Attack,Clopidogrel,7.875,0.044209231652730545,89.29166666666667,38.0,24.896751796638796
Heart Attack,Lisinopril,4.5,0.003500000000000003,70.5,292.0,45.107000000000006
Heart Attack,Metoprolol,6.285714285714286,-0.09016336837765408,39.0,215.0,31.633958977530405
Heart Attack,Metoprolol Tartrate,8.0,0.02912698412698412,104.0,6.0,24.65825396825397
Heart Attack,Nitro-Bid,10.0,0.1318333333333333,8.0,3.0,6.163666666666667
Heart Attack,Nitroglycerin,9.0,-0.07692307692307693,30.0,18.0,11.246153846153847
Heart Attack,Nitrolingual Pumpspray,9.0,-0.07692307692307693,30.0,1.0,9.546153846153846
Heart Attack,Plavix,9.0,0.10757190245890023,111.0,26.0,28.615143804917803
Heart Attack,Propranolol,10.0,0.015000000000000013,11.0,467.0,52.93000000000001
Heart Attack,Ramipril,9.0,0.005249999999999998,26.0,42.0,13.0105
Heart Attack,Streptokinase,10.0,0.9,2.0,1.0,6.3
Heart Attack,Warfarin,5.0,0.01621387871387871,7.666666666666667,27.0,6.2657610907610914
Heart Failure,Accupril,5.0,-0.5875,31.0,1.0,7.125
Heart Failure,Aldactone,1.0,-0.05,99.0,12.0,21.3
Heart Failure,Altace,9.0,0.2,60.0,6.0,16.6
Heart Failure,Amlodipine,7.5,-0.03833333333333333,25.5,179.0,25.923333333333336
Heart Failure,BiDil,9.0,-0.33166666666666667,3.0,1.0,3.6366666666666667
Heart Failure,Bisoprolol,9.0,0.43333333333333335,20.0,12.0,9.666666666666668
Heart Failure,Carvedilol,9.333333333333334,0.070571193276821,37.476190476190474,67.0,18.06971381512507
Heart Failure,Coreg,9.714285714285714,0.025835531411830127,43.214285714285715,28.0,15.38024249139509
Heart Failure,Coreg CR,10.0,-0.005555555555555536,28.0,5.0,10.088888888888889
Heart Failure,Digoxin,6.5,0.02777777777777779,17.5,6.0,6.755555555555556
Heart Failure,Entresto,4.888888888888889,0.04111449432466589,33.55555555555556,9.0,9.648895655316
Heart Failure,Furosemide,9.5,0.5033333333333333,30.0,42.0,15.006666666666668
Heart Failure,Hydralazine / isosorbide dinitrate,9.0,-0.33166666666666667,3.0,1.0,3.6366666666666667
Heart Failure,Imdur,9.0,0.0,55.0,6.0,15.2
Heart Failure,Isosorbide mononitrate,6.333333333333333,-0.1972222222222222,30.333333333333332,21.0,10.305555555555555
Heart Failure,Ivabradine,10.0,0.11481481481481481,6.0,1.0,5.529629629629629
Heart Failure,Lasix,9.0,0.8,33.0,22.0,14.0
Heart Failure,Lisinopril,9.5,0.22013888888888888,10.5,292.0,35.54027777777778
Heart Failure,Mavik,2.0,0.05925925925925925,10.0,1.0,3.0185185185185186
Heart Failure,Nitroglycerin,10.0,0.16,24.0,18.0,10.920000000000002
Heart Failure,Nitrostat,10.0,0.16,24.0,4.0,9.520000000000001
Heart Failure,Norvasc,8.0,-0.030000000000000006,20.0,44.0,11.540000000000001
Heart Failure,Ramipril,6.0,0.09166666666666666,42.5,42.0,15.283333333333335
Heart Failure,Sacubitril / valsartan,4.75,0.05813139543485744,34.833333333333336,12.0,10.182929457536382
Heart Failure,Spironolactone,6.333333333333333,-0.2333333333333333,50.666666666666664,239.0,36.1
Heart Failure,Trandolapril,2.0,0.05925925925925925,10.0,1.0,3.0185185185185186
Heart Failure,Warfarin,10.0,0.25,7.0,27.0,8.600000000000001
Helicobacter Pylori Infection,Aciphex,9.5,0.03229166666666667,12.75,33.0,9.714583333333334
Helicobacter Pylori Infection,Amoxicillin,10.0,0.5266666666666666,23.0,115.0,21.153333333333332
Helicobacter Pylori Infection,Amoxicillin / clarithromycin / lansoprazole,7.354166666666667,0.012771288270994637,16.229166666666668,48.0,11.013042576541991
Helicobacter Pylori Infection,Amoxil,10.0,0.35333333333333333,45.0,16.0,15.306666666666667
Helicobacter Pylori Infection,Bismuth subcitrate potassium / metronidazole / tetracycline,5.8059701492537314,7.37428702643676e-05,17.19402985074627,67.0,12.461341515591275
Helicobacter Pylori Infection,Clarithromycin,6.0,-0.06799658366325033,10.533333333333333,291.0,33.470673499340165
Helicobacter Pylori Infection,Esomeprazole,10.0,0.09722222222222222,27.0,94.0,18.994444444444447
Helicobacter Pylori Infection,Flagyl,6.0,-0.1606547619047619,18.0,141.0,19.778690476190476
Helicobacter Pylori Infection,Lansoprazole,8.0,0.11354166666666667,7.0,55.0,10.327083333333334
Helicobacter Pylori Infection,Metronidazole,6.181818181818182,0.0011393972189426736,10.0,922.0,96.67500606716516
Helicobacter Pylori Infection,Nexium,9.0,-0.04652777777777778,32.5,80.0,18.006944444444443
Helicobacter Pylori Infection,Omeprazole,6.0,0.15666666666666668,20.0,90.0,15.713333333333335
Helicobacter Pylori Infection,Pantoprazole,3.0,0.3235416666666666,7.5,94.0,12.747083333333334
Helicobacter Pylori Infection,Prevpac,8.088235294117647,0.049514025063663036,21.029411764705884,34.0,10.940204520715561
Helicobacter Pylori Infection,Prilosec,8.0,-0.02499999999999996,20.0,23.0,9.450000000000001
Helicobacter Pylori Infection,Pylera,5.983870967741935,-5.043669678353558e-05,18.596774193548388,62.0,12.312802352412884
Helicobacter Pylori Infection,Rabeprazole,9.5,0.03229166666666667,12.75,38.0,10.214583333333334
Hemangioma,Propranolol,10.0,0.014814814814814817,9.0,467.0,52.52962962962963
Hemophilia A,Advate,9.0,0.20208333333333334,1.0,1.0,4.304166666666666
Hemophilia A,Antihemophilic factor,8.0,0.0,0.0,1.0,3.3000000000000003
Hemophilia A,Nuwiq,8.0,0.0,0.0,1.0,3.3000000000000003
Hemophilia B,Alphanine SD,9.0,0.5666666666666667,0.0,1.0,4.833333333333333
Hemorrhoids,Analpram-HC,8.0,0.24531250000000002,22.88888888888889,9.0,9.168402777777779
Hemorrhoids,Anusol-HC Suppositories,1.0,0.3,0.0,1.0,1.1
Hemorrhoids,Dibucaine,9.666666666666666,0.1839285714285714,15.333333333333334,6.0,7.901190476190475
Hemorrhoids,Hydrocortisone,7.333333333333333,0.2316203703703704,19.666666666666668,34.0,10.729907407407408
Hemorrhoids,Hydrocortisone / lidocaine,9.0,0.026249999999999996,4.0,2.0,4.6525
Hemorrhoids,Hydrocortisone / pramoxine,8.0,0.17458655753968255,18.666666666666668,14.0,8.682506448412699
Hemorrhoids,LMX 5,9.0,0.05454545454545454,22.0,1.0,8.209090909090909
Hemorrhoids,Lidocaine,7.0,0.023413825757575762,8.833333333333334,95.0,14.113494318181818
Hemorrhoids,Nupercainal,9.666666666666666,0.1839285714285714,15.333333333333334,5.0,7.801190476190476
Hemorrhoids,Phenylephrine / pramoxine,6.0,0.17499999999999996,8.666666666666666,3.0,4.783333333333334
Hemorrhoids,Pramosone,8.0,0.1,5.0,2.0,4.6000000000000005
Hemorrhoids,Pramoxine,9.571428571428571,0.09769918817504045,9.5,17.0,7.6239698049215106
Hemorrhoids,Proctofoam,9.75,0.17021474724244612,13.6875,17.0,8.677929494484893
Hemorrhoids,Proctofoam HC,9.666666666666666,0.08782967032967032,22.333333333333332,3.0,8.808992673992675
Hemorrhoids,Proctosol-HC,9.333333333333334,0.325,34.666666666666664,3.0,11.616666666666667
Hemorrhoids,RectiCare,5.75,-0.028515624999999996,6.25,4.0,3.89296875
Hemorrhoids,Tronolane Anesthetic for Hemorrhoids,10.0,0.45,4.0,1.0,5.8
Hepatic Encephalopathy,Enulose,9.0,0.1,55.0,2.0,15.0
Hepatic Encephalopathy,Generlac,10.0,0.03333333333333333,67.0,1.0,17.56666666666667
Hepatic Encephalopathy,Rifaximin,6.4,-0.049009397546897544,13.6,43.0,9.481981204906205
Hepatic Encephalopathy,Xifaxan,10.0,0.03571428571428571,17.0,30.0,10.471428571428572
Hepatic Tum,Nexavar,1.0,0.2,1.0,5.0,1.5
Hepatic Tum,Sorafenib,1.0,0.2,1.0,7.0,1.7000000000000002
Hepatitis B,Epivir-HBV,10.0,0.11666666666666665,6.0,1.0,5.533333333333333
Hepatitis B,Lamivudine,10.0,0.11666666666666665,6.0,3.0,5.733333333333333
Hepatitis B,Tenofovir,8.0,0.07513988095238096,36.8,5.0,11.210279761904761
Hepatitis B,Viread,7.5,0.026148313492063497,22.333333333333332,6.0,8.118963293650793
Hepatitis B Prevention,Hepatitis b adult vaccine,1.0,-0.39,0.0,1.0,-0.28
Hepatitis C,Boceprevir,10.0,0.175,11.5,2.0,6.8500000000000005
Hepatitis C,Copegus,8.0,0.04125874125874126,24.0,1.0,8.182517482517483
Hepatitis C,Daclatasvir,10.0,-0.021800595238095234,6.25,4.0,5.60639880952381
Hepatitis C,Daklinza,9.6,-0.023556547619047612,3.8,5.0,5.0528869047619045
Hepatitis C,Dasabuvir / ombitasvir / paritaprevir / ritonavir,7.285714285714286,0.08894440215868789,18.571428571428573,7.0,7.506460232888805
Hepatitis C,Elbasvir / grazoprevir,8.7,0.13475332884707886,14.8,20.0,8.709506657694158
Hepatitis C,Epclusa,8.159090909090908,0.07465730865014643,16.204545454545453,44.0,11.053860071845747
Hepatitis C,Glecaprevir / pibrentasvir,10.0,0.0,20.0,1.0,8.1
Hepatitis C,Harvoni,8.666666666666666,0.10878590037290059,32.18181818181818,198.0,29.920602103776105
Hepatitis C,Incivek,7.25,0.10771239177489177,15.0,4.0,6.5154247835497845
Hepatitis C,Interferon alfa-2b,1.0,-0.15714285714285717,3.0,2.0,0.8857142857142857
Hepatitis C,Intron A,1.0,-0.15714285714285717,3.0,1.0,0.7857142857142857
Hepatitis C,Ledipasvir / sofosbuvir,8.866666666666667,0.09414902777068876,30.47179487179487,195.0,29.32932369656702
Hepatitis C,Mavyret,10.0,0.0,20.0,1.0,8.1
Hepatitis C,Olysio,9.5,0.015624999999999993,9.5,2.0,5.93125
Hepatitis C,Pegasys,6.625,0.11293831168831168,13.375,8.0,6.350876623376624
Hepatitis C,Peginterferon alfa-2a,7.1,0.06207864357864359,9.9,10.0,5.944157287157287
Hepatitis C,Rebetol,5.5,-0.011666666666666659,9.5,2.0,4.276666666666667
Hepatitis C,Ribavirin,6.6,0.13488137788137788,12.6,5.0,5.929762755762756
Hepatitis C,Simeprevir,9.666666666666666,0.34375,9.333333333333334,3.0,6.720833333333334
Hepatitis C,Sofosbuvir,7.222222222222222,0.03897303420010651,11.777777777777779,27.0,8.022390512844659
Hepatitis C,Sofosbuvir / velpatasvir,7.9375,0.07144842191674705,15.645833333333334,48.0,11.247063510500162
Hepatitis C,Sovaldi,7.483870967741935,0.011609545202479154,16.225806451612904,31.0,9.361928767824313
Hepatitis C,Telaprevir,8.25,0.1477222673160173,12.625,8.0,6.920444534632035
Hepatitis C,Victrelis,10.0,0.175,11.5,2.0,6.8500000000000005
Hepatitis C,Viekira Pak,6.5,-0.01592364811114811,17.375,8.0,6.843152703777704
Hepatitis C,Zepatier,8.88888888888889,0.14550978085700306,18.444444444444443,18.0,9.335464006158452
Hepatocellular Carcinoma,Nexavar,8.0,0.17268518518518516,34.666666666666664,5.0,10.978703703703705
Hepatocellular Carcinoma,Sorafenib,6.666666666666667,0.07546296296296297,42.666666666666664,7.0,12.050925925925926
Herbal Supplementation,Bee pollen,10.0,0.5375,0.0,1.0,5.175
Herbal Supplementation,Chaparral,10.0,0.05034722222222221,3.0,2.0,4.9006944444444445
Herbal Supplementation,Creatine,7.0,-0.3186666666666666,8.0,2.0,3.9626666666666672
Herbal Supplementation,Ginkgo,6.0,0.11059757236227824,0.0,1.0,2.721195144724557
Herbal Supplementation,Ginseng,1.0,0.2458333333333333,7.0,1.0,2.391666666666667
Herbal Supplementation,Guarana,1.0,-0.09679487179487178,4.0,2.0,1.2064102564102563
Herbal Supplementation,Kava,9.0,0.13333333333333336,20.0,2.0,8.066666666666666
Herbal Supplementation,Lecithin,9.5,0.07284696057910345,43.0,6.0,13.145693921158207
Herbal Supplementation,Lysine,10.0,0.3178571428571429,5.0,38.0,9.435714285714287
Herbal Supplementation,Milk thistle,7.0,0.10066964285714283,10.0,2.0,5.201339285714286
Herbal Supplementation,Pennyroyal,7.0,-0.050520833333333334,6.0,1.0,3.998958333333334
Herbal Supplementation,Royal jelly,10.0,0.24749999999999997,20.0,1.0,8.595
Herbal Supplementation,S-adenosylmethionine,6.333333333333333,0.024676943426943435,27.333333333333332,12.0,9.249353886853886
Herbal Supplementation,Scullcap,9.0,0.4,0.0,1.0,4.5
Herbal Supplementation,Slippery elm,10.0,0.4055555555555556,53.0,1.0,15.511111111111111
Herbal Supplementation,Turmeric,9.5,0.07178993055555555,90.5,5.0,22.543579861111112
Hereditary Angioedema,C1 esterase inhibitor (human),8.6,0.25080769230769234,4.4,5.0,5.321615384615384
Hereditary Angioedema,Cinryze,10.0,0.3,5.0,1.0,5.699999999999999
Hereditary Angioedema,Conestat alfa,10.0,0.35625,32.5,2.0,11.4125
Hereditary Angioedema,Ecallantide,10.0,0.0,1.0,1.0,4.3
Hereditary Angioedema,Firazyr,5.0,0.1513392857142857,2.6666666666666665,3.0,3.1360119047619044
Hereditary Angioedema,Icatibant,5.0,0.0554625496031746,1.0,3.0,2.6109250992063497
Hereditary Angioedema,Ruconest,10.0,0.35625,32.5,2.0,11.4125
Herpes Simplex,Abreva,5.727848101265823,-0.04764369125311452,11.708860759493671,158.0,20.337624009898835
Herpes Simplex,Acyclovir,8.25531914893617,0.02459549906358417,29.574468085106382,97.0,18.966212274722913
Herpes Simplex,Allantoin / camphor / phenol,9.0,-0.022976190476190473,10.5,2.0,5.854047619047619
Herpes Simplex,Blistex,10.0,-0.06011904761904763,12.0,1.0,6.379761904761905
Herpes Simplex,Docosanol,6.031446540880503,-0.04078660234689203,9.421383647798741,159.0,20.115282141218167
Herpes Simplex,Lysine,8.4,0.0316867044992045,17.8,38.0,10.78337340899841
Herpes Simplex,Zovirax,7.4,0.06916486291486292,24.8,9.0,8.958329725829728
Herpes Simplex,Zovirax Cream,10.0,-0.08113553113553114,9.666666666666666,14.0,7.171062271062271
Herpes Simplex,Zovirax Ointment,8.0,0.12886904761904766,19.5,6.0,7.957738095238096
Herpes Simplex Dendritic Keratitis,Ganciclovir,7.0,0.15670315795315795,4.333333333333333,3.0,4.280072982572983
Herpes Simplex Dendritic Keratitis,Zirgan,5.5,0.13192973692973692,4.5,2.0,3.563859473859474
"Herpes Simplex, Mucocutaneous/Immunocompetent Host",Acyclovir,5.0,0.07738095238095238,0.0,97.0,11.854761904761906
"Herpes Simplex, Mucocutaneous/Immunocompetent Host",Famciclovir,9.333333333333334,0.27978174603174605,13.333333333333334,25.0,9.459563492063493
"Herpes Simplex, Mucocutaneous/Immunocompetent Host",Famvir,10.0,0.19791666666666669,27.0,8.0,10.595833333333335
"Herpes Simplex, Mucocutaneous/Immunocompetent Host",Valacyclovir,9.75,-0.35857142857142854,17.5,238.0,30.482857142857142
"Herpes Simplex, Mucocutaneous/Immunocompetent Host",Valtrex,9.0,-0.3125,23.0,155.0,23.075000000000003
"Herpes Simplex, Mucocutaneous/Immunocompromised Host",Acyclovir,8.0,0.08358585858585858,11.0,97.0,15.267171717171719
"Herpes Simplex, Mucocutaneous/Immunocompromised Host",Valacyclovir,10.0,-0.0001666666666666622,30.5,238.0,33.89966666666667
"Herpes Simplex, Mucocutaneous/Immunocompromised Host",Valtrex,10.0,0.0638888888888889,34.333333333333336,155.0,26.494444444444447
"Herpes Simplex, Suppression",Acyclovir,9.307692307692308,0.12645811552379985,35.46153846153846,97.0,20.76830084643222
"Herpes Simplex, Suppression",Famciclovir,10.0,0.2222222222222222,34.0,25.0,13.744444444444445
"Herpes Simplex, Suppression",Famvir,10.0,0.2222222222222222,34.0,8.0,12.044444444444446
"Herpes Simplex, Suppression",Lysine,9.346153846153847,0.023926846159850548,48.88461538461539,38.0,17.363238307704318
"Herpes Simplex, Suppression",Valacyclovir,8.53623188405797,0.016452421640158383,33.594202898550726,238.0,33.96623817661365
"Herpes Simplex, Suppression",Valtrex,8.576923076923077,0.04893585122244167,51.19230769230769,155.0,29.267102471675653
"Herpes Simplex, Suppression",Zovirax,10.0,-0.00018939393939393367,41.0,9.0,13.099621212121214
Herpes Zoste,Acyclovir,8.5,0.14442307692307693,18.833333333333332,97.0,17.155512820512822
Herpes Zoste,Famciclovir,8.0,-0.16763714063714058,19.2,25.0,9.204725718725719
Herpes Zoste,Valacyclovir,8.142857142857142,0.07548146298146298,13.0,238.0,29.808105783105784
Herpes Zoste,Valtrex,8.0,0.25472222222222224,48.8,155.0,28.969444444444445
Herpes Zoste,Zovirax,9.0,-0.1283379120879121,21.5,9.0,8.543324175824177
"Herpes Zoster, Prophylaxis",Zostavax,5.5,0.15208333333333335,42.5,2.0,11.204166666666666
"Herpes Zoster, Prophylaxis",Zoster vaccine live,3.25,-0.05520833333333333,22.25,4.0,6.039583333333334
Hiccups,Baclofen,10.0,-0.1,24.0,159.0,24.5
Hiccups,Chlorpromazine,8.928571428571429,-0.04935972063650634,17.071428571428573,33.0,10.186994844441275
Hiccups,Compazine,5.0,0.14285714285714285,6.0,44.0,7.885714285714286
Hiccups,Lioresal,9.0,0.0,68.0,14.0,18.6
Hiccups,Prochlorperazine,5.0,0.14285714285714285,6.0,59.0,9.385714285714286
Hiccups,Thorazine,8.272727272727273,-0.018699217449217452,21.818181818181817,25.0,10.135328837828837
Hidradenitis Suppurativa,Adalimumab,1.0,0.075,24.0,295.0,34.85
Hidradenitis Suppurativa,Humira,5.0,0.2375,17.0,295.0,35.375
High Blood Pressure,Acebutolol,9.5,0.2525,13.0,2.0,7.105000000000001
High Blood Pressure,Aldactazide,10.0,0.0,27.0,1.0,9.5
High Blood Pressure,Aldactone,4.333333333333333,0.1458964183964184,129.33333333333334,12.0,29.09179283679284
High Blood Pressure,Aldomet,3.0,0.1781501831501832,24.0,1.0,6.456300366300367
High Blood Pressure,Aliskiren,7.555555555555555,0.04099522198480531,22.0,18.0,9.304212666191834
High Blood Pressure,Aliskiren / hydrochlorothiazide,8.0,0.10153292181069958,12.0,3.0,6.103065843621399
High Blood Pressure,Altace,5.5,0.308510101010101,112.25,6.0,25.867020202020207
High Blood Pressure,Amiloride,1.0,-0.03111111111111111,9.0,2.0,2.337777777777778
High Blood Pressure,Amlodipine,4.875816993464053,0.036847732499663215,65.7516339869281,179.0,33.07434905977057
High Blood Pressure,Amlodipine / atorvastatin,9.0,0.8,23.0,1.0,9.9
High Blood Pressure,Amlodipine / benazepril,6.04,-0.043057017797017795,28.24,26.0,10.577885964405965
High Blood Pressure,Amlodipine / hydrochlorothiazide / olmesartan,7.7272727272727275,0.08603066378066379,11.181818181818182,11.0,6.599334054834054
High Blood Pressure,Amlodipine / olmesartan,8.735294117647058,0.1487941586946417,27.647058823529413,34.0,12.72111772915399
High Blood Pressure,Amlodipine / telmisartan,8.5,0.4338068181818182,10.0,4.0,6.667613636363637
High Blood Pressure,Atacand,5.0,0.046875,25.0,4.0,7.49375
High Blood Pressure,Atenolol,6.693548387096774,0.09054767517242315,36.5,114.0,21.558514705183555
High Blood Pressure,Atenolol / chlorthalidone,7.5,0.24781746031746035,6.0,2.0,4.8956349206349214
High Blood Pressure,Avalide,9.666666666666666,0.2258823953823954,14.333333333333334,3.0,7.4850981240981245
High Blood Pressure,Avapro,4.956521739130435,0.07409036883674565,69.91304347826087,23.0,18.413398128977843
High Blood Pressure,Azilsartan medoxomil,5.75,0.08832045861273802,14.166666666666666,12.0,6.50997425055881
High Blood Pressure,Azilsartan medoxomil / chlorthalidone,6.75,0.022417753928170595,17.5,8.0,7.044835507856342
High Blood Pressure,Azor,8.85,0.16139803058687863,25.3,40.0,12.922796061173758
High Blood Pressure,Benazepril,6.555555555555555,-0.06430948372615036,15.555555555555555,10.0,6.604714365881033
High Blood Pressure,Bendroflumethiazide / nadolol,10.0,0.2,10.0,1.0,6.5
High Blood Pressure,Benicar,7.363636363636363,0.10579958231748866,43.25454545454546,59.0,17.707962800998615
High Blood Pressure,Benicar HCT,6.764705882352941,0.03377313894995968,17.41176470588235,18.0,8.055781572017567
High Blood Pressure,Bisoprolol,9.4,0.05390873015873017,49.6,12.0,14.987817460317462
High Blood Pressure,Bisoprolol / hydrochlorothiazide,5.4375,0.13865429354420833,9.25,16.0,5.902308587088417
High Blood Pressure,Bystolic,6.616161616161616,0.08805377205218748,43.98989898989899,103.0,21.92055198854882
High Blood Pressure,Caduet,9.5,0.4,21.5,2.0,9.1
High Blood Pressure,Calan SR,4.0,-0.09375,3.0,7.0,2.7125000000000004
High Blood Pressure,Candesartan,4.642857142857143,0.14339285714285716,25.0,17.0,8.843928571428572
High Blood Pressure,Captopril,9.333333333333334,0.0356321548821549,9.0,3.0,5.9045976430976435
High Blood Pressure,Cardizem,7.0,0.475,71.5,7.0,18.75
High Blood Pressure,Cardizem LA,2.0,-0.024999999999999967,16.0,2.0,4.15
High Blood Pressure,Cartia XT,8.0,0.09844091710758378,40.333333333333336,11.0,12.563548500881835
High Blood Pressure,Carvedilol,3.8214285714285716,-0.002331661435824781,52.357142857142854,67.0,18.69533667712835
High Blood Pressure,Catapres-TTS,7.4,0.10781818181818181,62.8,8.0,16.535636363636364
High Blood Pressure,Chlorthalidone,4.4,0.008312742812742824,14.2,5.0,5.116625485625486
High Blood Pressure,Clonidine,6.636363636363637,0.036484675023816436,49.63636363636363,315.0,44.154787531865814
High Blood Pressure,Coreg,3.888888888888889,0.05598842592592593,78.88888888888889,28.0,20.245310185185186
High Blood Pressure,Coreg CR,6.666666666666667,0.22092592592592594,33.666666666666664,5.0,10.341851851851853
High Blood Pressure,Corgard,10.0,0.11481481481481481,19.0,4.0,8.42962962962963
High Blood Pressure,Corzide 80 / 5,10.0,0.2,10.0,1.0,6.5
High Blood Pressure,Cozaar,6.2727272727272725,0.012896588540527942,107.93939393939394,37.0,27.822762874050753
High Blood Pressure,Diltiazem,6.7894736842105265,0.08835736798706724,40.473684210526315,59.0,16.88724105176361
High Blood Pressure,Diovan,6.511627906976744,0.037439022218091984,64.65116279069767,45.0,20.109761765366414
High Blood Pressure,Diovan HCT,6.545454545454546,0.16135362144168963,30.818181818181817,11.0,10.204525424701561
High Blood Pressure,Doxazosin,7.333333333333333,0.11220087448559671,41.55555555555556,24.0,13.868846193415639
High Blood Pressure,Dyazide,4.5,0.21681547619047623,42.5,5.0,11.233630952380953
High Blood Pressure,Edarbi,6.181818181818182,0.08227383727383727,14.909090909090908,11.0,6.719093129093128
High Blood Pressure,Edarbyclor,7.125,-0.03900585718294051,12.375,8.0,6.046988285634119
High Blood Pressure,Enalapril,6.5,0.23427083333333334,24.25,9.0,8.818541666666668
High Blood Pressure,Eplerenone,8.0,0.022826797385620923,18.5,2.0,7.145653594771242
High Blood Pressure,Exforge,6.148148148148148,-0.011216681491152394,28.333333333333332,27.0,10.803492562943621
High Blood Pressure,Exforge HCT,10.0,0.125,1.0,1.0,4.55
High Blood Pressure,Felodipine,8.0,0.1433912037037037,19.75,5.0,7.936782407407408
High Blood Pressure,Fosinopril,10.0,0.4169444444444445,10.0,1.0,6.933888888888888
High Blood Pressure,Furosemide,6.285714285714286,0.07515873015873013,23.0,42.0,11.464603174603177
High Blood Pressure,Guanfacine,6.75,-0.014918981481481481,13.75,127.0,18.12016203703704
High Blood Pressure,Hydralazine,3.3636363636363638,0.01694873076641125,40.72727272727273,12.0,10.724806552441915
High Blood Pressure,Hydralazine / hydrochlorothiazide / reserpine,3.0,-0.44999999999999996,0.0,1.0,0.40000000000000024
High Blood Pressure,Hydrochlorothiazide,5.484848484848484,0.04971025810609144,49.196969696969695,73.0,19.432753849545517
High Blood Pressure,Hydrochlorothiazide / irbesartan,9.4,0.2810294372294372,8.6,5.0,6.542058874458874
High Blood Pressure,Hydrochlorothiazide / lisinopril,6.967741935483871,0.13140592784898747,45.38709677419355,31.0,15.227327984730232
High Blood Pressure,Hydrochlorothiazide / losartan,8.0,0.04086778900112233,35.72,26.0,13.025735578002244
High Blood Pressure,Hydrochlorothiazide / moexipril,8.0,0.3111111111111111,0.0,1.0,3.9222222222222225
High Blood Pressure,Hydrochlorothiazide / olmesartan,7.388888888888889,0.041931636056966745,15.777777777777779,19.0,8.094974383225045
High Blood Pressure,Hydrochlorothiazide / spironolactone,10.0,0.0,27.0,2.0,9.6
High Blood Pressure,Hydrochlorothiazide / telmisartan,8.0,0.3168923611111111,13.1,11.0,7.553784722222222
High Blood Pressure,Hydrochlorothiazide / triamterene,5.6521739130434785,0.0800431233923082,35.52173913043478,33.0,12.825303638088965
High Blood Pressure,Hydrochlorothiazide / valsartan,6.714285714285714,0.20478977272727272,33.214285714285715,14.0,11.138150974025974
High Blood Pressure,Hytrin,5.0,-0.022727272727272707,48.0,11.0,12.654545454545456
High Blood Pressure,Hyzaar,7.071428571428571,0.09949211502782931,45.357142857142854,14.0,13.49898423005566
High Blood Pressure,Indapamide,10.0,0.0,4.0,2.0,5.0
High Blood Pressure,Inderal,4.833333333333333,0.003276214526214516,41.5,44.0,14.639885762385763
High Blood Pressure,Inderal LA,8.0,0.1992857142857143,65.0,6.0,17.19857142857143
High Blood Pressure,Inspra,10.0,0.0,10.0,1.0,6.1
High Blood Pressure,Irbesartan,5.090909090909091,0.05160362607837355,52.54545454545455,35.0,16.148661797611293
High Blood Pressure,Labetalol,7.0,-0.19330687830687832,69.0,1.0,16.313386243386248
High Blood Pressure,Lasix,6.8,0.10913333333333333,28.2,22.0,10.778266666666667
High Blood Pressure,Lisinopril,5.15530303030303,0.028111255808880388,47.30681818181818,292.0,40.77970736010261
High Blood Pressure,Lopressor,6.75,0.13581821824009324,54.75,10.0,14.921636436480188
High Blood Pressure,Losartan,5.524096385542169,0.013618297651238478,68.46385542168674,169.0,32.82964623385669
High Blood Pressure,Lotensin,5.0,-0.23333333333333336,17.0,3.0,5.233333333333333
High Blood Pressure,Lotrel,6.285714285714286,0.02466141001855287,33.642857142857146,14.0,10.692179962894249
High Blood Pressure,Maxzide,8.5,0.13666666666666671,61.0,4.0,16.273333333333333
High Blood Pressure,Methyldopa,8.333333333333334,0.0036315536315536293,4.333333333333333,4.0,4.607263107263108
High Blood Pressure,Metoprolol,6.301075268817204,0.05317980556123373,45.82795698924731,215.0,33.29238111649882
High Blood Pressure,Metoprolol Tartrate,6.2,0.005436111111111104,41.4,6.0,11.370872222222221
High Blood Pressure,Micardis,6.764705882352941,0.09008803698246975,47.411764705882355,17.0,14.068411368082586
High Blood Pressure,Micardis HCT,7.111111111111111,0.3375308641975308,13.666666666666666,9.0,7.15283950617284
High Blood Pressure,Midamor,1.0,-0.03111111111111111,9.0,1.0,2.237777777777778
High Blood Pressure,Minipress,10.0,0.1111111111111111,37.0,7.0,12.322222222222223
High Blood Pressure,Minoxidil,9.0,0.24666666666666667,2.0,53.0,9.793333333333335
High Blood Pressure,Moexipril,8.0,0.05863095238095238,2.5,2.0,4.017261904761905
High Blood Pressure,Monopril,9.0,0.0,24.0,1.0,8.5
High Blood Pressure,Nebivolol,6.763636363636364,0.0947960316278943,43.63636363636363,117.0,23.32231933598306
High Blood Pressure,Nifedical XL,5.666666666666667,0.10161535994869329,15.0,4.0,5.869897386564054
High Blood Pressure,Nifedipine,5.9411764705882355,0.05397603485838781,27.529411764705884,45.0,12.490305010893247
High Blood Pressure,Nitro-Dur,1.0,-0.10714285714285714,0.0,1.0,0.28571428571428575
High Blood Pressure,Nitroglycerin,1.0,-0.10714285714285714,0.0,18.0,1.9857142857142858
High Blood Pressure,Normodyne,7.0,-0.19330687830687832,69.0,1.0,16.313386243386248
High Blood Pressure,Norvasc,4.657894736842105,0.019002246900273218,110.92105263157895,44.0,28.48537291485318
High Blood Pressure,Olmesartan,7.616438356164384,0.09153761243637748,37.9041095890411,75.0,18.31047248514673
High Blood Pressure,Perindopril,6.222222222222222,-0.12146210785099673,14.88888888888889,9.0,6.123742450964674
High Blood Pressure,Pindolol,3.0,0.55,0.0,1.0,2.4000000000000004
High Blood Pressure,Plendil,10.0,0.21875,28.0,2.0,10.2375
High Blood Pressure,Prazosin,4.333333333333333,-0.13008733164983163,15.166666666666666,69.0,11.406492003367003
High Blood Pressure,Prinivil,6.142857142857143,0.21031746031746032,66.57142857142857,8.0,16.992063492063494
High Blood Pressure,Prinzide,8.0,0.016944444444444443,65.0,1.0,16.33388888888889
High Blood Pressure,Procardia XL,5.666666666666667,-0.005631409331409339,69.33333333333333,3.0,16.422070514670516
High Blood Pressure,Propranolol,6.571428571428571,0.09430053417358104,29.642857142857142,467.0,55.44574392549002
High Blood Pressure,Quinapril,5.666666666666667,-0.13933302808302805,9.0,3.0,4.088000610500611
High Blood Pressure,Ramipril,6.4411764705882355,0.07559455677991217,41.705882352941174,42.0,15.268836172383356
High Blood Pressure,Reserpine,9.666666666666666,0.4253306878306879,9.0,3.0,6.817328042328042
High Blood Pressure,Sectral,9.5,0.2525,13.0,2.0,7.105000000000001
High Blood Pressure,Spironolactone,5.777777777777778,0.08524023102927472,49.166666666666664,239.0,36.214924906503
High Blood Pressure,Tarka,10.0,0.0,14.0,1.0,6.9
High Blood Pressure,Tekturna,7.3,0.03870342261904762,21.3,20.0,9.257406845238096
High Blood Pressure,Tekturna HCT,9.333333333333334,0.14236625514403292,23.666666666666668,3.0,9.051399176954734
High Blood Pressure,Telmisartan,6.333333333333333,0.0493359497802525,42.714285714285715,22.0,13.374862375750983
High Blood Pressure,Tenex,5.0,0.006249999999999978,22.0,3.0,6.7125
High Blood Pressure,Tenoretic 50,9.0,0.1576911976911977,10.0,1.0,6.015382395382395
High Blood Pressure,Tenormin,8.4,0.020269841269841264,72.2,13.0,19.140539682539686
High Blood Pressure,Terazosin,7.0,0.2525021645021645,36.4,24.0,12.98500432900433
High Blood Pressure,Toprol-XL,7.125,0.08980076862655201,65.29166666666667,38.0,19.88793487058644
High Blood Pressure,Torsemide,4.0,0.05636111111111112,1.0,3.0,2.2127222222222223
High Blood Pressure,Trandolapril / verapamil,9.25,0.3599702380952381,8.0,5.0,6.519940476190476
High Blood Pressure,Tribenzor,7.357142857142857,0.058756199488342355,12.785714285714286,14.0,7.017512398976685
High Blood Pressure,Twynsta,8.833333333333334,0.38862584175084175,12.333333333333334,6.0,7.377251683501685
High Blood Pressure,Uniretic,8.0,0.3111111111111111,0.0,1.0,3.9222222222222225
High Blood Pressure,Univasc,8.0,0.11726190476190476,3.0,1.0,4.1345238095238095
High Blood Pressure,Valsartan,5.835820895522388,0.03131162121460629,47.17910447761194,69.0,18.732772496160557
High Blood Pressure,Valturna,6.428571428571429,0.1046413110698825,3.2857142857142856,7.0,4.137854050711193
High Blood Pressure,Verapamil,6.25,-0.09117559523809525,20.5,82.0,14.61764880952381
High Blood Pressure,Verelan PM,9.0,0.42000000000000004,66.0,2.0,17.84
High Blood Pressure,Zestoretic,8.333333333333334,0.4374158249158249,46.666666666666664,3.0,13.841498316498319
High Blood Pressure,Zestril,6.0,-0.007185374149659862,68.71428571428571,7.0,16.82848639455782
High Blood Pressure,Ziac,5.7,0.09375401542901543,11.1,10.0,5.687508030858032
High Cholesterol,Alirocumab,6.153846153846154,0.05026087160702546,21.0,22.0,8.962060204752513
High Cholesterol,Altoprev,10.0,0.12354166666666666,62.0,2.0,16.847083333333334
High Cholesterol,Atorvastatin,5.0131578947368425,0.10132526072431207,69.64473684210526,85.0,24.636861047764413
High Cholesterol,B3-500-Gr,10.0,0.0,22.0,1.0,8.5
High Cholesterol,Colesevelam,7.222222222222222,0.10924215290881958,40.0,36.0,14.707373194706529
High Cholesterol,Crestor,6.476190476190476,0.08920596677907702,63.57142857142857,51.0,20.58317383832006
High Cholesterol,Evolocumab,6.8125,0.057804964133089144,24.4375,31.0,10.828109928266178
High Cholesterol,Ezetimibe,5.0,-0.06521398301570715,56.55172413793103,34.0,16.579916861554793
High Cholesterol,Ezetimibe / simvastatin,7.1,0.1527734126984127,31.7,11.0,10.585546825396824
High Cholesterol,Fenofibric acid,4.111111111111111,0.12311728395061732,18.555555555555557,18.0,7.401790123456791
High Cholesterol,Gemfibrozil,7.0,0.026879919323101145,26.727272727272727,11.0,9.299214384100749
High Cholesterol,Lipitor,5.166666666666667,0.11744195426487093,111.43333333333334,36.0,28.18821724186308
High Cholesterol,Livalo,5.628571428571429,0.028006990762549304,50.285714285714285,35.0,15.864585410096527
High Cholesterol,Lopid,9.666666666666666,0.26799603174603176,56.0,3.0,15.902658730158732
High Cholesterol,Lovastatin,4.5,0.04895596590909091,20.75,11.0,7.147911931818182
High Cholesterol,Mevacor,1.0,-0.041666666666666664,45.0,2.0,9.516666666666666
High Cholesterol,Niacin,6.214285714285714,0.01690187650252586,19.642857142857142,45.0,10.948089467290767
High Cholesterol,Niacin / simvastatin,6.6,0.2179068405139834,7.6,6.0,5.195813681027968
High Cholesterol,Niaspan,5.176470588235294,-0.009461717653085103,21.58823529411765,19.0,8.269311858811477
High Cholesterol,Pitavastatin,6.068965517241379,0.07580664083921149,52.206896551724135,29.0,15.920578798919804
High Cholesterol,Praluent,6.333333333333333,0.11335951970143147,23.25,20.0,9.410052372736196
High Cholesterol,Pravachol,6.142857142857143,0.08668154761904763,128.85714285714286,7.0,29.101934523809526
High Cholesterol,Pravastatin,4.681818181818182,0.001393425597971057,86.0909090909091,24.0,21.493695942105035
High Cholesterol,Red yeast rice,10.0,0.023333333333333334,71.5,2.0,18.546666666666667
High Cholesterol,Repatha,5.136363636363637,-0.029960460884926113,30.772727272727273,33.0,11.449169987321058
High Cholesterol,Rosuvastatin,6.48,0.05859578175994436,63.42,61.0,21.49319156351989
High Cholesterol,Simcor,4.333333333333333,0.08827160493827162,8.0,4.0,3.9098765432098763
High Cholesterol,Simvastatin,4.716666666666667,-0.002678923299657419,46.3,65.0,17.64130882006735
High Cholesterol,Slo-Niacin,10.0,0.1,76.0,1.0,19.500000000000004
High Cholesterol,Trilipix,4.833333333333333,0.057592592592592605,19.666666666666668,11.0,7.081851851851852
High Cholesterol,Vytorin,7.615384615384615,0.17768894993894996,29.384615384615383,13.0,10.578454822954825
High Cholesterol,Welchol,7.571428571428571,0.09815260929546644,45.0,25.0,14.724876647162361
High Cholesterol,Zetia,5.666666666666667,-0.03951358826358825,70.66666666666667,26.0,18.920972823472827
High Cholesterol,Zocor,6.0,-0.018699994064577397,80.91666666666667,12.0,19.74593334520418
"High Cholesterol, Familial Heterozygous",Alirocumab,7.833333333333333,0.21709205716071245,13.333333333333334,22.0,8.434184114321425
"High Cholesterol, Familial Heterozygous",Altoprev,9.0,0.020833333333333332,40.0,2.0,11.841666666666665
"High Cholesterol, Familial Heterozygous",Atorvastatin,7.333333333333333,0.05901234567901235,64.0,85.0,24.351358024691358
"High Cholesterol, Familial Heterozygous",Crestor,7.0,0.13944444444444445,68.33333333333333,51.0,21.845555555555556
"High Cholesterol, Familial Heterozygous",Evolocumab,7.923076923076923,0.07929658589273975,22.0,31.0,10.827823941016248
"High Cholesterol, Familial Heterozygous",Ezetimibe,9.6,0.1046474358974359,65.0,34.0,20.44929487179487
"High Cholesterol, Familial Heterozygous",Ezetimibe / simvastatin,10.0,0.03994949494949498,19.0,11.0,8.97989898989899
"High Cholesterol, Familial Heterozygous",Lipitor,10.0,0.15,113.0,36.0,30.500000000000004
"High Cholesterol, Familial Heterozygous",Lovastatin,6.666666666666667,0.05694444444444444,31.666666666666668,11.0,10.21388888888889
"High Cholesterol, Familial Heterozygous",Mevacor,9.0,0.15,44.0,2.0,12.9
"High Cholesterol, Familial Heterozygous",Praluent,8.0,0.2641400982224846,8.6,20.0,7.448280196444969
"High Cholesterol, Familial Heterozygous",Repatha,8.11111111111111,0.02151923076923078,22.333333333333332,33.0,11.054149572649573
"High Cholesterol, Familial Heterozygous",Rosuvastatin,10.0,0.10243055555555557,35.5,61.0,17.404861111111114
"High Cholesterol, Familial Heterozygous",Simvastatin,7.666666666666667,-0.1023063973063973,28.0,65.0,14.962053872053872
"High Cholesterol, Familial Heterozygous",Zetia,7.5,0.0949652777777778,61.0,26.0,17.989930555555556
"High Cholesterol, Familial Homozygous",Alirocumab,5.5,0.22199999999999998,20.0,22.0,8.844000000000001
"High Cholesterol, Familial Homozygous",Atorvastatin,4.5,-0.1,43.5,85.0,18.8
"High Cholesterol, Familial Homozygous",Crestor,10.0,0.19629629629629627,4.0,51.0,10.292592592592593
"High Cholesterol, Familial Homozygous",Evolocumab,10.0,0.08215770202020202,20.5,31.0,11.364315404040404
"High Cholesterol, Familial Homozygous",Lipitor,4.5,0.0,41.0,36.0,13.600000000000001
"High Cholesterol, Familial Homozygous",Praluent,5.5,0.22199999999999998,20.0,20.0,8.644
"High Cholesterol, Familial Homozygous",Repatha,8.0,0.0078125,38.0,33.0,14.115625000000001
"High Cholesterol, Familial Homozygous",Rosuvastatin,10.0,0.19629629629629627,4.0,61.0,11.292592592592593
Hirsutism,Eflornithine,8.161290322580646,0.044543343365099075,45.74193548387097,31.0,15.60198991253665
Hirsutism,Spironolactone,7.461538461538462,0.06622839100002562,46.15384615384615,239.0,36.24784139738467
Hirsutism,Vaniqa,8.483870967741936,0.06170746119381494,45.096774193548384,32.0,15.736318148194083
Histoplasmosis,Itraconazole,7.0,-0.24097222222222223,3.0,18.0,4.718055555555556
Hodgkin's Lymphoma,Nivolumab,10.0,0.061250000000000006,1.0,19.0,6.2225
Hot Flashes,Bazedoxifene / conjugated estrogens,10.0,0.20572916666666669,20.5,5.0,9.011458333333334
Hot Flashes,Brisdelle,6.7,-0.005708166255041253,46.3,21.0,14.028583667489917
Hot Flashes,Citalopram,5.0,0.05848084207459209,11.5,995.0,103.91696168414919
Hot Flashes,Cymbalta,1.0,0.2125,38.0,864.0,94.825
Hot Flashes,Duavee,9.25,0.14290844572094574,18.75,7.0,8.435816891441892
Hot Flashes,Duloxetine,6.125,0.06194128787878788,20.125,934.0,99.99888257575758
Hot Flashes,Effexor XR,8.8,0.09614333056346945,107.4,399.0,65.09228666112695
Hot Flashes,Esterified estrogens / methyltestosterone,9.5,-0.10277777777777779,2.5,8.0,4.894444444444445
Hot Flashes,Estratest,10.0,-0.4305555555555556,4.0,1.0,4.038888888888889
Hot Flashes,Estratest H.S.,9.0,0.225,1.0,5.0,4.75
Hot Flashes,Evening Primrose Oil,10.0,0.3958333333333333,6.0,5.0,6.491666666666667
Hot Flashes,Fluoxetine,8.0,0.11141803120453171,27.384615384615383,766.0,85.49975913933216
Hot Flashes,Gabapentin,8.887096774193548,0.14479241470509654,41.66129032258065,1047.0,116.87668160360374
Hot Flashes,Megace,8.0,0.2,32.0,7.0,10.7
Hot Flashes,Megestrol,8.5,0.1875,24.5,41.0,12.775000000000002
Hot Flashes,Mirtazapine,6.0,0.2,53.0,546.0,68.0
Hot Flashes,Neurontin,8.5,-0.084375,80.5,140.0,33.33125
Hot Flashes,Paroxetine,7.446428571428571,0.0670062747339272,34.94642857142857,645.0,74.601869692325
Hot Flashes,Paxil,9.25,0.3666666666666667,107.75,457.0,71.68333333333334
Hot Flashes,Prozac,9.0,0.19614197530864197,91.33333333333333,472.0,69.45895061728396
Hot Flashes,Venlafaxine,7.5,0.09983538588318969,65.2,1016.0,117.8396707717664
Human Papilloma Virus,Aldara,7.769230769230769,0.030345070112698325,31.307692307692307,27.0,12.129920909456168
Human Papilloma Virus,Cimetidine,5.5,0.07870181405895692,28.0,7.0,8.657403628117914
Human Papilloma Virus,Imiquimod,7.1976744186046515,0.02671893562711555,15.418604651162791,150.0,21.01622856892865
Human Papilloma Virus,Podophyllum resin,7.0,0.29000000000000004,3.0,1.0,4.08
Human Papilloma Virus,Tagamet,10.0,0.15944444444444444,56.0,2.0,15.71888888888889
Human Papillomavirus Prophylaxis,Gardasil,6.111111111111111,0.10221579016221874,8.666666666666666,19.0,6.282209358102216
Human Papillomavirus Prophylaxis,Human papillomavirus vaccine,6.9411764705882355,0.06357165088257526,9.117647058823529,17.0,6.427143301765151
Hydrocephalus,Acetazolamide,9.0,-0.01093750000000001,3.0,67.0,10.878125
Hyperbilirubinemia,Phenobarbital,10.0,0.0,2.0,10.0,5.4
Hypercalcemia,Furosemide,7.0,-0.048611111111111105,13.0,42.0,9.502777777777778
Hypercalcemia of Malignancy,Denosumab,1.0,-0.30624999999999997,6.0,56.0,6.5875
Hypercalcemia of Malignancy,Xgeva,1.0,-0.24470899470899468,7.0,1.0,1.4105820105820108
Hypercalcemia of Malignancy,Zoledronic acid,8.5,0.2034684065934066,23.0,47.0,13.106936813186813
Hypercalcemia of Malignancy,Zometa,8.0,0.15693681318681316,43.0,13.0,13.413873626373627
Hyperekplexia,Clonazepam,8.5,0.1980614973262032,6.0,831.0,88.09612299465242
Hyperekplexia,Divalproex sodium,10.0,0.22999999999999998,16.0,235.0,31.16
Hyperhidrosis,Aluminum chloride hexahydrate,8.965944272445821,0.08932743364682603,9.08359133126935,323.0,37.881750842525854
Hyperhidrosis,Amitriptyline,10.0,0.13166666666666668,36.0,695.0,80.96333333333334
Hyperhidrosis,Catapres,8.0,0.08833333333333333,12.0,33.0,9.076666666666668
Hyperhidrosis,Clonidine,6.333333333333333,-0.02888888888888889,15.0,315.0,36.97555555555556
Hyperhidrosis,Drysol,9.121621621621621,0.09662492165174756,10.932432432432432,150.0,21.02838497843863
Hyperhidrosis,Hypercare,8.916129032258064,0.08867618079038199,7.380645161290323,158.0,21.019933006742054
Hyperhidrosis,Hytrin,9.0,0.5583333333333333,79.0,11.0,21.616666666666667
Hyperhidrosis,OnabotulinumtoxinA,10.0,-0.3333333333333333,19.0,167.0,23.833333333333332
Hyperhidrosis,Oxybutynin,8.27027027027027,0.03690594918104818,34.891891891891895,154.0,25.760298384848582
Hyperhidrosis,Terazosin,8.333333333333334,0.26319444444444445,35.333333333333336,24.0,13.326388888888891
Hyperhidrosis,Xerac AC,9.0,-0.10078975121094687,7.285714285714286,7.0,5.555563354720964
Hyperkalemia,Kionex,6.0,0.3333333333333333,17.0,1.0,6.566666666666666
Hyperkalemia,Sodium polystyrene sulfonate,8.0,0.22578125,11.0,2.0,6.0515625
Hyperlipoproteinemia,Cholestyramine,9.0,0.0062500000000000056,12.0,51.0,11.1125
Hyperlipoproteinemia,Fenofibrate,5.166666666666667,0.016170528817587636,65.0,27.0,17.79900772430184
Hyperlipoproteinemia,Niacin,9.0,-0.1537037037037037,7.0,45.0,9.192592592592593
Hyperlipoproteinemia,Niacin / simvastatin,7.0,0.07277777777777777,5.0,6.0,4.545555555555556
Hyperlipoproteinemia,Niaspan,9.0,-0.1537037037037037,7.0,19.0,6.5925925925925934
Hyperlipoproteinemia,Simcor,7.0,0.07277777777777777,5.0,4.0,4.345555555555556
Hyperlipoproteinemia,TriCor,3.6666666666666665,0.0818181818181818,93.66666666666667,8.0,21.163636363636364
"Hyperlipoproteinemia Type III, Elevated beta-VLDL   IDL",Pravastatin,5.0,0.0,7.0,24.0,5.800000000000001
"Hyperlipoproteinemia Type IIa, Elevated LDL",Cholestyramine,7.0,0.1875,32.0,51.0,14.675
"Hyperlipoproteinemia Type IIa, Elevated LDL",Colesevelam,8.0,0.0575,28.0,36.0,12.515
"Hyperlipoproteinemia Type IIa, Elevated LDL",Fenofibrate,5.666666666666667,0.43291666666666667,34.0,27.0,12.6325
"Hyperlipoproteinemia Type IIa, Elevated LDL",Lipofen,7.0,0.85,13.0,2.0,7.3
"Hyperlipoproteinemia Type IIa, Elevated LDL",Pravastatin,2.0,-0.03489010989010987,15.0,24.0,6.130219780219781
"Hyperlipoproteinemia Type IIa, Elevated LDL",Prevalite,7.0,0.1875,32.0,2.0,9.775
"Hyperlipoproteinemia Type IIa, Elevated LDL",Simvastatin,10.0,0.2464285714285714,10.0,65.0,12.992857142857144
"Hyperlipoproteinemia Type IIa, Elevated LDL",TriCor,2.0,0.5,37.0,8.0,10.000000000000002
"Hyperlipoproteinemia Type IIa, Elevated LDL",Welchol,8.0,0.1389636752136752,48.5,25.0,15.677927350427352
"Hyperlipoproteinemia Type IV, Elevated VLDL",Niacin,8.0,-0.08671875000000001,22.0,45.0,11.926562500000001
"Hyperlipoproteinemia Type IV, Elevated VLDL",Niaspan,8.0,-0.08671875000000001,22.0,19.0,9.326562500000001
Hyperparathyroidism Secondary to Renal Impairment,Calcifediol,10.0,0.0,5.0,1.0,5.1
Hyperparathyroidism Secondary to Renal Impairment,Rayaldee,10.0,0.0,5.0,1.0,5.1
Hyperphosphatemia,Calcium acetate,8.0,0.7,0.0,1.0,4.699999999999999
Hyperphosphatemia,PhosLo,8.0,0.7,0.0,1.0,4.699999999999999
Hyperphosphatemia of Renal Failure,Auryxia,5.5,0.18874999999999997,6.5,2.0,4.077500000000001
Hyperphosphatemia of Renal Failure,Ferric citrate,8.0,0.09,7.0,1.0,4.88
Hyperphosphatemia of Renal Failure,Fosrenol,2.0,-0.025,2.0,1.0,1.25
Hyperphosphatemia of Renal Failure,Lanthanum carbonate,5.5,0.10500000000000001,3.5,2.0,3.3100000000000005
Hyperphosphatemia of Renal Failure,Renagel,7.0,0.08611111111111112,7.0,1.0,4.472222222222222
Hyperphosphatemia of Renal Failure,Renvela,4.75,0.15909992784992785,6.0,4.0,3.8181998556998558
Hyperphosphatemia of Renal Failure,Sevelamer,5.0,0.1376602762317048,8.142857142857142,7.0,4.603891981034838
Hyperphosphatemia of Renal Failure,Sucroferric oxyhydroxide,6.0,-0.16666666666666666,11.0,1.0,4.366666666666667
Hyperphosphatemia of Renal Failure,Velphoro,4.0,-0.15833333333333333,5.5,2.0,2.583333333333334
Hyperprolactinemia,Bromocriptine,6.454545454545454,0.02487465693348047,18.0,11.0,7.331567495685142
Hyperprolactinemia,Cabergoline,8.222222222222221,0.09143078654380397,14.592592592592593,27.0,9.090268980495015
Hyperprolactinemia,Dostinex,8.625,0.18549024470899472,22.375,8.0,9.095980489417991
Hyperprolactinemia,Parlodel,6.25,-0.02439401455026455,23.75,8.0,8.00121197089947
Hypersomnia,Armodafinil,7.0,0.0453336539351948,15.157894736842104,206.0,26.522246255238812
Hypersomnia,Caffeine,7.166666666666667,0.15521164021164022,12.083333333333334,13.0,6.893756613756614
Hypersomnia,Dexedrine,8.0,-0.08937500000000001,51.0,58.0,19.021250000000002
Hypersomnia,Dextroamphetamine,7.0,0.009479166666666664,28.0,96.0,18.018958333333337
Hypersomnia,Modafinil,5.571428571428571,0.06506717228051814,5.0,209.0,24.258705773132466
Hypersomnia,NoDoz,6.666666666666667,0.2297222222222222,14.833333333333334,6.0,6.692777777777778
Hypersomnia,Nuvigil,6.2631578947368425,0.06230655006927514,15.0,169.0,22.52987625803329
Hypersomnia,Provigil,9.5,0.13255208333333332,31.0,113.0,21.565104166666668
Hypersomnia,Vivarin,8.333333333333334,0.18325396825396825,17.0,4.0,7.499841269841271
Hypertensive Emergency,Catapres,9.0,-0.05860953282828282,27.0,33.0,12.182780934343436
Hypertensive Emergency,Clonidine,9.166666666666666,-0.004906618265993265,25.0,315.0,40.15685343013468
Hypertensive Emergency,Enalapril,9.0,0.325,14.0,9.0,7.950000000000001
Hypertensive Emergency,Hydralazine,9.0,0.17333333333333334,48.0,12.0,14.74666666666667
Hypertensive Emergency,Methyldopa,5.0,0.8,5.0,4.0,5.0
Hypertensive Emergency,Nifedipine,9.0,0.23134920634920636,6.0,45.0,9.762698412698413
Hyperthyroidism,Methimazole,7.0,-0.02287869461119821,43.333333333333336,9.0,12.320909277444272
Hyperthyroidism,Pima,10.0,1.0,6.0,1.0,7.3
Hyperthyroidism,Potassium iodide,10.0,1.0,6.0,1.0,7.3
Hyperthyroidism,Tapazole,10.0,-0.05118555686737503,155.0,1.0,34.997628886265254
Hypertriglyceridemia,Fenofibrate,6.375,0.07096026234567901,39.125,27.0,13.216920524691357
Hypertriglyceridemia,Fenofibric acid,6.0,0.015471914916359361,21.11111111111111,18.0,8.453166052054941
Hypertriglyceridemia,Icosapent,9.071428571428571,0.1614793792517007,28.357142857142858,14.0,11.022958758503401
Hypertriglyceridemia,Lipofen,10.0,0.475,67.0,2.0,18.55
Hypertriglyceridemia,Lovaza,6.333333333333333,0.025000000000000005,31.0,4.0,9.183333333333334
Hypertriglyceridemia,Omacor,9.0,0.21785714285714286,48.0,2.0,13.835714285714285
Hypertriglyceridemia,Omega-3 polyunsaturated fatty acids,8.166666666666666,0.050146825396825405,57.5,21.0,16.96696031746032
Hypertriglyceridemia,TriCor,5.5,0.04307716049382716,70.25,8.0,17.136154320987657
Hypertriglyceridemia,Trilipix,3.6,0.05936872122586408,24.6,11.0,7.578737442451729
Hypertriglyceridemia,Vascepa,8.76923076923077,0.18887425768675767,27.615384615384617,13.0,10.708517746142748
Hyperuricemia Secondary to Chemotherapy,Allopurinol,7.0,0.375,0.0,39.0,7.450000000000001
Hypoactive Sexual Desire Disorde,Addyi,3.6666666666666665,0.05153815320481985,29.666666666666668,3.0,7.80307630640964
Hypoactive Sexual Desire Disorde,Flibanserin,5.25,0.10062331187331186,36.5,4.0,10.001246623746626
Hypocalcemia,Calcitriol,8.0,-0.08697916666666666,1.5,8.0,4.126041666666667
Hypocalcemia,Calcium carbonate,9.0,0.26944444444444443,3.0,10.0,5.738888888888889
Hypocalcemia,Rocaltrol,10.0,-0.13333333333333333,0.0,1.0,3.8333333333333335
Hypodermoclysis,Hyaluronidase,10.0,0.31666666666666665,4.0,1.0,5.533333333333332
Hypoestrogenism,Cenestin,10.0,0.19583333333333333,16.0,1.0,7.691666666666666
Hypoestrogenism,Climara,10.0,0.1,19.0,13.0,9.3
Hypoestrogenism,Conjugated estrogens,10.0,-0.07741402116402117,69.33333333333333,42.0,21.911838624338625
Hypoestrogenism,Estrace,10.0,0.23297619047619048,17.0,5.0,8.365952380952383
Hypoestrogenism,Estrace Vaginal Cream,9.666666666666666,0.19166666666666668,66.66666666666667,33.0,20.883333333333336
Hypoestrogenism,Estradiol,6.5,0.18311488858363859,26.25,241.0,32.31622977716728
Hypoestrogenism,Estradiol Patch,1.0,0.18244047619047618,7.0,10.0,3.1648809523809525
Hypoestrogenism,Estring,10.0,0.525,16.0,23.0,10.55
Hypoestrogenism,Premarin,10.0,0.175,3.0,29.0,7.85
Hypoglycemia,Diazoxide,9.0,-0.04166666666666665,2.0,1.0,4.016666666666667
Hypoglycemia,Glucose,9.0,-0.16666666666666666,13.0,2.0,6.066666666666667
Hypoglycemia,Insta-Glucose,9.0,-0.16666666666666666,13.0,1.0,5.966666666666667
Hypoglycemia,Proglycem,9.0,-0.04166666666666665,2.0,1.0,4.016666666666667
"Hypogonadism, Male",AndroGel,7.4,0.1259264368938776,58.236363636363635,56.0,20.459125601060485
"Hypogonadism, Male",Androderm,7.117647058823529,0.0886323140367258,32.05882352941177,17.0,11.136088157485219
"Hypogonadism, Male",Aveed,5.0,0.08527777777777779,9.666666666666666,3.0,4.403888888888889
"Hypogonadism, Male",Axiron,7.514705882352941,0.1405927159109399,35.5,69.0,17.287067784763057
"Hypogonadism, Male",Chorionic gonadotropin (hcg),10.0,0.8,23.0,8.0,11.0
"Hypogonadism, Male",Delatestryl,8.5,0.16979166666666667,29.0,2.0,9.739583333333334
"Hypogonadism, Male",Depo-Testosterone,9.333333333333334,0.15371172037838704,41.333333333333336,3.0,12.607423440756776
"Hypogonadism, Male",Follicle stimulating hormone,10.0,0.5333333333333333,4.0,1.0,5.966666666666666
"Hypogonadism, Male",Fortesta,7.2,0.13471255902075646,29.733333333333334,15.0,10.59609178470818
"Hypogonadism, Male",Gonal-f,10.0,0.5333333333333333,4.0,1.0,5.966666666666666
"Hypogonadism, Male",Methitest,10.0,0.875,7.0,1.0,7.25
"Hypogonadism, Male",Methyltestosterone,10.0,0.875,7.0,1.0,7.25
"Hypogonadism, Male",Natesto,8.0,0.13333333333333333,15.0,1.0,6.566666666666666
"Hypogonadism, Male",Ovidrel,10.0,0.8,23.0,1.0,10.299999999999999
"Hypogonadism, Male",Striant,7.0,0.3958333333333333,4.0,1.0,4.491666666666666
"Hypogonadism, Male",Testim,6.4603174603174605,0.08993211211966769,22.03174603174603,65.0,13.670340414715525
"Hypogonadism, Male",Testopel,5.5,0.11914527444356988,14.5,5.0,5.838290548887141
"Hypogonadism, Male",Testosterone,7.440740740740741,0.14140980833475567,35.044444444444444,278.0,38.0680048018547
Hypokalemia,Klor-Con,9.0,-0.16666666666666666,49.0,5.0,13.566666666666666
Hypokalemia,Potassium chloride,7.666666666666667,-0.09722222222222221,21.333333333333332,10.0,8.13888888888889
Hypokalemia,Spironolactone,9.0,0.3179166666666666,17.0,239.0,31.535833333333336
Hypokalemic Periodic Paralysis,Dichlorphenamide,9.0,0.5,0.0,1.0,4.699999999999999
Hypomagnesemia,Magnesium oxide,3.0,-0.14843749999999994,16.0,10.0,5.103125
Hypoparathyroidism,Calcitriol,7.333333333333333,0.08527336860670194,5.666666666666667,8.0,5.037213403880071
Hypoparathyroidism,Natpara,8.0,0.10459430615680616,18.333333333333332,3.0,7.375855278980279
Hypoparathyroidism,Parathyroid hormone,8.0,0.12752637987012988,19.5,2.0,7.555052759740261
Hypoparathyroidism,Teriparatide,10.0,0.43333333333333335,21.0,43.0,13.366666666666667
Hypopituitarism,Somatropin,10.0,0.65,13.0,16.0,9.5
Hypotension,Midodrine,9.0,-0.04303751803751804,54.5,13.0,15.713924963924965
"Hypothyroidism, After Thyroid Removal",Armour Thyroid,7.0,0.0785952839561791,60.5,112.0,26.25719056791236
"Hypothyroidism, After Thyroid Removal",Cytomel,9.5,-0.06274104683195593,65.5,13.0,18.07451790633609
"Hypothyroidism, After Thyroid Removal",Levothroid,8.0,0.09166666666666667,39.0,5.0,11.683333333333334
"Hypothyroidism, After Thyroid Removal",Levothyroxine,7.103448275862069,0.07444707985271064,43.258620689655174,290.0,40.64199760798128
"Hypothyroidism, After Thyroid Removal",Levoxyl,7.4,0.286,33.6,21.0,12.352
"Hypothyroidism, After Thyroid Removal",Liothyronine,9.6,0.043877426866063225,90.4,23.0,24.307754853732128
"Hypothyroidism, After Thyroid Removal",NP Thyroid,8.0,0.05833333333333333,14.0,6.0,6.716666666666667
"Hypothyroidism, After Thyroid Removal",Nature-Throid,10.0,0.17853383458646618,119.66666666666667,30.0,31.290401002506268
"Hypothyroidism, After Thyroid Removal",Synthroid,7.5,0.05550874337051166,67.46875,94.0,26.004767486741024
"Hypothyroidism, After Thyroid Removal",Thyroid desiccated,7.826086956521739,0.07516714881882866,59.0,159.0,30.980769080246354
"Hypothyroidism, After Thyroid Removal",Tirosint,8.5,0.07145472582972584,36.333333333333336,38.0,14.609576118326121
"Hypothyroidism, After Thyroid Removal",Unithroid,5.0,-0.06654761904761905,5.0,3.0,3.166904761904762
"Hypothyroidism, After Thyroid Removal",Westhroid,10.0,0.029166666666666674,78.0,2.0,19.858333333333334
ICU Agitation,Diazepam,10.0,0.2,4.0,322.0,37.400000000000006
ICU Agitation,Haldol,6.0,-0.35185185185185186,49.0,19.0,13.396296296296297
ICU Agitation,Haloperidol,1.0,0.10925925925925925,1.0,49.0,5.718518518518518
ICU Agitation,Midazolam,6.0,0.2857142857142857,14.0,27.0,8.471428571428572
Ichthyosis,AmLactin,9.0,-0.04444444444444443,58.0,2.0,15.311111111111112
Ichthyosis,Ammonium lactate,9.0,-0.04444444444444443,58.0,6.0,15.711111111111112
Idiopathic Thrombocytopenic Purpura,Cyclosporine,9.0,0.175,13.0,34.0,9.950000000000001
Idiopathic Thrombocytopenic Purpura,Eltrombopag,10.0,-0.025,3.0,2.0,4.750000000000001
Idiopathic Thrombocytopenic Purpura,Neoral,9.0,0.07722222222222218,9.0,3.0,5.854444444444444
Idiopathic Thrombocytopenic Purpura,Rho (d) immune globulin,3.0,-0.08518518518518518,0.0,1.0,1.12962962962963
Idiopathic Thrombocytopenic Purpura,Romiplostim,10.0,0.32045454545454544,0.0,1.0,4.74090909090909
Idiopathic Thrombocytopenic Purpura,WinRho SDF,4.0,-0.055092592592592596,3.5,2.0,2.389814814814815
Immunosuppression,Methylprednisolone,7.333333333333333,0.0669949494949495,2.6666666666666665,152.0,18.800656565656567
Immunosuppression,Prednisolone,6.0,-0.24500000000000002,3.0,20.0,4.510000000000001
Immunosuppression,Prednisone,8.0,0.028672582304526753,20.666666666666668,289.0,36.29067849794239
Impetig,Altabax,7.5,-0.17457341269841267,7.75,6.0,4.800853174603175
Impetig,Mupirocin,10.0,-0.004166666666666652,4.0,18.0,6.591666666666667
Impetig,Retapamulin,7.8,-0.10553354978354976,7.6,6.0,5.028932900432901
Indigestion,Aluminum hydroxide / magnesium trisilicate,6.0,0.028993055555555564,3.0,5.0,3.5579861111111115
Indigestion,Bismuth subsalicylate,10.0,0.2375,0.0,4.0,4.875
Indigestion,Calcium carbonate,8.6,0.48177777777777775,4.0,10.0,6.203555555555555
Indigestion,Famotidine,1.5,-0.05514219576719578,5.5,14.0,2.989715608465609
Indigestion,Magaldrate / simethicone,10.0,0.3666666666666667,2.0,1.0,5.233333333333333
Indigestion,Magnesium hydroxide,8.666666666666666,0.1076636904761905,11.0,100.0,15.881994047619049
Indigestion,Milk of Magnesia,9.666666666666666,0.060626102292768956,14.333333333333334,12.0,8.054585537918872
Indigestion,Omeprazole,8.571428571428571,0.09475881261595547,23.571428571428573,90.0,17.332374768089053
Indigestion,Pepto-Bismol,10.0,0.5341666666666667,4.0,7.0,6.568333333333333
Indigestion,Phillips' Milk of Magnesia,8.0,0.10196759259259262,9.0,75.0,12.703935185185186
Indigestion,Prilosec,7.0,0.18333333333333335,35.0,23.0,12.466666666666669
Indigestion,Prilosec OTC,10.0,0.31666666666666665,32.0,8.0,11.833333333333334
Indigestion,Ranitidine,8.0,0.1881987330522487,18.125,57.0,12.901397466104498
Indigestion,Tums Smoothies,1.0,0.0,0.0,1.0,0.5
Indigestion,Zantac,10.0,0.12372085813492065,30.0,20.0,12.24744171626984
Infection Prophylaxis,Bactrim DS,7.0,0.3444444444444444,2.0,136.0,17.48888888888889
Infection Prophylaxis,Sulfamethoxazole / trimethoprim,8.666666666666666,0.2644973544973545,8.333333333333334,527.0,58.362328042328045
Infectious Diarrhea,Ciprofloxacin,4.0,0.007127396413110693,1.0,361.0,37.91425479282622
Inflammatory Bowel Disease,Asacol,9.0,0.15,27.0,35.0,12.8
Inflammatory Bowel Disease,Budesonide,8.1,0.04563091372912801,35.4,53.0,15.711261827458257
Inflammatory Bowel Disease,Entocort EC,9.5,0.07050189393939395,53.25,12.0,15.79100378787879
Inflammatory Bowel Disease,Mesalamine,7.25,0.25166666666666665,8.25,179.0,22.953333333333337
Inflammatory Bowel Disease,Prednisone,6.0,0.02575036075036075,13.5,289.0,34.05150072150072
Inflammatory Bowel Disease,Sulfasalazine,10.0,-0.035416666666666666,17.5,47.0,12.129166666666666
Inflammatory Bowel Disease,Sulfazine,10.0,0.012499999999999997,26.0,7.0,9.925
Inflammatory Conditions,Betamethasone,9.0,0.0011363636363636409,3.0,19.0,6.102272727272728
Inflammatory Conditions,Decadron,3.0,-0.11035997732426303,15.285714285714286,12.0,5.236422902494332
Inflammatory Conditions,Depo-Medrol,9.5,-0.06562566773504273,69.0,8.0,18.268748664529916
Inflammatory Conditions,Dexamethasone,6.681818181818182,0.015524602712102724,12.5,45.0,9.703776478151479
Inflammatory Conditions,Dexamethasone Intensol,10.0,0.13833333333333334,17.0,2.0,7.876666666666667
Inflammatory Conditions,Horse chestnut,8.0,0.22499226963512678,3.0,2.0,4.449984539270254
Inflammatory Conditions,Hydrocortisone,9.0,0.0,0.0,34.0,7.0
Inflammatory Conditions,Magnesium salicylate,6.0,-0.1625,4.0,3.0,3.175
Inflammatory Conditions,Medrol,1.0,-0.10916666666666668,53.0,5.0,11.281666666666668
Inflammatory Conditions,Medrol Dosepak,9.5,0.35852272727272727,62.0,9.0,17.817045454545454
Inflammatory Conditions,Meloxicam,6.875,0.08982117432167765,49.0,250.0,37.72964234864335
Inflammatory Conditions,Methylprednisolone,7.416666666666667,0.03669262310565582,39.30952380952381,152.0,26.10195667478274
Inflammatory Conditions,Mobic,7.0,0.08617278224421084,72.8695652173913,84.0,25.946258607966683
Inflammatory Conditions,Prednisolone,4.166666666666667,-0.2292704826038159,8.5,20.0,4.908125701459035
Inflammatory Conditions,Prednisone,7.88135593220339,0.050294773915793296,45.33898305084746,289.0,41.22092853088244
Inflammatory Conditions,Rayos,9.0,0.0,20.0,2.0,7.8
Inflammatory Conditions,Solu-Medrol,10.0,0.08888888888888893,65.0,5.0,17.677777777777777
Influenza,Acetaminophen / chlorpheniramine,8.0,0.09583333333333333,24.0,5.0,8.691666666666666
Influenza,Acetaminophen / phenyltoloxamine,10.0,0.5,5.0,11.0,7.1
Influenza,Oseltamivir,6.92485549132948,0.008274537882346621,9.84393063583815,187.0,23.455277399464116
Influenza,Relenza,2.0,-0.2,4.0,2.0,1.4000000000000001
Influenza,Tamiflu,7.086206896551724,0.017256358627781142,9.925287356321839,191.0,23.95405294714062
Influenza,Zanamivir,2.0,-0.2,4.0,2.0,1.4000000000000001
Influenza Prophylaxis,FluMist,3.625,-0.13105513843795094,5.0,8.0,2.9878897231240984
Influenza Prophylaxis,FluMist Quadrivalent,1.0,0.06999999999999999,0.0,1.0,0.64
Influenza Prophylaxis,Fluzone,1.0,0.13022727272727272,8.0,2.0,2.460454545454546
Influenza Prophylaxis,"Influenza virus vaccine, inactivated",6.2,0.015646645021645023,3.2,5.0,3.6512932900432906
Influenza Prophylaxis,"Influenza virus vaccine, live, trivalent",3.3333333333333335,-0.10871567861151193,4.444444444444445,9.0,2.9047908649991983
Influenza Prophylaxis,Oseltamivir,4.25,-0.004677579365079364,6.0,187.0,21.590644841269842
Influenza Prophylaxis,Tamiflu,2.25,-0.03276714852607711,7.25,191.0,21.384465702947846
Insomnia,Acetaminophen / diphenhydramine,6.384615384615385,0.20791619229795313,23.46153846153846,23.0,9.961986230749753
Insomnia,Advil PM,9.0,-0.05226608187134501,23.0,1.0,8.19546783625731
Insomnia,Ambien,7.2972027972027975,0.10015551138777627,28.737762237762237,288.0,37.66674458920912
Insomnia,Ambien CR,7.044444444444444,0.11516543689305128,24.244444444444444,46.0,12.496997540452771
Insomnia,Amitriptyline,7.110091743119266,0.09171753879544399,59.12844036697248,695.0,84.35315984823309
Insomnia,Aspirin / diphenhydramine,9.0,1.0,2.0,1.0,6.1
Insomnia,Ativan,8.307692307692308,0.21743511041427707,115.23076923076923,220.0,48.804100990059325
Insomnia,Belsomra,3.7142857142857144,-0.00828767196254343,24.417989417989418,189.0,25.252736825387085
Insomnia,Benadryl,6.0,0.06666666666666667,32.0,35.0,12.433333333333334
Insomnia,Benadryl Allergy,6.5,0.19864583333333333,11.25,17.0,6.9472916666666675
Insomnia,Chloral hydrate,8.214285714285714,0.1604613422291994,9.928571428571429,15.0,7.09235125588697
Insomnia,Clonazepam,7.828571428571428,0.08999034362835104,62.885714285714286,831.0,98.98855211582814
Insomnia,Compoz Nighttime Sleep Aid,9.0,0.23785714285714285,25.5,2.0,9.375714285714285
Insomnia,Dalmane,8.375,0.06580990768490769,42.375,8.0,12.756619815369817
Insomnia,Desyrel,6.285714285714286,0.273531746031746,29.428571428571427,27.0,11.647063492063491
Insomnia,Desyrel Dividose,7.0,0.3277777777777777,18.0,2.0,7.2555555555555555
Insomnia,Dimenhydrinate,9.666666666666666,0.1661199294532628,13.333333333333334,30.0,9.865573192239859
Insomnia,Diphenhydramine,6.384615384615385,0.13103796121206834,16.215384615384615,117.0,17.758998999347213
Insomnia,Diphenhydramine / naproxen,8.0,0.08038580246913579,15.333333333333334,14.0,7.827438271604938
Insomnia,Doral,9.0,0.10833333333333334,10.0,2.0,6.016666666666667
Insomnia,Doxepin,6.552238805970149,0.07661929783654134,41.291044776119406,171.0,28.13234307328503
Insomnia,Doxylamine,6.625,0.06945181583033243,31.23611111111111,73.0,16.33612585388289
Insomnia,Edluar,8.714285714285714,0.10777185446828304,10.142857142857142,7.0,6.429829423222281
Insomnia,Elavil,7.9375,-0.03570535714285714,99.8125,116.0,34.66608928571429
Insomnia,Estazolam,9.363636363636363,0.3259852768759019,18.636363636363637,11.0,9.224697826479076
Insomnia,Eszopiclone,5.975460122699387,0.06311531237857823,22.23926380368098,163.0,23.264267434573107
Insomnia,Ethchlorvynol,10.0,0.31875,0.0,1.0,4.7375
Insomnia,Excedrin PM,8.0,0.1375,8.0,4.0,5.4750000000000005
Insomnia,Flurazepam,8.923076923076923,0.06976812029283484,27.153846153846153,13.0,10.43953624058567
Insomnia,Gabapentin,7.886363636363637,0.11600240966244754,48.04545454545455,1047.0,117.69564118296127
Insomnia,Halcion,9.307692307692308,0.2857051282051282,35.46153846153846,14.0,12.786794871794873
Insomnia,Headache Relief PM,6.0,0.39999999999999997,2.0,1.0,3.7
Insomnia,Intermezzo,9.666666666666666,0.2648412698412698,20.333333333333332,6.0,9.063015873015873
Insomnia,Klonopin,9.076923076923077,0.13839992579940133,94.53846153846153,432.0,66.01526139006035
Insomnia,Lorazepam,8.26086956521739,0.15407010709605173,77.93478260869566,429.0,62.0994445620182
Insomnia,Lunesta,6.484375,0.05643238801473043,26.2109375,128.0,20.748802276029462
Insomnia,Melatonin,6.881188118811881,0.10729280036247564,30.73267326732673,103.0,19.41359550171505
Insomnia,Mirtazapine,7.2727272727272725,0.13238575105160622,51.77685950413223,546.0,68.12923431202057
Insomnia,Neurontin,8.2,0.20055555555555554,101.0,140.0,37.88111111111111
Insomnia,Nytol,6.6,0.21291666666666664,8.4,6.0,5.345833333333333
Insomnia,Olanzapine,7.6,0.12307625626007979,31.35,278.0,37.35615251252016
Insomnia,Oxazepam,8.0,0.0820240450196505,40.0,29.0,14.264048090039301
Insomnia,Pentobarbital,10.0,0.16199999999999998,27.0,1.0,9.824
Insomnia,Phenobarbital,8.0,0.20714285714285713,9.0,10.0,6.414285714285715
Insomnia,Quazepam,9.6,0.09766666666666668,13.8,6.0,7.395333333333333
Insomnia,Quetiapine,7.9267015706806285,0.11296906278975095,38.17801047120419,831.0,94.1322208480926
Insomnia,Ramelteon,4.7560975609756095,0.06171036555713071,30.317073170731707,41.0,12.189274389650848
Insomnia,Remeron,7.25,0.16694233284077034,71.875,127.0,30.30888466568154
Insomnia,Restoril,7.805555555555555,0.07249473327598327,63.888888888888886,38.0,19.84498946655197
Insomnia,Rozerem,4.930232558139535,0.09444169868367243,33.674418604651166,43.0,13.195860141553393
Insomnia,Secobarbital,10.0,0.07569708630314691,35.0,4.0,11.551394172606294
Insomnia,Seconal,10.0,0.20460448642266824,17.0,1.0,7.909208972845336
Insomnia,Seconal Sodium,10.0,0.022607022607022596,57.0,2.0,15.645214045214045
Insomnia,Seroquel,8.340425531914894,0.1207864087028739,36.787234042553195,334.0,44.33518983868234
Insomnia,Seroquel XR,8.0,0.2692761904761905,50.6,126.0,26.458552380952383
Insomnia,Silenor,6.7727272727272725,0.08697844567502544,49.22727272727273,71.0,19.828502345895508
Insomnia,Simply Sleep,4.8,-0.005447552447552448,14.2,5.0,5.249104895104895
Insomnia,Sinequan,9.0,0.2714285714285714,53.0,4.0,15.142857142857144
Insomnia,Sleep Aid,8.0,-0.030133928571428575,15.0,2.0,6.339732142857144
Insomnia,Sominex,7.277777777777778,0.1621101116283408,35.22222222222222,18.0,12.079775778812238
Insomnia,Somnote,9.5,0.20515873015873018,12.5,7.0,7.410317460317461
Insomnia,Sonata,6.741935483870968,0.1036530655239979,41.74193548387097,31.0,14.352467421370578
Insomnia,Suvorexant,3.7611940298507465,-0.010859198934311875,23.90049751243781,201.0,26.362858716559238
Insomnia,Temazepam,6.805405405405406,0.09455960500505636,33.064864864864866,189.0,28.42425434514525
Insomnia,Trazodone,6.850785340314136,0.06489117628034254,52.596858638743456,584.0,71.78946821643504
Insomnia,Triazolam,9.37037037037037,0.19509072203516648,29.444444444444443,28.0,12.827218481107371
Insomnia,Tryptophan,9.75,0.2182291666666667,28.75,6.0,10.686458333333333
Insomnia,Tylenol PM,6.333333333333333,0.2182262267776591,23.666666666666668,12.0,8.903119120221984
Insomnia,Unisom SleepGels,5.125,0.06990445752164502,13.5,8.0,5.68980891504329
Insomnia,Unisom SleepMelts,9.0,0.5,25.0,1.0,9.7
Insomnia,Unisom SleepTabs,6.708333333333333,0.0903601105684439,49.291666666666664,24.0,15.122386887803556
Insomnia,Valerian,7.0,-0.011607142857142856,1.0,1.0,3.0767857142857147
Insomnia,Vanatrip,7.0,-0.11666666666666668,31.0,1.0,8.866666666666667
Insomnia,Zaleplon,5.181818181818182,0.07332388257889193,26.036363636363635,56.0,13.026647765157783
Insomnia,Zolpidem,7.317991631799163,0.09762134402114961,21.671548117154813,482.0,55.65674896419293
Insomnia,Zolpimist,7.6,0.2386793650793651,5.4,5.0,5.09735873015873
Insomnia,Zyprexa,7.166666666666667,0.03955357584953173,47.666666666666664,167.0,29.179107151699064
Insomnia,ZzzQuil,2.5,0.03914141414141414,10.0,2.0,3.2782828282828285
"Insomnia, Stimulant-Associated",Catapres,6.0,-0.14166666666666666,22.5,33.0,9.916666666666668
"Insomnia, Stimulant-Associated",Clonidine,7.48,0.08024173338830481,32.76,315.0,41.20448346677661
Insulin Resistance Syndrome,Fortamet,10.0,0.47333333333333333,69.0,1.0,18.846666666666668
Insulin Resistance Syndrome,Glucophage,9.5,0.06502976190476191,92.0,26.0,24.93005952380953
Insulin Resistance Syndrome,Humulin R U-500 (Concentrated),10.0,0.05,12.0,2.0,6.7
Insulin Resistance Syndrome,Insulin regular,10.0,0.05,12.0,4.0,6.9
Insulin Resistance Syndrome,Metformin,7.6875,0.05528503632507539,73.8125,268.0,44.74807007265015
Intermittent Claudication,Cilostazol,7.8,0.13246497252747252,39.6,5.0,11.804929945054946
Intermittent Claudication,Pentoxifylline,8.666666666666666,0.06936507936507937,41.333333333333336,3.0,12.172063492063494
Intermittent Claudication,Pletal,5.5,0.06512820512820515,27.5,2.0,8.03025641025641
Intermittent Claudication,Trental,8.5,0.09404761904761905,60.0,2.0,15.788095238095238
Intermittent Explosive Disorde,Quetiapine,10.0,0.49,28.5,831.0,93.78
Interstitial Cystitis,Amitriptyline,8.6,0.08389082105346907,33.34285714285714,695.0,79.77635307067837
Interstitial Cystitis,Atarax,8.0,0.32666666666666666,52.0,70.0,21.253333333333334
Interstitial Cystitis,Azo Urinary Pain Relief,6.0,0.022916666666666658,9.0,3.0,4.545833333333333
Interstitial Cystitis,Azo-Standard,9.0,-0.09736111111111108,36.0,8.0,11.40527777777778
Interstitial Cystitis,Elavil,8.0,0.10263017075517077,44.0,116.0,23.805260341510344
Interstitial Cystitis,Elmiron,7.553191489361702,0.062035580299986334,36.680851063829785,49.0,15.381517969110611
Interstitial Cystitis,Hydroxyzine,6.0,0.0938425925925926,19.0,448.0,51.18768518518519
Interstitial Cystitis,Imipramine,9.0,0.43333333333333335,75.0,28.0,22.26666666666667
Interstitial Cystitis,Pentosan polysulfate sodium,8.065217391304348,0.05676439918944448,33.630434782608695,47.0,14.765702711422367
Interstitial Cystitis,Phenazopyridine,8.409090909090908,0.07796843434343435,23.454545454545453,68.0,15.010482323232324
Interstitial Cystitis,Pyridium,7.0,-0.048402777777777774,28.333333333333332,17.0,10.069861111111113
Interstitial Cystitis,Sanctura XR,10.0,0.11800000000000002,39.0,6.0,12.636000000000001
Interstitial Cystitis,Tofranil,9.0,0.43333333333333335,75.0,7.0,20.166666666666668
Interstitial Cystitis,Trospium,10.0,0.184,39.5,24.0,14.668000000000001
Interstitial Cystitis,Uristat,7.0,0.0,25.0,2.0,8.0
Intraabdominal Infection,Avelox,8.0,0.022222222222222254,9.0,102.0,15.244444444444445
Intraabdominal Infection,Ceftriaxone,10.0,0.11818181818181818,10.0,52.0,11.436363636363637
Intraabdominal Infection,Clindamycin,9.0,-0.07013888888888888,1.0,385.0,42.15972222222222
Intraabdominal Infection,Flagyl,6.0,-0.09724025974025971,3.0,141.0,16.905519480519484
Intraabdominal Infection,Metronidazole,3.5,-0.14982954545454544,0.5,922.0,93.40034090909091
Intraabdominal Infection,Moxifloxacin,8.0,0.022222222222222254,9.0,126.0,17.644444444444446
Intraabdominal Infection,Rocephin,10.0,0.11818181818181818,10.0,52.0,11.436363636363637
Intraocular Hypertension,Bimatoprost,4.5,0.09356060606060604,22.0,10.0,7.387121212121213
Intraocular Hypertension,Brimonidine / timolol,10.0,0.1125,28.0,9.0,10.725
Intraocular Hypertension,Combigan,10.0,0.1125,28.0,11.0,10.924999999999999
Intraocular Hypertension,Latanoprost,8.5,0.03594079184704184,29.5,14.0,10.771881583694084
Intraocular Hypertension,Lumigan,7.0,0.04999999999999999,44.0,6.0,12.3
Intraocular Hypertension,Tafluprost,9.0,-0.12962962962962962,13.0,5.0,6.4407407407407415
Intraocular Hypertension,Timoptic,4.0,0.0,33.0,1.0,8.3
Intraocular Hypertension,Xalatan,10.0,0.06877705627705627,9.0,5.0,6.437554112554112
Iritis,Kenalog-40,10.0,-0.18939393939393936,1.0,12.0,5.0212121212121215
Iritis,Lotemax,1.0,0.0045454545454545695,8.0,6.0,2.6090909090909093
Iritis,Loteprednol,5.0,-0.10606060606060605,8.5,12.0,4.687878787878788
Iritis,Triamcinolone,10.0,-0.18939393939393936,1.0,110.0,14.82121212121212
Iritis,Zylet,7.0,-0.05972222222222223,9.0,5.0,4.980555555555556
Iron Deficiency Anemia,Feraheme,10.0,0.11145833333333335,2.0,1.0,4.722916666666666
Iron Deficiency Anemia,Ferrous fumarate,10.0,0.0,3.0,1.0,4.699999999999999
Iron Deficiency Anemia,Ferrous gluconate,9.0,0.1875,13.5,3.0,6.9750000000000005
Iron Deficiency Anemia,Ferrous sulfate,6.125,-0.024574872313359163,50.75,9.0,13.450850255373282
Iron Deficiency Anemia,Ferumoxytol,10.0,0.05572916666666668,11.0,2.0,6.511458333333334
Iron Deficiency Anemia,Heme iron polypeptide,10.0,0.008333333333333333,18.0,2.0,7.816666666666667
Iron Deficiency Anemia,Iron polysaccharide,9.666666666666666,0.11041666666666668,6.666666666666667,3.0,5.720833333333334
Iron Deficiency Anemia,Iron sucrose,7.75,0.03546055796055797,15.75,4.0,6.720921115921117
Iron Deficiency Anemia,Niferex,8.666666666666666,0.16041666666666668,12.0,3.0,6.4875
Iron Deficiency Anemia,ProFe,10.0,-6.938893903907228e-18,3.0,1.0,4.699999999999999
Iron Deficiency Anemia,Proferrin-ES,6.5,-0.025228937728937736,9.0,3.0,4.6495421245421245
Iron Deficiency Anemia,Slow Fe,6.0,-0.10300925925925926,109.5,2.0,24.293981481481485
Iron Deficiency Anemia,Tandem,10.0,0.20555555555555557,26.0,1.0,9.71111111111111
Iron Deficiency Anemia,Venofer,7.0,0.029435626102292778,9.666666666666666,3.0,5.092204585537919
Irritable Bowel Syndrome,Acidophilus,10.0,0.10659722222222222,83.0,13.0,22.113194444444446
Irritable Bowel Syndrome,Alosetron,9.6875,0.13820333033781695,20.125,18.0,9.976406660675636
Irritable Bowel Syndrome,Amitiza,6.083333333333333,0.053593121013135896,34.44444444444444,140.0,23.429408464248496
Irritable Bowel Syndrome,Amitriptyline,8.74468085106383,0.09099522692715782,51.95744680851064,695.0,83.57135215598197
Irritable Bowel Syndrome,Anafranil,8.0,-0.011904761904761902,65.0,39.0,20.076190476190476
Irritable Bowel Syndrome,Atropine / hyoscyamine / phenobarbital / scopolamine,8.9375,0.2562634418532856,30.5625,17.0,11.900026883706573
Irritable Bowel Syndrome,Belladonna,1.0,0.0,12.0,1.0,2.9000000000000004
Irritable Bowel Syndrome,Belladonna Tincture,1.0,0.0,12.0,1.0,2.9000000000000004
Irritable Bowel Syndrome,Bentyl,7.446808510638298,0.06360239143374227,61.170212765957444,49.0,20.23997074031429
Irritable Bowel Syndrome,Chlordiazepoxide / clidinium,8.966666666666667,0.04441091884014679,44.3,32.0,15.73548850434696
Irritable Bowel Syndrome,Cholestyramine,9.4,0.11406710729746444,45.72,51.0,18.23213421459493
Irritable Bowel Syndrome,Cholestyramine Light,9.0,0.4166666666666667,45.0,2.0,13.633333333333333
Irritable Bowel Syndrome,Clomipramine,8.0,-0.011904761904761902,65.0,75.0,23.676190476190477
Irritable Bowel Syndrome,Desipramine,9.0,-0.005265873015873013,14.0,14.0,7.789468253968255
Irritable Bowel Syndrome,Dicyclomine,7.710280373831775,0.054209901488519,38.728971962616825,111.0,22.038326345033113
Irritable Bowel Syndrome,Donnatal,9.416666666666666,0.1794186359550943,44.666666666666664,14.0,14.45883727191019
Irritable Bowel Syndrome,Doxepin,7.0,-0.2378826530612245,10.0,171.0,21.42423469387755
Irritable Bowel Syndrome,Effexor XR,9.0,-0.15,21.0,399.0,47.400000000000006
Irritable Bowel Syndrome,Eluxadoline,6.725274725274725,0.03983694066797968,17.395604395604394,91.0,15.348904650566729
Irritable Bowel Syndrome,EnteraGam,6.25,0.06146690115440116,10.75,8.0,5.572933802308802
Irritable Bowel Syndrome,Escitalopram,7.833333333333333,-0.0077582371332371265,22.5,1292.0,136.81781685906688
Irritable Bowel Syndrome,HyoMax,8.0,0.23750000000000002,37.0,1.0,11.175
Irritable Bowel Syndrome,HyoMax SL,6.0,0.07966666666666666,20.0,2.0,6.759333333333334
Irritable Bowel Syndrome,Hyoscyamine,7.975,0.08171269743814388,30.45,42.0,13.643425394876289
Irritable Bowel Syndrome,Hyosyne,8.0,0.08802083333333333,17.0,1.0,6.876041666666667
Irritable Bowel Syndrome,Imipramine,7.0,0.8,41.0,28.0,15.400000000000002
Irritable Bowel Syndrome,Immune globulin oral,6.555555555555555,0.05543089626422961,14.333333333333334,9.0,6.499750681417349
Irritable Bowel Syndrome,Lactobacillus acidophilus,9.5,0.14729042658730157,18.75,15.0,9.344580853174604
Irritable Bowel Syndrome,Levsin,6.375,0.06308785022847524,31.625,8.0,9.801175700456952
Irritable Bowel Syndrome,Levsin SL,9.5,0.2984126984126984,46.0,4.0,13.996825396825399
Irritable Bowel Syndrome,Librax,9.130434782608695,0.026620611423600563,48.43478260869565,25.0,15.892371657629809
Irritable Bowel Syndrome,Linaclotide,7.2592592592592595,0.06722503451640617,31.48148148148148,337.0,43.034450069032815
Irritable Bowel Syndrome,Linzess,7.2254901960784315,0.07120756080101902,33.990196078431374,324.0,42.23065041571969
Irritable Bowel Syndrome,Lotronex,9.692307692307692,0.18919693567014992,21.53846153846154,14.0,9.963009255955685
Irritable Bowel Syndrome,Lubiprostone,6.428571428571429,0.0746966953448046,33.08571428571429,139.0,23.237964819261038
Irritable Bowel Syndrome,Metamucil,4.666666666666667,-0.12420634920634921,35.0,11.0,9.718253968253968
Irritable Bowel Syndrome,Methscopolamine,7.2,0.25190476190476196,7.0,7.0,5.483809523809525
Irritable Bowel Syndrome,Nortriptyline,8.736842105263158,0.023630872918652034,27.789473684210527,241.0,33.199893324784675
Irritable Bowel Syndrome,Pamine,8.5,0.2027777777777778,5.0,3.0,5.105555555555555
Irritable Bowel Syndrome,Phenohytro,1.0,0.375,0.0,1.0,1.25
Irritable Bowel Syndrome,Psyllium,8.0,-0.03924851190476191,32.75,13.0,10.971502976190479
Irritable Bowel Syndrome,Questran,7.0,0.19874999999999998,34.0,4.0,10.3975
Irritable Bowel Syndrome,Rifaximin,5.870967741935484,0.008318239291663044,39.74193548387097,43.0,14.613410672131714
Irritable Bowel Syndrome,Symax Duotab,8.25,0.07219919217687075,38.0,4.0,11.444398384353743
Irritable Bowel Syndrome,Tegaserod,9.75,0.12853645833333333,13.0,16.0,8.357072916666667
Irritable Bowel Syndrome,Venlafaxine,8.375,0.05106987196830946,9.0,1016.0,106.85213974393663
Irritable Bowel Syndrome,Viberzi,6.688888888888889,0.04527745914374839,17.622222222222224,90.0,15.290554918287498
Irritable Bowel Syndrome,Xifaxan,5.863636363636363,0.02768338494991387,50.63636363636363,30.0,15.5280940426271
Irritable Bowel Syndrome,Zelnorm,9.555555555555555,0.07042746913580247,13.11111111111111,16.0,8.18529938271605
Ischemic Stroke,Clopidogrel,7.0,-0.10297619047619043,54.857142857142854,38.0,17.36547619047619
Ischemic Stroke,Nimotop,10.0,0.5,19.0,1.0,8.9
Ischemic Stroke,Plavix,7.6,-0.02916666666666664,69.6,26.0,19.50166666666667
"Ischemic Stroke, Prophylaxis",Aggrenox,6.461538461538462,0.004777530670387825,33.30769230769231,13.0,10.555708907494623
"Ischemic Stroke, Prophylaxis",Aspirin / dipyridamole,6.5,0.018693716931216957,39.0,8.0,11.237387433862436
"Ischemic Stroke, Prophylaxis",Clopidogrel,10.0,0.30000000000000004,18.0,38.0,12.0
Joint Infection,Rocephin,2.0,0.0625,2.0,52.0,6.525
Juvenile Idiopathic Arthritis,Abatacept,7.0,0.25708333333333333,9.0,19.0,7.014166666666667
Juvenile Idiopathic Arthritis,Actemra,7.333333333333333,0.14065228174603175,13.0,13.0,7.114637896825397
Juvenile Idiopathic Arthritis,Adalimumab,9.5,0.06920238095238096,12.0,295.0,35.83840476190476
Juvenile Idiopathic Arthritis,Enbrel,10.0,0.25781818181818184,8.5,144.0,20.615636363636362
Juvenile Idiopathic Arthritis,Etanercept,8.5,0.241625,11.0,152.0,21.283250000000002
Juvenile Idiopathic Arthritis,Humira,9.0,-0.09135714285714285,19.0,295.0,36.717285714285715
Juvenile Idiopathic Arthritis,Infliximab,9.0,0.2642857142857143,1.0,109.0,15.22857142857143
Juvenile Idiopathic Arthritis,Orencia,7.0,0.25708333333333333,9.0,21.0,7.214166666666667
Juvenile Idiopathic Arthritis,Remicade,9.0,0.2642857142857143,1.0,104.0,14.72857142857143
Juvenile Idiopathic Arthritis,Tocilizumab,9.0,0.575,16.0,14.0,9.35
Juvenile Rheumatoid Arthritis,Aleve,5.0,0.05,8.5,66.0,10.4
Juvenile Rheumatoid Arthritis,Azulfidine,5.0,0.2,8.0,2.0,4.2
Juvenile Rheumatoid Arthritis,Celecoxib,8.0,0.04333333333333332,16.0,109.0,17.386666666666667
Juvenile Rheumatoid Arthritis,Enbrel,7.875,0.0421940386002886,8.5,144.0,19.33438807720058
Juvenile Rheumatoid Arthritis,Etanercept,8.0,0.049328231292517004,6.857142857142857,152.0,19.870085034013606
Juvenile Rheumatoid Arthritis,Etodolac,10.0,0.29642857142857143,5.0,40.0,9.592857142857142
Juvenile Rheumatoid Arthritis,Meloxicam,1.0,0.0,9.0,250.0,27.2
Juvenile Rheumatoid Arthritis,Naproxen,3.6666666666666665,-0.3,6.0,308.0,32.86666666666667
Juvenile Rheumatoid Arthritis,Sulfasalazine,5.0,0.2,8.0,47.0,8.7
Juvenile Rheumatoid Arthritis,Sulindac,9.0,-0.043181818181818175,1.0,15.0,5.213636363636364
Keratitis,Loteprednol,5.0,0.5,0.0,12.0,4.2
Keratoconjunctivitis Sicca,Cyclosporine,4.7407407407407405,0.08426985351753871,25.48148148148148,34.0,10.56113229962767
Keratoconjunctivitis Sicca,Restasis,6.0,0.07802009879067333,28.785714285714285,31.0,11.413183054724204
Keratosis,Aldara,9.25,0.03439078282828283,16.5,27.0,9.768781565656568
Keratosis,Carac,9.4,0.022229253633271513,120.8,15.0,29.464458507266542
Keratosis,Collagenase,7.0,0.6,8.0,1.0,5.699999999999999
Keratosis,Diclofenac,4.75,-0.021488095238095233,16.25,482.0,53.30702380952381
Keratosis,Efudex,7.636363636363637,0.06927381993006994,110.72727272727273,23.0,27.638547639860143
Keratosis,Fluorouracil,8.333333333333334,0.04415133497248453,85.70833333333333,63.0,26.863302669944968
Keratosis,Imiquimod,7.0,0.052681975837718734,19.275862068965516,150.0,21.76053636546854
Keratosis,Ingenol,8.0,0.030000000000000006,78.0,3.0,19.160000000000004
Keratosis,Picato,8.0,0.030000000000000006,78.0,3.0,19.160000000000004
Keratosis,Solaraze,5.333333333333333,0.010138888888888887,19.0,3.0,6.253611111111112
Keratosis,Zyclara,7.28,0.023484357929652047,24.04,26.0,10.366968715859304
Kidney Infections,Amoxicillin / clavulanate,5.5,0.08973214285714287,12.5,321.0,36.979464285714286
Kidney Infections,Augmentin,5.5,0.30625,24.5,169.0,24.612500000000004
Kidney Infections,Bactrim,5.571428571428571,-0.0666791708709002,13.428571428571429,212.0,25.980927372543917
Kidney Infections,Bactrim DS,3.0,-0.1845703125,7.5,136.0,15.930859375
Kidney Infections,Ceftriaxone,10.0,0.03125,4.0,52.0,10.0625
Kidney Infections,Cephalexin,8.0,-0.0049373196248196135,30.22222222222222,155.0,24.734569805194806
Kidney Infections,Cipro,4.636363636363637,-0.1548016377561832,35.09090909090909,165.0,25.06312399721491
Kidney Infections,Ciprofloxacin,4.794117647058823,-0.08073304890137872,23.294117647058822,361.0,42.51500449043254
Kidney Infections,Hiprex,10.0,0.11082251082251081,9.0,12.0,7.221645021645021
Kidney Infections,Keflex,10.0,-0.12607142857142856,58.0,34.0,18.747857142857143
Kidney Infections,Levaquin,7.3,-0.07432108695176877,23.9,202.0,27.751357826096466
Kidney Infections,Levofloxacin,6.818181818181818,-0.0711462743332578,22.545454545454547,327.0,39.79407108769713
Kidney Infections,Methenamine,10.0,0.11082251082251081,9.0,18.0,7.821645021645021
Kidney Infections,Piperacillin / tazobactam,7.0,-0.14583333333333334,1.0,1.0,2.808333333333334
Kidney Infections,Rocephin,1.0,0.7,9.0,52.0,8.8
Kidney Infections,Septra,2.0,0.1,4.0,11.0,2.9000000000000004
Kidney Infections,Septra DS,5.5,0.059659090909090905,15.5,19.0,7.319318181818183
Kidney Infections,Sulfamethoxazole / trimethoprim,4.294117647058823,-0.09647356854424384,8.882352941176471,527.0,56.001170509970336
Kidney Infections,Zosyn,7.0,-0.14583333333333334,1.0,2.0,2.908333333333334
Klinefelter Syndrome,Testosterone,10.0,0.015530303030303026,9.0,278.0,33.63106060606061
Labor Induction,Cervidil,2.75,-0.06921875,10.0,4.0,3.3615625000000002
Labor Induction,Dinoprostone,4.5,-0.013437499999999998,0.0,2.0,1.973125
Labor Induction,Misoprostol,8.0,0.014010989010989008,3.0,6.0,4.428021978021978
Labor Induction,Oxytocin,10.0,0.6238095238095238,16.0,1.0,8.547619047619047
Labor Pain,Butorphanol,7.416666666666667,0.1264349010003307,4.333333333333333,33.0,7.386203135333995
Labor Pain,Naropin Polyamp,1.0,-0.6999999999999998,0.0,1.0,-0.8999999999999997
Labor Pain,Ropivacaine,1.0,-0.6999999999999998,0.0,1.0,-0.8999999999999997
Labor Pain,Stadol,6.5,0.08673082010582013,4.2,28.0,6.41346164021164
Lactation Augmentation,Metoclopramide,6.8,0.2810661175244509,4.2,143.0,18.422132235048903
Lactation Augmentation,Reglan,5.25,0.10850620039682542,4.0,99.0,13.01701240079365
Lactose Intolerance,Lactaid,5.166666666666667,0.0722093517015392,16.5,6.0,6.111085370069745
Lactose Intolerance,Lactase,4.333333333333333,0.045238273734367486,8.75,12.0,4.773809880802069
Left Ventricular Dysfunction,Benazepril,8.0,0.08416666666666665,18.0,10.0,7.968333333333334
Left Ventricular Dysfunction,Carvedilol,9.4,0.11994444444444445,32.8,67.0,17.259888888888888
Left Ventricular Dysfunction,Coreg,9.0,0.07180555555555557,32.0,28.0,12.943611111111112
Left Ventricular Dysfunction,Diovan,9.0,0.0,27.0,45.0,13.5
Left Ventricular Dysfunction,Enalapril,6.666666666666667,0.07460317460317462,13.666666666666666,9.0,6.449206349206349
Left Ventricular Dysfunction,Metoprolol,6.5,0.04395833333333333,12.5,215.0,26.687916666666666
Left Ventricular Dysfunction,Toprol-XL,8.0,0.16791666666666666,9.0,38.0,9.135833333333334
Left Ventricular Dysfunction,Valsartan,9.5,0.0,29.0,69.0,16.5
Legionella Pneumonia,Clarithromycin,1.0,-0.7666666666666666,2.0,291.0,28.366666666666667
Lennox-Gastaut Syndrome,Banzel,10.0,-0.07961309523809522,7.333333333333333,3.0,5.607440476190477
Lennox-Gastaut Syndrome,Clobazam,7.8,0.07455555555555557,13.8,7.0,6.729111111111112
Lennox-Gastaut Syndrome,Felbamate,10.0,0.025000000000000005,0.0,5.0,4.55
Lennox-Gastaut Syndrome,Felbatol,10.0,0.025000000000000005,0.0,5.0,4.55
Lennox-Gastaut Syndrome,Onfi,6.0,0.049555555555555575,14.4,5.0,5.879111111111111
Lennox-Gastaut Syndrome,Rufinamide,10.0,0.07729166666666668,9.2,5.0,6.494583333333333
Leukemia,Dasatinib,5.5,0.016059027777777783,7.0,14.0,5.032118055555556
Leukemia,Prednisone,9.0,-0.21714285714285717,11.0,289.0,34.26571428571429
Leukemia,Sprycel,10.0,0.09999999999999999,14.0,9.0,7.9
Leukocytoclastic Vasculitis,Dapsone,5.0,0.06875,9.5,136.0,17.637500000000003
Lewy Body Dementia,Donepezil,9.333333333333334,-0.029981634527089063,26.333333333333332,32.0,12.140036730945823
Lichen Planus,Clobetasol,10.0,0.05138888888888889,9.5,60.0,12.002777777777778
Lichen Planus,Clobex,10.0,0.0,32.0,24.0,12.8
Lichen Planus,Fluocinonide,10.0,-0.0375,27.5,26.0,12.025
Lichen Planus,Kenalog-40,6.0,-1.0,6.0,12.0,2.8000000000000007
Lichen Planus,Prednisone,9.333333333333334,-0.22545454545454544,13.0,289.0,34.78242424242424
Lichen Planus,Triamcinolone,3.5,-0.5,9.0,110.0,13.2
Lichen Sclerosus,Betamethasone,9.0,0.0,1.0,19.0,5.7
Lichen Sclerosus,Clobetasol,8.75,0.1177136752136752,17.5,60.0,13.23542735042735
Lichen Sclerosus,Clobex,10.0,0.0,15.0,24.0,9.4
Lichen Sclerosus,Cutivate,9.5,0.3829365079365079,18.0,3.0,8.465873015873017
Lichen Sclerosus,Fluocinolone,10.0,0.6,26.0,7.0,11.1
Lichen Sclerosus,Fluticasone,9.5,0.3829365079365079,18.0,111.0,19.26587301587302
Lichen Sclerosus,Prednisone,9.0,0.07999999999999999,25.0,289.0,37.660000000000004
Lichen Sclerosus,Synalar,10.0,0.6,26.0,2.0,10.6
Light Anesthesia,Diazepam,9.0,0.34694444444444444,11.0,322.0,38.69388888888889
Light Anesthesia,Lorazepam,10.0,0.1416666666666667,12.333333333333334,429.0,49.650000000000006
Light Anesthesia,Midazolam,5.071428571428571,0.11046812574236044,9.714285714285714,27.0,6.892364822913293
Light Anesthesia,Versed,3.7,0.14090946454339312,11.1,23.0,6.281818929086787
Light Sedation,Chlordiazepoxide,7.0,-0.006666666666666654,11.333333333333334,90.0,14.053333333333335
Light Sedation,Chlorpromazine,10.0,0.16933333333333334,18.333333333333332,33.0,11.305333333333333
Light Sedation,Demerol,7.5,0.04712868480725623,21.0,40.0,11.294257369614513
Light Sedation,Diazepam,8.5,0.5133333333333334,16.0,322.0,39.82666666666667
Light Sedation,Librium,7.0,-0.006666666666666654,11.333333333333334,79.0,12.953333333333335
Light Sedation,Meperidine,6.666666666666667,0.1261111111111111,24.0,47.0,12.41888888888889
Light Sedation,Midazolam,6.25,0.14226752645502647,11.416666666666666,27.0,7.767868386243387
Light Sedation,Phenergan,8.0,0.31146957671957676,26.6,67.0,15.842939153439154
Light Sedation,Promethazine,6.833333333333333,0.2666181657848325,23.166666666666668,129.0,20.799902998236334
Light Sedation,Secobarbital,10.0,0.7125,19.0,4.0,9.625
Light Sedation,Thorazine,7.0,0.14433333333333334,14.333333333333334,25.0,8.455333333333334
Light Sedation,Valium,10.0,0.9533333333333335,31.0,157.0,27.80666666666667
Light Sedation,Versed,4.833333333333333,0.09647817460317461,12.0,23.0,6.826289682539683
Linear IgA Disease,Dapsone,10.0,0.1360416666666667,9.0,136.0,19.672083333333333
Lipodystrophy,Egrifta,6.25,-0.12049988328664801,21.25,4.0,6.909000233426704
Lipodystrophy,Tesamorelin,7.666666666666667,-0.06879084967320262,18.666666666666668,3.0,6.962418300653595
Liver Magnetic Resonance Imaging,Eovist,10.0,0.05555555555555555,2.0,1.0,4.611111111111111
Liver Magnetic Resonance Imaging,Gadoxetate disodium,1.0,0.0,1.0,1.0,0.7000000000000001
Local Anesthesia,Bupivacaine,9.0,0.1,6.5,3.0,5.4
Local Anesthesia,Dibucaine,10.0,0.29854910714285715,17.0,6.0,8.597098214285715
Local Anesthesia,Marcaine,8.0,0.2,9.0,1.0,5.5
Local Anesthesia,Mepivacaine,4.5,-0.3849999999999999,3.5,2.0,1.9300000000000004
Local Anesthesia,Nupercainal,10.0,0.29854910714285715,17.0,5.0,8.497098214285714
Local Anesthesia,Polocaine,8.0,-0.06999999999999999,4.0,1.0,3.9600000000000004
Local Anesthesia,Sensorcaine-MPF,10.0,0.20833333333333334,6.0,1.0,5.716666666666667
Lyme Disease,Ceftin,8.0,0.22233116883116882,17.6,25.0,9.664662337662339
Lyme Disease,Ceftriaxone,9.0,1.0,0.0,52.0,10.8
Lyme Disease,Cefuroxime,7.5,0.20291396103896106,22.0,53.0,13.105827922077923
Lyme Disease,Doxy 100,1.0,0.11904761904761903,15.0,14.0,5.038095238095238
Lyme Disease,Doxycycline,7.916666666666667,0.04418368193023627,31.583333333333332,627.0,72.27170069719381
"Lyme Disease, Arthritis",Doxycycline,5.0,-0.1125,1.0,627.0,64.675
"Lyme Disease, Arthritis",Hydroxychloroquine,8.75,0.27786195286195287,42.5,114.0,23.955723905723907
"Lyme Disease, Arthritis",Plaquenil,9.666666666666666,0.3829826038159372,56.0,59.0,21.73263187429854
"Lyme Disease, Neurologic",Bicillin L-A,10.0,0.3261363636363636,14.0,3.0,7.752272727272728
"Lyme Disease, Neurologic",Ceftriaxone,1.0,-0.03941326530612245,1.0,52.0,5.721173469387756
"Lyme Disease, Neurologic",Doryx,7.0,0.13749999999999998,11.0,49.0,10.175
"Lyme Disease, Neurologic",Doxy 100,9.0,-0.051785714285714296,10.0,14.0,6.896428571428572
"Lyme Disease, Neurologic",Doxycycline,8.2,0.05164285714285712,10.4,627.0,68.16328571428572
"Lyme Disease, Neurologic",Penicillin g benzathine,9.0,0.2207792207792208,15.0,3.0,7.341558441558441
"Lyme Disease, Neurologic",Rocephin,4.5,0.0003454506802721066,2.5,52.0,7.500690901360544
Lymphocytic Colitis,Asacol,8.5,-0.020358891949801037,35.0,35.0,13.859282216100398
Lymphocytic Colitis,Mesalamine,9.5,0.054861111111111124,32.0,179.0,28.209722222222226
Lymphoma,Adriamycin,4.0,0.4861111111111111,9.0,3.0,4.6722222222222225
Lymphoma,Chlorambucil,7.0,-0.2253298611111111,0.0,2.0,2.549340277777778
Lymphoma,Dexamethasone,10.0,0.0,8.0,45.0,10.1
Lymphoma,Dexasone,10.0,0.0,8.0,1.0,5.699999999999999
Lymphoma,Doxorubicin,4.0,0.4861111111111111,9.0,3.0,4.6722222222222225
Lymphoma,Leukeran,7.0,-0.2253298611111111,0.0,3.0,2.649340277777778
Lymphoma,Methotrexate,2.0,0.0,2.0,121.0,13.3
Lymphoma,Prednisone,4.0,-0.0009259259259259226,12.0,289.0,32.89814814814815
Macular Degeneration,Aflibercept,5.666666666666667,0.08854293854293854,7.333333333333333,7.0,4.610419210419211
Macular Degeneration,Avastin,10.0,-0.06666666666666664,41.0,15.0,13.566666666666668
Macular Degeneration,Bevacizumab,10.0,-0.026028138528138515,20.5,17.0,9.747943722943724
Macular Degeneration,Eylea,7.0,0.10432093947718948,53.25,7.0,14.35864187895438
Macular Degeneration,Lucentis,9.0,0.2094153254153254,35.0,5.0,11.518830650830651
Macular Degeneration,Macugen,9.0,0.10416666666666667,2.0,1.0,4.308333333333334
Macular Degeneration,Ranibizumab,6.666666666666667,0.0929504985754986,36.333333333333336,5.0,10.619234330484332
Macular Edema,Aflibercept,3.0,0.25,0.0,7.0,2.4000000000000004
Macular Edema,Dexamethasone,1.0,-0.125,3.0,45.0,5.25
Macular Edema,Eylea,3.0,0.25,0.0,7.0,2.4000000000000004
Macular Edema,Lucentis,5.5,-0.109375,14.5,5.0,5.3812500000000005
Macular Edema,Ranibizumab,5.5,-0.109375,14.5,5.0,5.3812500000000005
Major Depressive Disorde,Abilify,6.555555555555555,0.11285932372052458,15.722222222222221,446.0,50.592385314107716
Major Depressive Disorde,Aplenzin,10.0,0.3051948051948052,15.0,6.0,8.21038961038961
Major Depressive Disorde,Aripiprazole,5.863636363636363,0.053551085555733687,12.477272727272727,500.0,54.94801126202056
Major Depressive Disorde,Brexpiprazole,6.159420289855072,0.0836342829216373,34.072463768115945,95.0,18.945529435408492
Major Depressive Disorde,Budeprion XL,9.5,0.15064334869384766,18.5,19.0,9.701286697387696
Major Depressive Disorde,Bupropion,7.0701754385964914,0.07349304402418408,36.68421052631579,1022.0,112.51189836875012
Major Depressive Disorde,Cymbalta,5.774193548387097,0.022406642544690356,17.451612903225808,864.0,92.24481328508939
Major Depressive Disorde,Desvenlafaxine,5.230769230769231,0.01688809241942376,13.26923076923077,582.0,62.9799300309927
Major Depressive Disorde,Desyrel,4.0,0.21818181818181817,27.0,27.0,10.136363636363637
Major Depressive Disorde,Doxepin,10.0,0.9,55.0,171.0,33.900000000000006
Major Depressive Disorde,Duloxetine,7.0606060606060606,0.11864534723794719,21.727272727272727,934.0,100.80698766417287
Major Depressive Disorde,Effexor,6.473684210526316,-0.05773068255011625,26.157894736842106,265.0,34.20559126647871
Major Depressive Disorde,Effexor XR,6.864864864864865,0.006500905525327803,19.594594594594593,399.0,46.57786667591553
Major Depressive Disorde,Emsam,8.0,0.14431818181818182,25.0,16.0,10.088636363636363
Major Depressive Disorde,Escitalopram,7.0,0.026671232812467666,20.02127659574468,1292.0,136.0575977847739
Major Depressive Disorde,Fetzima,5.551020408163265,0.02458121080486896,23.632653061224488,86.0,15.59610119711994
Major Depressive Disorde,Fluoxetine,7.71875,0.1237109296830833,26.71875,766.0,85.27867185936617
Major Depressive Disorde,Fluoxetine / olanzapine,8.25,0.06114120370370371,6.25,40.0,8.672282407407408
Major Depressive Disorde,Levomilnacipran,5.411764705882353,0.02520265709743962,24.980392156862745,101.0,17.31118962792037
Major Depressive Disorde,Lexapro,7.185185185185185,0.0480015869222853,28.85185185185185,952.0,103.94044761828901
Major Depressive Disorde,Ludiomil,10.0,0.5,13.0,2.0,7.8
Major Depressive Disorde,Maprotiline,10.0,0.5,13.0,5.0,8.1
Major Depressive Disorde,Mirtazapine,6.825,0.11109414457942968,29.625,546.0,63.47718828915886
Major Depressive Disorde,Nefazodone,9.5,0.059717261904761905,21.5,22.0,10.419434523809525
Major Depressive Disorde,Olanzapine,6.2727272727272725,0.0668395167542895,13.545454545454545,278.0,33.1518608516904
Major Depressive Disorde,Paroxetine,6.533333333333333,0.08823159332250241,13.6,645.0,70.00979651997834
Major Depressive Disorde,Paxil,9.0,0.08164116817525907,26.923076923076923,457.0,54.8478977209659
Major Depressive Disorde,Pristiq,6.6923076923076925,0.06787074190939926,14.26923076923077,548.0,60.46651071458803
Major Depressive Disorde,Prozac,7.105263157894737,0.08026970056972871,34.26315789473684,472.0,57.05527624324472
Major Depressive Disorde,Prozac Weekly,10.0,0.06290719696969696,22.0,2.0,8.725814393939395
Major Depressive Disorde,Quetiapine,6.0,0.1183147646199117,9.176470588235293,831.0,87.57192364688689
Major Depressive Disorde,Remeron,7.2727272727272725,0.1508616248943384,54.81818181818182,127.0,26.87445052251595
Major Depressive Disorde,Rexulti,6.754385964912281,0.1067907348918744,39.07017543859649,83.0,19.02937094346796
Major Depressive Disorde,Selegiline,8.0,0.14431818181818182,25.0,26.0,11.088636363636363
Major Depressive Disorde,Seroquel XR,6.666666666666667,0.2020486987934905,14.666666666666666,126.0,18.604097397586983
Major Depressive Disorde,Sertraline,6.910714285714286,0.06251334452976945,19.125,1360.0,142.71431240334525
Major Depressive Disorde,Serzone,9.0,0.01214285714285715,26.0,9.0,9.724285714285715
Major Depressive Disorde,Symbyax,8.5,0.16490740740740742,8.5,37.0,9.129814814814814
Major Depressive Disorde,Trazodone,7.0,0.04660162052510398,27.166666666666668,584.0,66.72653657438354
Major Depressive Disorde,Trintellix,6.298013245033113,0.07114699048601732,34.48344370860927,395.0,49.058188020707135
Major Depressive Disorde,Venlafaxine,6.797752808988764,0.005478007453814132,17.97752808988764,1016.0,107.92556275648067
Major Depressive Disorde,Viibryd,5.328947368421052,0.038458088710931905,30.855263157894736,375.0,45.879547756369234
Major Depressive Disorde,Vilazodone,5.128205128205129,0.0242855793158962,30.346153846153847,427.0,50.86908397914462
Major Depressive Disorde,Vortioxetine,6.503105590062112,0.07951283059048367,29.0,507.0,59.260267897205814
Major Depressive Disorde,Wellbutrin,7.161290322580645,0.10777568624668957,44.225806451612904,281.0,40.02522879184822
Major Depressive Disorde,Wellbutrin SR,7.6923076923076925,0.09862310183988507,32.46153846153846,73.0,17.06647697291054
Major Depressive Disorde,Wellbutrin XL,7.055555555555555,0.07386488987906813,48.666666666666664,202.0,32.9032853353137
Major Depressive Disorde,Zoloft,7.127659574468085,0.09585948844335938,28.425531914893618,805.0,89.22788918965267
Major Depressive Disorde,Zyprexa,6.25,0.08220715337902838,19.5,167.0,23.264414306758056
Malaria,Artemether / lumefantrine,9.666666666666666,0.5148148148148148,6.333333333333333,3.0,6.462962962962963
Malaria,Atovaquone / proguanil,10.0,0.0025000000000000022,4.0,16.0,6.404999999999999
Malaria,Coartem,9.5,0.65,6.5,2.0,6.6000000000000005
Malaria,Doxy 100,10.0,0.040999999999999995,7.0,14.0,6.882000000000001
Malaria,Doxycycline,7.5,-0.07325000000000001,6.0,627.0,66.7535
Malaria,Fansidar,10.0,0.35714285714285715,4.0,1.0,5.614285714285714
Malaria,Lariam,5.5,-0.3692857142857142,2.0,6.0,2.4614285714285717
Malaria,Malarone,7.0,0.007857142857142849,3.3333333333333335,18.0,5.282380952380953
Malaria,Mefloquine,5.5,-0.3692857142857142,2.0,10.0,2.8614285714285717
Malaria,Pyrimethamine / sulfadoxine,10.0,0.35714285714285715,4.0,1.0,5.614285714285714
Malaria Prevention,Atovaquone / proguanil,5.571428571428571,0.08199433457956186,12.642857142857142,16.0,6.52113152630198
Malaria Prevention,Daraprim,10.0,-0.28452380952380957,0.0,1.0,3.530952380952381
Malaria Prevention,Doxycycline,3.0,0.023333333333333373,1.5,627.0,64.24666666666667
Malaria Prevention,Lariam,5.5,-0.11467171717171717,6.75,6.0,3.9206565656565657
Malaria Prevention,Malarone,6.2,0.05580159458947339,11.866666666666667,18.0,6.76493652251228
Malaria Prevention,Mefloquine,4.875,-0.01018217893217894,8.5,10.0,4.629635642135643
Malaria Prevention,Pyrimethamine,10.0,-0.28452380952380957,0.0,1.0,3.530952380952381
Malignant Glioma,Avastin,9.0,0.0,37.0,15.0,12.5
Malignant Glioma,Bevacizumab,9.0,0.0,37.0,17.0,12.7
Mania,Chlorpromazine,4.75,0.05636111111111112,12.25,33.0,7.762722222222223
Mania,Depakote,7.3,0.13918799903799906,63.2,153.0,31.138375998076
Mania,Depakote ER,8.0,0.071875,19.5,47.0,11.943750000000001
Mania,Depakote Sprinkles,9.0,0.21306818181818182,14.0,1.0,6.926136363636363
Mania,Divalproex sodium,7.333333333333333,0.05627511482707562,46.53333333333333,235.0,35.852550229654156
Mania,Haldol,2.6666666666666665,-0.1966931216931217,6.666666666666667,19.0,3.9066137566137566
Mania,Haloperidol,5.0,-0.012916666666666653,11.666666666666666,49.0,9.2075
Mania,Lithium,7.125,0.007112043049543049,35.5,173.0,27.264224086099087
Mania,Risperdal,8.0,0.04166666666666669,24.333333333333332,116.0,19.75
Mania,Risperidone,9.0,0.15,23.0,240.0,32.5
Mania,Stavzor,10.0,0.26666666666666666,23.0,1.0,9.233333333333333
Mania,Thorazine,5.5,-0.04027777777777777,19.0,25.0,8.419444444444444
Manscaping Pain,Lidocaine,10.0,1.0,1.0,95.0,15.7
Melanoma,Interferon alfa-2b,10.0,0.0,0.0,2.0,4.2
Melanoma,Keytruda,1.0,-0.022222222222222216,5.0,6.0,1.9555555555555557
Melanoma,Nivolumab,1.0,0.19196969696969698,20.0,19.0,6.6839393939393945
Melanoma,Opdivo,10.0,0.15714285714285717,2.0,12.0,5.914285714285715
Melanoma,Pembrolizumab,1.0,-0.022222222222222216,5.0,10.0,2.3555555555555556
"Melanoma, Metastatic",Dabrafenib,9.0,0.175,8.0,1.0,5.65
"Melanoma, Metastatic",Keytruda,7.0,0.049446740128558334,14.0,6.0,6.298893480257117
"Melanoma, Metastatic",Mekinist,9.0,0.13333333333333333,12.0,1.0,6.366666666666667
"Melanoma, Metastatic",Pembrolizumab,7.5,0.17881563196904107,15.75,10.0,7.507631263938082
"Melanoma, Metastatic",Tafinlar,9.0,0.175,8.0,1.0,5.65
"Melanoma, Metastatic",Temodar,5.0,0.04711399711399711,9.5,6.0,4.594227994227994
"Melanoma, Metastatic",Temozolomide,5.0,0.04711399711399711,9.5,9.0,4.894227994227995
"Melanoma, Metastatic",Trametinib,9.0,0.13333333333333333,12.0,1.0,6.366666666666667
"Melanoma, Metastatic",Vemurafenib,6.25,-0.09651782981328437,14.0,4.0,5.5069643403734325
"Melanoma, Metastatic",Zelboraf,7.0,-0.004060810121416185,18.333333333333332,3.0,6.758545046423834
Melasma,Fluocinolone / hydroquinone / tretinoin,8.894736842105264,0.18177379450775832,31.210526315789473,38.0,13.96354758901552
Melasma,Tranexamic acid,5.5,-0.003333333333333315,0.0,80.0,10.193333333333333
Melasma,Tri-Luma,8.78125,0.10951311432707916,28.84375,32.0,12.700276228654158
Meniere's Disease,Diazepam,9.714285714285714,0.030797094770309057,36.714285714285715,322.0,43.49016561811205
Meniere's Disease,Valium,9.833333333333334,0.037648809523809515,66.16666666666667,157.0,32.94196428571429
Meningitis,Ampicillin,10.0,0.109375,14.0,2.0,7.218750000000001
Meningitis,Vancocin,7.0,0.07418898809523809,3.0,1.0,3.6483779761904764
Meningitis,Vancomycin,7.0,0.07418898809523809,3.0,18.0,5.348377976190476
"Meningitis, Meningococcal",Meningococcal group B vaccine,7.0,0.0,0.0,1.0,2.9000000000000004
Meningococcal Meningitis Prophylaxis,Menactra,1.0,0.0,1.0,1.0,0.7000000000000001
Menopausal Disorders,Esterified estrogens / methyltestosterone,10.0,0.1706873126873127,31.0,8.0,11.341374625374627
Menopausal Disorders,Estratest H.S.,10.0,0.06229673104673105,30.25,5.0,10.674593462093462
Menorrhagia,Dienogest / estradiol,7.625,0.027408825549450563,4.75,32.0,7.254817651098901
Menorrhagia,Lysteda,8.875,-0.0025471005001489033,56.166666666666664,33.0,18.078239132333035
Menorrhagia,Natazia,7.166666666666667,0.020051366843033526,4.166666666666667,35.0,7.240102733686068
Menorrhagia,Tranexamic acid,8.380952380952381,0.02088753598622481,43.476190476190474,80.0,20.089394119591496
Menstrual Disorders,Dasetta 7 / 7 / 7,5.0,-0.09270833333333332,0.0,1.0,1.9145833333333335
Menstrual Disorders,Drospirenone / ethinyl estradiol,5.553846153846154,-0.003853804041238474,6.2615384615384615,890.0,92.46613854576367
Menstrual Disorders,Ethinyl estradiol / norethindrone,5.494623655913978,0.004535151336715236,7.440860215053763,2850.0,288.69509180804977
Menstrual Disorders,Gianvi,5.416666666666667,0.05771886581782415,5.416666666666667,133.0,16.66543773163565
Menstrual Disorders,Gildess Fe 1 / 20,7.5,0.23240646258503403,2.5,175.0,21.46481292517007
Menstrual Disorders,Junel 1.5 / 30,1.0,0.042361111111111106,0.0,5.0,0.9847222222222223
Menstrual Disorders,Junel Fe 1 / 20,4.25,-0.002535256267749255,3.5833333333333335,220.0,24.411596154131168
Menstrual Disorders,Loestrin 21 1 / 20,8.0,0.08888888888888893,5.0,16.0,5.977777777777778
Menstrual Disorders,Loestrin 24 Fe,5.9,-0.005862630934210694,13.4,486.0,53.62827473813158
Menstrual Disorders,Loryna,3.875,0.0013717994967995042,2.875,43.0,6.427743598993599
Menstrual Disorders,Lysteda,7.444444444444445,0.046953005167414893,41.22222222222222,33.0,14.616128232557054
Menstrual Disorders,Microgestin 1 / 20,4.666666666666667,0.08287037037037037,5.333333333333333,38.0,6.899074074074074
Menstrual Disorders,Microgestin 1.5 / 30,8.0,0.032407407407407406,0.0,2.0,3.4648148148148152
Menstrual Disorders,Microgestin Fe 1 / 20,6.823529411764706,0.022073198835416887,11.235294117647058,392.0,44.22061698590613
Menstrual Disorders,Microgestin Fe 1.5 / 30,6.333333333333333,0.0031979209062542543,4.666666666666667,57.0,9.173062508479175
Menstrual Disorders,Necon 1 / 35,4.5,-0.5409090909090909,6.5,24.0,4.418181818181819
Menstrual Disorders,Necon 7 / 7 / 7,8.0,0.28295454545454546,0.0,2.0,3.9659090909090913
Menstrual Disorders,Nortrel 1 / 35,8.0,0.14097222222222222,7.5,16.0,6.581944444444444
Menstrual Disorders,Ocella,6.454545454545454,0.04962697182867637,4.181818181818182,95.0,13.01743576183917
Menstrual Disorders,Tranexamic acid,7.633333333333334,0.04591632984106942,27.166666666666668,80.0,16.578499326348805
Menstrual Disorders,Vestura,1.0,-0.6666666666666666,0.0,4.0,-0.5333333333333332
Menstrual Disorders,Yasmin,6.454545454545454,-0.01907794462481962,13.636363636363637,171.0,22.37093501984127
Menstrual Disorders,Yaz,5.448275862068965,-0.05603757385653936,4.448275862068965,344.0,37.3568903695283
Methicillin-Resistant Staphylococcus Aureus Infection,Linezolid,8.88888888888889,0.06752418029501366,21.444444444444443,16.0,9.579492805034471
Methicillin-Resistant Staphylococcus Aureus Infection,Vancomycin,10.0,0.09999999999999999,12.0,18.0,8.4
Methicillin-Resistant Staphylococcus Aureus Infection,Zyvox,9.11111111111111,0.09844405076845554,21.666666666666668,17.0,9.87466587931469
Microscopic polyangiitis,Rituximab,2.0,0.14625,0.0,58.0,6.892500000000001
Migraine,Acetaminophen / aspirin / caffeine,7.582278481012659,0.10569260644022767,9.341772151898734,87.0,13.812651035665267
Migraine,Acetaminophen / aspirin / caffeine / salicylamide,10.0,0.28869047619047616,5.5,3.0,5.977380952380952
Migraine,Almotriptan,8.789473684210526,0.130930454779139,7.631578947368421,19.0,7.203966172716173
Migraine,Alsuma,10.0,0.06423160173160171,9.0,1.0,6.028463203463203
Migraine,Amerge,9.357142857142858,0.12744121958917878,16.214285714285715,14.0,8.640596724892644
Migraine,Amrix,5.0,-0.01728395061728395,18.0,35.0,9.065432098765433
Migraine,Aspirin / butalbital / caffeine,8.214285714285714,0.07224042780962424,17.80952380952381,63.0,13.292099903238297
Migraine,Axert,9.25,0.08744345584970585,8.5,20.0,7.574886911699412
Migraine,Botox,6.0,-0.06764725736530249,5.571428571428571,160.0,19.37899119955511
Migraine,Butalbital Compound,9.444444444444445,0.22069444444444444,15.333333333333334,11.0,8.385833333333334
Migraine,Cafergot,8.6,0.1297821468654802,12.0,9.0,6.999564293730961
Migraine,Caffeine / ergotamine,9.0,0.0952275450886562,8.133333333333333,19.0,7.31712175684398
Migraine,Cambia,8.928571428571429,0.03930366591080876,26.285714285714285,14.0,10.307178760393047
Migraine,Cyclobenzaprine,6.133333333333334,0.052867673992673996,30.6,275.0,36.17906868131868
Migraine,Cyproheptadine,6.4,0.0738452263675478,19.55,92.0,15.817690452735096
Migraine,D.H.E. 45,9.5,0.13785714285714284,6.5,5.0,5.8757142857142854
Migraine,Diclofenac,8.238095238095237,0.06570572523449507,19.904761904761905,482.0,55.60760192665947
Migraine,Dihydroergotamine,7.277777777777778,0.13478057526321416,9.38888888888889,22.0,7.258450039415318
Migraine,Eletriptan,8.552941176470588,0.09179891661760535,10.635294117647058,85.0,14.231833127352857
Migraine,Ergomar,9.0,0.3,8.0,1.0,5.9
Migraine,Ergotamine,6.333333333333333,0.1775,5.333333333333333,3.0,4.255
Migraine,Excedrin,8.0,-0.031129871701767113,5.555555555555555,13.0,5.548851367707576
Migraine,Fiorinal,8.25,0.06978630310661561,20.583333333333332,49.0,12.456239272879898
Migraine,Flexeril,7.0,0.10715330242673994,39.375,119.0,22.78930660485348
Migraine,Frova,9.185185185185185,0.03051485785071644,7.7407407407407405,27.0,7.983251937923655
Migraine,Frovatriptan,9.222222222222221,0.013741317604953972,8.148148148148149,27.0,8.046001153728426
Migraine,Gabapentin,7.830508474576271,0.07284628451948837,48.13559322033898,1047.0,117.60501460293729
Migraine,Goody's Extra-Strength Headache Powders,5.0,0.5,5.0,4.0,4.4
Migraine,Goody's Headache Powders,10.0,0.07500000000000002,0.0,1.0,4.25
Migraine,Imitrex,8.010309278350515,0.05485641845895617,11.195876288659793,114.0,16.95301180599008
Migraine,Imitrex Statdose,8.166666666666666,0.14770502645502645,2.6666666666666665,16.0,5.695410052910052
Migraine,Maxalt,8.871428571428572,0.058957815557379764,12.542857142857143,70.0,13.175058488257617
Migraine,Maxalt-MLT,8.973684210526315,0.1091638494926863,9.973684210526315,38.0,9.602538225301162
Migraine,Memantine,9.0,0.325625,21.0,18.0,10.25125
Migraine,Methergine,9.5,-0.004987373737373735,15.0,4.0,7.190025252525253
Migraine,Methylergonovine,9.666666666666666,0.09517571548821548,14.5,6.0,7.557018097643098
Migraine,Metoclopramide,4.883333333333334,-0.0403556452484732,11.55,143.0,18.48262204283639
Migraine,Migergot,10.0,0.09364868464868466,9.2,5.0,6.5272973692973695
Migraine,Migranal,7.076923076923077,0.12598494098494098,14.538461538461538,14.0,7.390431420431421
Migraine,Naproxen / sumatriptan,8.861538461538462,0.08823846972709153,6.661538461538462,65.0,11.55340001637726
Migraine,Naratriptan,8.875,0.1397489530583754,10.75,24.0,8.37949790611675
Migraine,Neurontin,8.466666666666667,0.042543462401795726,48.2,140.0,27.111753591470258
Migraine,Norflex,3.0,-0.041666666666666664,34.0,10.0,8.916666666666668
Migraine,OnabotulinumtoxinA,6.125,-0.033130969603009076,7.375,167.0,20.55873806079398
Migraine,Onzetra Xsail,5.5,-0.06013257575757573,2.5,2.0,2.779734848484849
Migraine,Orphenadrine,6.6,0.08503968253968254,19.4,21.0,8.790079365079364
Migraine,Reglan,4.2368421052631575,-0.044209802628900105,12.736842105263158,99.0,14.053685657900095
Migraine,Relpax,8.606382978723405,0.10130866984219157,10.659574468085106,95.0,15.277085424790766
Migraine,Rizatriptan,9.019867549668874,0.0663333834060308,9.688741721854305,153.0,20.978362131050474
Migraine,Sansert,10.0,-0.11785714285714287,10.0,1.0,5.864285714285714
Migraine,Sumatriptan,7.962616822429907,0.035782438709561215,8.836448598130842,269.0,31.923901326017255
Migraine,Sumavel DosePro,8.28,0.050401107166254226,7.16,30.0,7.844802214332509
Migraine,Treximet,9.017543859649123,0.05916426939964952,7.859649122807017,58.0,11.097275907220354
Migraine,Vanquish,10.0,0.1953125,0.0,1.0,4.490625
Migraine,Venlafaxine,4.0,0.026300691802585742,6.25,1016.0,104.50260138360518
Migraine,Zecuity,5.666666666666667,0.08256365128607777,10.333333333333334,3.0,4.7984606359054895
Migraine,Zolmitriptan,7.768115942028985,0.04682090291284133,5.898550724637682,71.0,11.480598327564813
Migraine,Zomig,7.595238095238095,0.06902260727523332,8.19047619047619,42.0,9.014235690740943
Migraine,Zomig-ZMT,7.7,0.07265079365079365,3.7,10.0,4.965301587301587
Migraine Prevention,Amitriptyline,7.845744680851064,0.06696255015501046,32.88297872340426,695.0,79.3488187173313
Migraine Prevention,Amlodipine,8.631578947368421,0.0858010371767626,31.63157894736842,179.0,27.85054944277458
Migraine Prevention,Atenolol,8.846153846153847,0.09319437804259233,28.923076923076923,114.0,20.90946567916211
Migraine Prevention,Baclofen,7.5,0.16210813492063492,33.75,159.0,25.97421626984127
Migraine Prevention,Benicar,9.666666666666666,0.14625,22.0,59.0,14.459166666666667
Migraine Prevention,Botox,6.810344827586207,0.01485725282012628,43.48275862068966,160.0,27.450404160812667
Migraine Prevention,Bupropion,5.0,0.12777777777777777,8.0,1022.0,106.05555555555556
Migraine Prevention,Calan,10.0,0.13416666666666666,66.0,4.0,17.868333333333332
Migraine Prevention,Calan SR,10.0,0.07,54.5,7.0,15.739999999999998
Migraine Prevention,Candesartan,4.0,-0.06958333333333332,12.333333333333334,17.0,5.6275
Migraine Prevention,Clonazepam,7.545454545454546,0.13893606393606395,30.636363636363637,831.0,92.52332667332668
Migraine Prevention,Clonidine,9.666666666666666,-0.0358333333333333,38.0,315.0,42.894999999999996
Migraine Prevention,Corgard,8.0,0.125,25.0,4.0,8.85
Migraine Prevention,Depakote,5.05,-0.11043233353947639,27.1,153.0,22.51913533292105
Migraine Prevention,Depakote ER,6.923076923076923,0.1074425542891452,27.153846153846153,47.0,13.114885108578292
Migraine Prevention,Divalproex sodium,6.2,0.03175032718040792,24.6,235.0,30.963500654360818
Migraine Prevention,Elavil,7.962962962962963,0.10214436416635492,42.25925925925926,116.0,23.441325765369747
Migraine Prevention,Inderal,7.944444444444445,0.1322329779274224,40.611111111111114,44.0,15.964465955854847
Migraine Prevention,Inderal LA,6.0,-0.028670634920634923,32.0,6.0,9.34265873015873
Migraine Prevention,InnoPran XL,9.5,0.01730555555555556,26.5,4.0,9.534611111111113
Migraine Prevention,Klonopin,7.25,0.14092300061050061,44.25,432.0,55.231846001221
Migraine Prevention,Lamotrigine,8.0,0.0623030753968254,13.25,591.0,65.07460615079366
Migraine Prevention,Lioresal,10.0,0.6510416666666665,46.0,14.0,15.902083333333335
Migraine Prevention,Lisinopril,8.9,0.13258071563852813,28.2,292.0,38.665161431277056
Migraine Prevention,Lyrica,8.75,0.27569444444444446,50.25,441.0,58.20138888888889
Migraine Prevention,Metoprolol,8.1,-0.05560418921356421,24.3,215.0,29.488791621572872
Migraine Prevention,Nadolol,7.3,0.025305444555444555,19.3,20.0,8.83061088911089
Migraine Prevention,Nardil,7.0,-0.12379426129426128,14.5,29.0,8.35241147741148
Migraine Prevention,Nimodipine,8.0,0.12,4.0,2.0,4.44
Migraine Prevention,Nortriptyline,8.163636363636364,0.03649956317882515,38.93636363636364,241.0,35.22572639908493
Migraine Prevention,Norvasc,8.0,-0.011249999999999996,57.5,44.0,19.0775
Migraine Prevention,Olmesartan,9.5,0.25687499999999996,33.0,75.0,18.41375
Migraine Prevention,OnabotulinumtoxinA,7.137931034482759,0.02968935122344951,43.827586206896555,167.0,28.380068357619315
Migraine Prevention,Pamelor,9.5,0.2934793244949495,89.75,18.0,24.1369586489899
Migraine Prevention,Phenelzine,7.0,-0.12379426129426128,14.5,30.0,8.452411477411477
Migraine Prevention,Pregabalin,8.25,0.1491344246031746,28.25,632.0,72.44826884920636
Migraine Prevention,Prinivil,8.0,0.08666666666666671,53.0,8.0,14.773333333333335
Migraine Prevention,Propranolol,7.650943396226415,0.03992259842648457,29.330188679245282,467.0,55.70626029119259
Migraine Prevention,Qudexy XR,3.0,0.18357142857142858,3.0,3.0,2.467142857142857
Migraine Prevention,Riboflavin,6.0,-0.06369949494949495,22.0,4.0,7.072601010101011
Migraine Prevention,Tenormin,8.0,0.0,55.0,13.0,15.5
Migraine Prevention,Topamax,6.346846846846847,0.020678128003701685,29.97747747747748,340.0,42.57559049024164
Migraine Prevention,Topiramate,6.149700598802395,0.01981593559536484,22.377245508982035,606.0,67.5749612125081
Migraine Prevention,Valproic acid,8.5,0.4,11.5,16.0,8.1
Migraine Prevention,Verapamil,8.233333333333333,0.061077068636096424,41.96666666666667,82.0,20.00882080393886
Migraine Prevention,Verelan,9.0,0.25,55.0,2.0,15.299999999999999
Migraine Prevention,Vitamin B2,5.666666666666667,-0.09328703703703704,22.0,3.0,6.780092592592593
Migraine Prevention,Wellbutrin,9.0,0.35,67.0,281.0,45.8
Migraine Prevention,Zonegran,7.545454545454546,-0.044153687221869034,49.18181818181818,28.0,15.566238080101718
Migraine Prevention,Zonisamide,6.75,0.0066032636345136385,34.45,53.0,14.90320652726903
Mild Cognitive Impairment,Aricept ODT,10.0,0.05909090909090908,114.0,2.0,27.118181818181817
Mild Cognitive Impairment,Donepezil,5.0,-0.10590277777777778,18.0,32.0,8.588194444444444
Mitral Valve Prolapse,Atenolol,9.75,0.4243452380952381,23.75,114.0,20.898690476190474
Mitral Valve Prolapse,Bystolic,9.25,0.13958671536796538,33.25,103.0,20.929173430735933
Mitral Valve Prolapse,Inderal,9.0,0.15833333333333333,12.0,44.0,10.716666666666669
Mitral Valve Prolapse,Metoprolol,8.444444444444445,0.1873971193415638,13.11111111111111,215.0,27.87479423868313
Mitral Valve Prolapse,Nebivolol,8.4,0.11166937229437231,33.8,117.0,22.043338744588745
Mitral Valve Prolapse,Propranolol,6.333333333333333,0.23333333333333336,5.333333333333333,467.0,50.766666666666666
Mitral Valve Prolapse,Tenormin,9.5,0.3561309523809524,36.0,13.0,13.012261904761907
Mitral Valve Prolapse,Toprol-XL,9.0,0.34,44.0,38.0,16.880000000000003
Mixed Connective Tissue Disease,Prednisone,8.5,0.10185185185185185,6.5,289.0,33.803703703703704
Mononucleosis,Acyclovir,10.0,0.09156746031746033,13.5,97.0,16.583134920634922
Motion Sickness,Benadryl Allergy,9.0,0.1875,17.0,17.0,9.075
Motion Sickness,Bonine,8.777777777777779,0.06986351969238874,31.11111111111111,26.0,12.47306037271811
Motion Sickness,Cyclizine,10.0,0.24340067340067342,28.4,8.0,10.966801346801347
Motion Sickness,Dimenhydrinate,9.263157894736842,0.25306546349779435,22.42105263157895,30.0,11.695604611206116
Motion Sickness,Diphenhydramine,9.0,0.1875,17.0,117.0,19.075000000000003
Motion Sickness,Dramamine,9.578947368421053,0.21776390832781808,29.0,27.0,12.767106764024057
Motion Sickness,Dramamine Less Drowsy,10.0,0.5,14.0,2.0,8.0
Motion Sickness,Marezine,10.0,-0.1,11.5,3.0,6.3999999999999995
Motion Sickness,Meclizine,8.555555555555555,0.009592346030475388,24.0,110.0,19.241406914283175
Motion Sickness,Phenergan,7.25,0.07966269841269842,15.25,67.0,12.809325396825397
Motion Sickness,Promethazine,7.285714285714286,0.20229591836734695,12.142857142857142,129.0,18.647448979591836
Motion Sickness,Scopolamine,7.362068965517241,0.026469918379695492,12.413793103448276,80.0,13.480526043655942
Motion Sickness,Transderm-Scop,6.95,0.020505470594566744,15.75,48.0,10.771010941189134
Motion Sickness,Travel-Eze,10.0,0.16224489795918368,4.0,1.0,5.224489795918367
Mountain Sickness / Altitude Sickness,Acetazolamide,9.166666666666666,0.08020061728395063,34.333333333333336,67.0,17.393734567901234
Mountain Sickness / Altitude Sickness,Diamox,10.0,-0.05416666666666667,63.0,25.0,18.991666666666667
Mucositis,Chlorhexidine,10.0,0.1541666666666667,21.0,10.0,9.508333333333333
Mucositis,NeutraSal,10.0,1.0,26.0,4.0,11.6
Mucositis,Saliva substitutes,9.5,0.4743210565476191,13.75,13.0,8.798642113095239
Multiple Endocrine Adenomas,Omeprazole,10.0,0.05714285714285715,0.0,90.0,13.114285714285714
Multiple Myeloma,Bortezomib,9.5,0.21208333333333335,20.5,2.0,8.524166666666666
Multiple Myeloma,Carfilzomib,1.0,0.1375,0.0,1.0,0.775
Multiple Myeloma,Dexamethasone,1.0,0.25,2.0,45.0,5.8
Multiple Myeloma,Lenalidomide,5.666666666666667,0.02568813131313133,26.666666666666668,3.0,7.951376262626264
Multiple Myeloma,Pomalidomide,10.0,0.1875,0.0,1.0,4.475
Multiple Myeloma,Pomalyst,10.0,0.1875,0.0,1.0,4.475
Multiple Myeloma,Revlimid,5.8,-0.001253787878787871,23.2,6.0,7.557492424242424
Multiple Myeloma,Velcade,9.5,0.21208333333333335,20.5,2.0,8.524166666666666
Multiple Myeloma,Vincristine,6.0,-0.2566666666666667,4.0,3.0,2.9866666666666672
Multiple Sclerosis,Acthar,6.0,0.34672619047619047,6.666666666666667,6.0,5.026785714285715
Multiple Sclerosis,Alemtuzumab,8.75,0.32100551110595754,28.5,4.0,10.242011022211916
Multiple Sclerosis,Amantadine,1.0,-0.137037037037037,22.0,20.0,6.525925925925926
Multiple Sclerosis,Ampyra,8.547619047619047,0.16346779148884366,68.0952380952381,42.0,21.565030821072927
Multiple Sclerosis,Aubagio,5.636363636363637,-0.005135849879624349,35.95454545454545,22.0,11.635182845695297
Multiple Sclerosis,Avonex,7.238095238095238,0.016496585425156855,18.666666666666668,21.0,8.761564599421742
Multiple Sclerosis,Avonex Pen,9.833333333333334,0.15125652356902355,3.1666666666666665,6.0,5.469179713804714
Multiple Sclerosis,Azathioprine,8.0,0.030555555555555575,3.0,44.0,8.261111111111113
Multiple Sclerosis,Betaseron,7.666666666666667,0.09127485169151835,8.333333333333334,3.0,5.21588303671637
Multiple Sclerosis,Copaxone,7.785714285714286,0.0475535103557983,37.67142857142857,70.0,17.743678449283024
Multiple Sclerosis,Corticotropin,7.166666666666667,0.3086996336996337,7.5,9.0,5.884065934065935
Multiple Sclerosis,Cyclophosphamide,3.0,-0.19374999999999998,1.0,7.0,1.7125000000000004
Multiple Sclerosis,Cytoxan,9.0,0.2872222222222222,10.0,5.0,6.674444444444444
Multiple Sclerosis,Dalfampridine,8.405405405405405,0.19410546574981097,64.48648648648648,37.0,20.34767039095908
Multiple Sclerosis,Decadron,10.0,-0.004166666666666666,19.0,12.0,8.991666666666667
Multiple Sclerosis,Dexamethasone,10.0,-0.004166666666666666,19.0,45.0,12.291666666666668
Multiple Sclerosis,Dimethyl fumarate,7.32,0.0395337744066099,23.04,25.0,10.11506754881322
Multiple Sclerosis,Fingolimod,7.5625,0.11524730276403115,53.895833333333336,48.0,18.83466127219473
Multiple Sclerosis,Gilenya,7.764705882352941,0.10739838904013607,60.13725490196079,51.0,20.448130111413608
Multiple Sclerosis,Glatiramer,7.7631578947368425,0.0692060611698269,38.48684210526316,76.0,18.541043701287023
Multiple Sclerosis,Glatopa,4.333333333333333,0.07979176379176378,6.666666666666667,3.0,3.5262501942501947
Multiple Sclerosis,H.P. Acthar Gel,3.0,0.11576345281702423,9.5,2.0,3.531526905634049
Multiple Sclerosis,Interferon beta-1a,7.980392156862745,0.058484716451978364,14.647058823529411,51.0,11.338538060354939
Multiple Sclerosis,Interferon beta-1b,8.0,0.08373391654641654,12.0,4.0,6.167467833092834
Multiple Sclerosis,Lemtrada,8.333333333333334,0.26874808888201746,34.0,3.0,10.97082951109737
Multiple Sclerosis,Mitoxantrone,10.0,0.11666666666666665,14.0,1.0,7.133333333333333
Multiple Sclerosis,Modafinil,9.23076923076923,0.16454162557527943,36.23076923076923,209.0,32.1675447896121
Multiple Sclerosis,Mycophenolate mofetil,9.0,-0.09791666666666667,0.0,31.0,6.504166666666666
Multiple Sclerosis,Natalizumab,7.920634920634921,0.10285877522876269,56.888888888888886,63.0,21.051749296489273
Multiple Sclerosis,Peginterferon beta-1a,8.5,-0.055357142857142855,2.5,2.0,3.9892857142857148
Multiple Sclerosis,Plegridy,7.0,-0.15476190476190477,3.0,1.0,3.1904761904761907
Multiple Sclerosis,Provigil,9.538461538461538,0.15720188198553584,43.15384615384615,113.0,24.060557610124917
Multiple Sclerosis,Rebif,6.733333333333333,0.09371141821141822,16.466666666666665,15.0,7.674089503089503
Multiple Sclerosis,Rebif Rebidose,8.0,-0.040625,0.0,1.0,3.2187500000000004
Multiple Sclerosis,Tecfidera,7.958333333333333,0.0998953909087612,26.375,24.0,11.058124115150857
Multiple Sclerosis,Teriflunomide,5.916666666666667,0.009112097412447008,34.833333333333336,24.0,11.751557528158228
Multiple Sclerosis,Tysabri,7.867924528301887,0.11044216278837002,58.35849056603774,53.0,20.339752250105043
Multiple Sclerosis,Valacyclovir,9.5,0.18194444444444444,12.5,238.0,30.46388888888889
Multiple Sclerosis,Valtrex,10.0,0.2722222222222222,19.0,155.0,23.844444444444445
Mumps Prophylaxis,Mumps virus vaccine,4.0,0.0,0.0,1.0,1.7000000000000002
Muscle Pain,Acetaminophen,9.5,0.6361111111111112,29.0,30.0,13.872222222222224
Muscle Pain,Acetaminophen / caffeine / magnesium salicylate,10.0,-0.09722222222222222,5.0,1.0,4.905555555555555
Muscle Pain,Advil,7.0,0.11666666666666665,21.666666666666668,14.0,8.766666666666667
Muscle Pain,Anaprox,10.0,0.5,14.0,3.0,8.100000000000001
Muscle Pain,Anaprox-DS,2.0,-0.25,14.0,5.0,3.6000000000000005
Muscle Pain,Aspirin / caffeine / orphenadrine,8.5,0.44375,9.0,7.0,6.7875000000000005
Muscle Pain,Aspirin / carisoprodol,9.5,0.65,10.5,9.0,8.100000000000001
Muscle Pain,Diclofenac,7.7272727272727275,0.07595814920033671,22.90909090909091,482.0,56.02464357112795
Muscle Pain,Ibuprofen,6.25,-0.012500000000000011,20.0,85.0,14.975
Muscle Pain,KneeRelief,10.0,-0.09722222222222222,5.0,1.0,4.905555555555555
Muscle Pain,Lidocaine / menthol,10.0,0.1952380952380952,0.0,1.0,4.4904761904761905
Muscle Pain,Methyl salicylate,6.0,0.10793915719696968,6.125,13.0,5.14087831439394
Muscle Pain,Nabumetone,6.833333333333333,0.07847402597402597,32.166666666666664,48.0,14.12361471861472
Muscle Pain,Naprelan,10.0,0.0,5.0,9.0,5.9
Muscle Pain,Naprosyn,8.0,-0.05,17.0,19.0,8.4
Muscle Pain,Naproxen,6.4,0.056393315018315016,13.2,308.0,36.11278663003663
Muscle Pain,Norgesic,10.0,0.5375,17.5,4.0,8.975
Muscle Pain,Norgesic Forte,4.0,0.0,0.0,4.0,2.0
Muscle Pain,Relafen,9.666666666666666,0.07745310245310244,46.333333333333336,17.0,14.98823953823954
Muscle Pain,Salonpas Pain Patch,4.166666666666667,0.17660315273951635,1.6666666666666667,9.0,3.2532063054790332
Muscle Pain,Soma Compound,9.5,0.65,10.5,8.0,8.000000000000002
Muscle Pain,Voltaren,7.8,0.04439285714285714,44.8,89.0,21.068785714285713
Muscle Pain,Zipsor,4.5,0.010000000000000037,18.5,26.0,8.120000000000001
Muscle Spasm,Amrix,6.875,0.032696692453636884,26.5,35.0,11.615393384907275
Muscle Spasm,Aspirin / caffeine / orphenadrine,9.0,0.15989583333333332,17.333333333333332,7.0,8.086458333333333
Muscle Spasm,Aspirin / carisoprodol,9.285714285714286,0.27530612244897956,9.571428571428571,9.0,7.079183673469389
Muscle Spasm,Aspirin / carisoprodol / codeine,9.5,0.2835714285714286,12.5,4.0,7.267142857142858
Muscle Spasm,Baclofen,6.96969696969697,0.06553875482491185,49.378787878787875,159.0,28.694713873286187
Muscle Spasm,Carisoprodol,9.149253731343284,0.12199307710574635,51.46268656716418,141.0,28.296224960181647
Muscle Spasm,Chlorzoxazone,6.65625,0.050902153445950796,40.96875,32.0,14.158054306891902
Muscle Spasm,Cyclobenzaprine,6.248648648648649,0.023092357842506114,32.43783783783784,275.0,36.53321174271204
Muscle Spasm,Diastat,10.0,0.625,64.0,2.0,18.25
Muscle Spasm,Diazepam,8.790322580645162,0.1191774247482341,48.87096774193548,322.0,45.72867743014163
Muscle Spasm,Diazepam Intensol,9.5,0.603125,57.0,4.0,16.80625
Muscle Spasm,Fexmid,5.75,-0.07782118055555556,23.25,4.0,7.19435763888889
Muscle Spasm,Flexeril,6.473684210526316,0.05137227355291018,51.14473684210526,119.0,24.821165599737398
Muscle Spasm,Lioresal,7.25,0.0029464285714285725,86.75,14.0,21.65589285714286
Muscle Spasm,Lioresal Intrathecal,7.0,0.0,20.0,3.0,7.1000000000000005
Muscle Spasm,Lorzone,5.823529411764706,0.03856206497750615,45.88235294117647,17.0,13.283006482896191
Muscle Spasm,Metaxalone,7.52542372881356,0.12027973884271075,38.96610169491525,75.0,18.543949308193895
Muscle Spasm,Methocarbamol,5.907407407407407,0.08144067802512743,42.407407407407405,128.0,23.8073258004947
Muscle Spasm,Norflex,6.444444444444445,0.11874999999999998,48.333333333333336,10.0,13.481944444444446
Muscle Spasm,Norgesic,8.5,0.33125,11.5,4.0,6.762500000000001
Muscle Spasm,Norgesic Forte,10.0,0.10572916666666667,16.0,4.0,7.811458333333334
Muscle Spasm,Orphenadrine,8.0,0.08396002529010341,38.1875,21.0,13.105420050580207
Muscle Spasm,Parafon Forte DSC,6.0,0.08333333333333333,25.0,2.0,7.766666666666667
Muscle Spasm,Robaxin,6.290322580645161,0.07095713861376,76.64516129032258,37.0,21.6870755675501
Muscle Spasm,Robaxin-750,4.909090909090909,0.154085538829857,45.40909090909091,24.0,13.75362562311426
Muscle Spasm,Skelaxin,7.733333333333333,0.10774784133596005,42.955555555555556,60.0,17.899940127116366
Muscle Spasm,Soma,9.073394495412844,0.10891249398324002,64.74311926605505,119.0,28.695806639342628
Muscle Spasm,Soma Compound,9.333333333333334,0.25105158730158733,15.666666666666666,8.0,8.168769841269842
Muscle Spasm,Soma Compound with Codeine,9.0,0.24785714285714286,12.0,4.0,6.895714285714287
Muscle Spasm,Tizanidine,6.669117647058823,0.07379044168590243,49.463235294117645,147.0,27.407875001018866
Muscle Spasm,Valium,8.6,0.1613804979888471,69.63333333333334,157.0,33.389427662644366
Muscle Spasm,Zanaflex,7.491525423728813,0.12147447730653946,84.59322033898304,65.0,26.658203191901215
Muscle Twitching,Baclofen,5.5,0.3875,24.0,159.0,23.675
Myasthenia Gravis,Azathioprine,8.0,0.11250000000000002,43.0,44.0,16.425
Myasthenia Gravis,CellCept,8.5,0.13532467532467532,49.25,19.0,15.420649350649352
Myasthenia Gravis,Mestinon,5.25,-0.045596590909090885,49.0,8.0,12.608806818181819
Myasthenia Gravis,Mestinon Timespan,9.666666666666666,0.20555555555555557,24.333333333333332,3.0,9.444444444444446
Myasthenia Gravis,Mycophenolate mofetil,8.384615384615385,0.008268617185283851,28.76923076923077,31.0,12.224229542062877
Myasthenia Gravis,Neostigmine,10.0,0.19999999999999998,1.0,1.0,4.7
Myasthenia Gravis,Pyridostigmine,7.133333333333334,0.09173300464967134,28.733333333333334,21.0,10.883466009299342
"Mycobacterium avium-intracellulare, Treatment",Azithromycin,7.0,0.18928571428571428,14.0,548.0,60.77857142857143
"Mycobacterium avium-intracellulare, Treatment",Clarithromycin,1.0,0.05,2.0,291.0,30.0
"Mycobacterium avium-intracellulare, Treatment",Ethambutol,1.0,0.0,7.0,1.0,1.9000000000000004
"Mycobacterium avium-intracellulare, Treatment",Rifampin,6.0,0.06947916666666669,0.0,7.0,3.238958333333334
Mycoplasma Pneumonia,Clarithromycin,1.0,-0.045684523809523814,1.0,291.0,29.608630952380953
Myelodysplastic Syndrome,Azacitidine,6.222222222222222,0.03060140850544891,23.22222222222222,9.0,8.094536150344231
Myelodysplastic Syndrome,Vidaza,7.125,0.013478785874619207,44.125,8.0,12.50195757174924
Myelofibrosis,Ruxolitinib,8.0,0.04375,1.0,5.0,3.9875000000000003
Myeloproliferative Disorders,Imatinib,10.0,0.11912878787878789,1.0,21.0,6.5382575757575765
Myxedema Coma,Levothyroxine,9.0,0.17596153846153845,29.0,290.0,38.75192307692308
Myxedema Coma,Synthroid,9.0,0.17596153846153845,29.0,94.0,19.151923076923076
NSAID-Induced Gastric Ulce,Esomeprazole,10.0,0.2997027191558442,13.0,94.0,16.59940543831169
NSAID-Induced Gastric Ulce,Nexium,10.0,0.2997027191558441,13.0,80.0,15.199405438311688
NSAID-Induced Gastric Ulce,Prevacid,9.0,0.0,12.0,37.0,9.7
NSAID-Induced Ulcer Prophylaxis,Duexis,8.5,0.3043801652892562,1.0,11.0,5.308760330578513
NSAID-Induced Ulcer Prophylaxis,Esomeprazole / naproxen,10.0,1.0,56.0,21.0,19.300000000000004
NSAID-Induced Ulcer Prophylaxis,Famotidine / ibuprofen,8.5,0.3043801652892562,1.0,12.0,5.408760330578513
NSAID-Induced Ulcer Prophylaxis,Vimovo,10.0,1.0,56.0,17.0,18.900000000000002
Narcolepsy,Adderall,8.793103448275861,0.11575786807136278,50.206896551724135,201.0,33.8901364257979
Narcolepsy,Adderall XR,9.5,0.1889376248751249,32.25,114.0,22.027875249750252
Narcolepsy,Amphetamine,7.0,0.046875,5.5,46.0,8.59375
Narcolepsy,Amphetamine / dextroamphetamine,8.756756756756756,0.16203771793400915,44.486486486486484,419.0,54.62407543586802
Narcolepsy,Armodafinil,6.706666666666667,0.06634153225745239,16.973333333333333,206.0,26.81001639784824
Narcolepsy,Concerta,8.0,0.18758967652717654,25.833333333333332,198.0,28.54184601972102
Narcolepsy,Dexedrine,8.428571428571429,0.06534371134817565,44.57142857142857,58.0,18.216401708410636
Narcolepsy,Dextroamphetamine,9.0,0.20104458903984573,34.625,96.0,20.52708917807969
Narcolepsy,Ephedrine,9.0,0.0,8.0,2.0,5.4
Narcolepsy,Evekeo,4.0,0.25,0.0,14.0,3.5
Narcolepsy,Lisdexamfetamine,8.25,0.24987179487179487,8.0,461.0,51.49974358974359
Narcolepsy,Methylin,7.666666666666667,0.02581569664902998,26.666666666666668,11.0,9.551631393298061
Narcolepsy,Methylin ER,9.0,0.07291666666666667,20.0,10.0,8.745833333333334
Narcolepsy,Methylphenidate,7.793103448275862,0.14279433601200844,38.827586206896555,456.0,56.76834729271367
Narcolepsy,Modafinil,6.75,0.12072447737650734,24.65277777777778,209.0,28.772004510308573
Narcolepsy,Nuvigil,6.491525423728813,0.0590411866003812,19.45762711864407,169.0,23.506217966421104
Narcolepsy,Pristiq,9.0,0.21547619047619046,47.0,548.0,68.23095238095239
Narcolepsy,Provigil,6.982142857142857,0.1445049882464317,27.875,113.0,19.956867119350008
Narcolepsy,Ritalin,8.0,0.2701505901505902,59.30769230769231,78.0,23.401839641839643
Narcolepsy,Ritalin-SR,9.0,0.225,39.0,2.0,12.05
Narcolepsy,Sodium oxybate,8.065217391304348,0.07890929695748654,24.934782608695652,56.0,13.970862072175844
Narcolepsy,Vyvanse,9.0,0.19935855810855813,28.0,434.0,52.99871711621712
Narcolepsy,Xyrem,8.32,0.07234886353043725,27.42,58.0,14.756697727060876
Nasal Carriage of Staphylococcus aureus,Bactroban,5.5,0.03733974358974359,19.5,13.0,7.474679487179487
Nasal Carriage of Staphylococcus aureus,Mupirocin,6.6,0.014935897435897438,17.8,18.0,8.029871794871797
Nasal Carriage of Staphylococcus aureus,Rifampin,9.0,-0.08499999999999996,1.0,7.0,4.33
Nasal Congestion,Acrivastine / pseudoephedrine,10.0,-0.225,11.0,1.0,5.85
Nasal Congestion,Afrin,4.222222222222222,0.0184265807066733,6.703703703703703,27.0,5.766482791042977
Nasal Congestion,Afrin 4 Hour Extra Moisturizing,10.0,0.6,0.0,1.0,5.3
Nasal Congestion,Afrin NoDrip Sinus,5.0,0.215,8.0,1.0,4.13
Nasal Congestion,Afrin Original,3.6666666666666665,0.027738320707070708,1.6666666666666667,3.0,2.1554766414141415
Nasal Congestion,Afrin Sinus,8.0,0.1,2.0,1.0,3.9000000000000004
Nasal Congestion,Ayr Saline Nasal,4.5,0.06574074074074072,2.0,2.0,2.5314814814814817
Nasal Congestion,Brompheniramine / pseudoephedrine,7.75,-0.045260416666666664,6.0,5.0,4.709479166666667
Nasal Congestion,Chlorpheniramine / methscopolamine / phenylephrine,10.0,0.28125,0.0,5.0,5.0625
Nasal Congestion,Claritin-D,7.529411764705882,-0.0700815154344566,26.764705882352942,23.0,10.524542851484028
Nasal Congestion,Claritin-D 12 Hour,6.333333333333333,-0.17952777777777776,6.333333333333333,3.0,3.7409444444444446
Nasal Congestion,Claritin-D 24 Hour,4.666666666666667,0.1902209595959596,4.0,5.0,3.5471085858585862
Nasal Congestion,Dexbrompheniramine / pseudoephedrine,10.0,0.18169250482562171,9.0,38.0,9.963385009651244
Nasal Congestion,Drixoral Cold and Allergy,9.875,0.2097470238095238,12.625,39.0,10.794494047619049
Nasal Congestion,Loratadine / pseudoephedrine,7.555555555555555,0.002129237703311788,20.59259259259259,35.0,10.644999216147365
Nasal Congestion,Loratadine-D 24 Hour,10.0,0.0,5.0,1.0,5.1
Nasal Congestion,Mucinex Sinus-Max Full Force,10.0,0.23750000000000004,1.0,1.0,4.7749999999999995
Nasal Congestion,Naphazoline,10.0,0.19235596707818928,22.77777777777778,10.0,9.940267489711935
Nasal Congestion,Nexafed Nasal Decongestant,1.5,-0.011344696969696973,2.0,2.0,1.1773106060606062
Nasal Congestion,Norel SR,9.5,-0.029942279942279944,4.0,2.0,4.74011544011544
Nasal Congestion,Nostrilla,7.571428571428571,0.1560386174671889,6.428571428571429,7.0,5.326362949220092
Nasal Congestion,Oxymetazoline,5.155172413793103,0.06958462813527469,5.413793103448276,66.0,9.883996842477448
Nasal Congestion,Phenylephrine,8.545454545454545,0.2695718896958566,3.1818181818181817,24.0,6.993689233937168
Nasal Congestion,Privine,10.0,0.26172325102880656,24.666666666666668,9.0,10.356779835390947
Nasal Congestion,Pseudoephedrine,6.862068965517241,0.09094158228425471,20.06896551724138,30.0,9.940503854223682
Nasal Congestion,Semprex-D,10.0,-0.225,11.0,2.0,5.95
Nasal Congestion,Sodium chloride,4.6,-0.020592682780182774,1.6,10.0,3.1188146344396346
Nasal Congestion,Sudafed 12-Hour,9.0,-0.045,5.0,1.0,4.609999999999999
Nasal Congestion,Sudafed 24-Hour,6.5,0.06281001984126983,21.0,4.0,7.325620039682541
Nasal Congestion,Sudafed Congestion,8.166666666666666,0.237994227994228,30.166666666666668,6.0,10.375988455988457
Nasal Congestion,Todays Health Nasal  Relief Extra Moisturizing,10.0,0.8,3.0,1.0,6.299999999999999
Nasal Congestion,Vicks Sinex 12-Hour Decongestant Nasal Spray,10.0,0.5,1.0,1.0,5.3
Nasal Congestion,Vicks Sinex Nasal Spray (old formulation),6.083333333333333,0.04076268638768641,4.666666666666667,13.0,4.74819203944204
Nasal Congestion,Xylometazoline,7.5625,0.11694511217948718,6.625,16.0,6.183890224358974
Nasal Congestion,Zicam Extreme Congestion Relief,10.0,-0.05000000000000002,0.0,1.0,4.0
Nasal Polyps,Flonase,9.5,0.40625,37.5,51.0,17.212500000000002
Nasal Polyps,Fluticasone,9.25,-0.016811868686868684,30.25,111.0,20.816376262626264
Nasal Polyps,Mometasone,3.0,-0.125,23.0,77.0,13.25
Nasal Polyps,Nasonex,5.0,-0.024920634920634926,29.0,30.0,10.75015873015873
Nasal Polyps,Veramyst,8.5,0.03500000000000001,29.5,15.0,10.870000000000001
Nausea/Vomiting,Antivert,10.0,-0.052777777777777785,39.0,8.0,12.494444444444445
Nausea/Vomiting,Atarax,10.0,0.0,15.0,70.0,14.0
Nausea/Vomiting,Ativan,7.0,0.03232060185185186,44.625,220.0,33.7896412037037
Nausea/Vomiting,Benadryl,7.555555555555555,0.08284097589653146,36.22222222222222,35.0,13.932348618459729
Nausea/Vomiting,Bonine,9.0,-0.2666666666666667,33.0,26.0,12.266666666666667
Nausea/Vomiting,Chlorpromazine,9.0,0.11013888888888887,5.0,33.0,8.120277777777778
Nausea/Vomiting,Compazine,3.4358974358974357,-0.12108564471610106,16.46153846153846,44.0,8.824495377234465
Nausea/Vomiting,Compro,10.0,-0.07187499999999997,33.0,1.0,10.55625
Nausea/Vomiting,Cyclizine,2.3333333333333335,-0.12915509259259259,0.6666666666666666,8.0,1.6083564814814817
Nausea/Vomiting,Dimenhydrinate,9.571428571428571,0.13224348072562359,32.57142857142857,30.0,13.607344104308389
Nausea/Vomiting,Diphenhydramine,7.0,0.1231145282186949,31.666666666666668,117.0,21.079562389770725
Nausea/Vomiting,Dramamine,9.625,0.11910590277777777,33.625,27.0,13.513211805555557
Nausea/Vomiting,Droperidol,2.5,0.015155566358774913,1.5,2.0,1.5303111327175498
Nausea/Vomiting,Emetrol,9.263157894736842,0.04758636648439281,14.526315789473685,19.0,8.60569904875826
Nausea/Vomiting,Haldol,2.6666666666666665,-0.09466765873015874,21.0,19.0,6.97733134920635
Nausea/Vomiting,Haloperidol,3.7142857142857144,-0.1670875850340136,12.428571428571429,49.0,8.537253401360545
Nausea/Vomiting,Hydroxyzine,7.818181818181818,-0.03586377164502164,44.81818181818182,448.0,56.81918154761905
Nausea/Vomiting,Inapsine,3.0,-0.060588235294117644,0.0,2.0,1.278823529411765
Nausea/Vomiting,Lorazepam,8.444444444444445,0.1436454517704518,30.77777777777778,429.0,52.720624236874244
Nausea/Vomiting,Marezine,10.0,0.0,12.0,3.0,6.7
Nausea/Vomiting,Meclizine,9.0,0.05974816333459789,26.0,110.0,19.919496326669197
Nausea/Vomiting,Metoclopramide,3.7777777777777777,-0.15027597127515427,15.422222222222222,143.0,18.595003613005247
Nausea/Vomiting,Ondansetron,8.0,0.04818347888512808,16.24561403508772,203.0,26.8454897647878
Nausea/Vomiting,Peppermint,10.0,0.014930555555555555,0.0,1.0,4.1298611111111105
Nausea/Vomiting,Phenergan,8.871794871794872,0.16964430355799404,26.794871794871796,67.0,15.946980914808297
Nausea/Vomiting,Phosphorated carbohydrate solution,8.733333333333333,0.06233087572150072,13.133333333333333,15.0,7.744661751443001
Nausea/Vomiting,Prochlorperazine,4.423076923076923,-0.07895784908433717,13.403846153846153,59.0,10.192084301831326
Nausea/Vomiting,Promethazine,8.5,0.1070558743505172,18.7375,129.0,20.261611748701036
Nausea/Vomiting,Pyridoxine,9.0,0.45,52.0,1.0,15.0
Nausea/Vomiting,Reglan,4.0344827586206895,-0.1382611084750863,22.103448275862068,99.0,15.657960541670517
Nausea/Vomiting,Scopolamine,5.809523809523809,-0.018424688497941762,4.142857142857143,80.0,11.11553157538507
Nausea/Vomiting,Thorazine,9.0,0.11013888888888887,5.0,25.0,7.320277777777777
Nausea/Vomiting,Tigan,9.0,0.35,8.5,2.0,6.2
Nausea/Vomiting,Transderm-Scop,4.0,-0.018581693672839506,5.875,48.0,7.537836612654322
Nausea/Vomiting,Trimethobenzamide,7.0,0.292929292929293,6.666666666666667,3.0,5.019191919191919
Nausea/Vomiting,Vistaril,9.5,0.1983333333333333,59.5,110.0,27.096666666666668
Nausea/Vomiting,Vitamin B6,9.0,0.45,52.0,1.0,15.0
Nausea/Vomiting,Zofran,8.758241758241759,0.061394748072297646,22.47252747252747,122.0,20.320591693946795
Nausea/Vomiting,Zofran ODT,7.7272727272727275,0.03112088143338143,17.363636363636363,25.0,9.125878126503126
Nausea/Vomiting of Pregnancy,Diclegis,6.892307692307693,0.016185590235864845,6.046153846153846,65.0,10.498525026625575
Nausea/Vomiting of Pregnancy,Doxylamine / pyridoxine,6.706896551724138,0.005024596194890902,5.017241379310345,58.0,9.496256088941507
"Nausea/Vomiting, Chemotherapy Induced",Aprepitant,9.875,0.3722718253968254,8.75,10.0,7.444543650793651
"Nausea/Vomiting, Chemotherapy Induced",Ativan,10.0,0.3111111111111111,31.0,220.0,32.82222222222222
"Nausea/Vomiting, Chemotherapy Induced",Cesamet,1.0,0.3333333333333333,10.0,2.0,3.2666666666666666
"Nausea/Vomiting, Chemotherapy Induced",Dexamethasone,8.2,-0.012443650793650788,11.6,45.0,10.075112698412699
"Nausea/Vomiting, Chemotherapy Induced",Dexamethasone Intensol,8.0,0.010416666666666685,7.0,2.0,4.820833333333334
"Nausea/Vomiting, Chemotherapy Induced",Dronabinol,8.416666666666666,0.0359266639078147,27.25,26.0,11.488519994482296
"Nausea/Vomiting, Chemotherapy Induced",Emend,9.875,0.2515376984126984,8.5,10.0,7.153075396825397
"Nausea/Vomiting, Chemotherapy Induced",Granisetron,9.142857142857142,0.21448490002061432,3.5714285714285716,9.0,5.7003983714698006
"Nausea/Vomiting, Chemotherapy Induced",Kytril,7.0,-0.12000000000000002,3.0,2.0,3.3600000000000003
"Nausea/Vomiting, Chemotherapy Induced",Lorazepam,10.0,0.3111111111111111,31.0,429.0,53.72222222222223
"Nausea/Vomiting, Chemotherapy Induced",Marinol,9.3,-0.01313563068324973,37.8,19.0,13.153728738633502
"Nausea/Vomiting, Chemotherapy Induced",Metoclopramide,10.0,0.029999999999999992,2.0,143.0,18.76
"Nausea/Vomiting, Chemotherapy Induced",Nabilone,3.5,0.22916666666666666,5.0,7.0,3.5583333333333336
"Nausea/Vomiting, Chemotherapy Induced",Ondansetron,8.0,0.12935168006596576,18.428571428571427,203.0,27.44441764584622
"Nausea/Vomiting, Chemotherapy Induced",Rolapitant,10.0,-0.06132653061224491,7.0,1.0,5.37734693877551
"Nausea/Vomiting, Chemotherapy Induced",Sancuso,9.25,0.29818948412698415,5.0,4.0,5.696378968253969
"Nausea/Vomiting, Chemotherapy Induced",Varubi,10.0,-0.06132653061224491,7.0,1.0,5.37734693877551
"Nausea/Vomiting, Chemotherapy Induced",Zofran,7.285714285714286,-0.019226963512677806,18.571428571428573,122.0,18.790117501546074
"Nausea/Vomiting, Chemotherapy Induced",Zofran ODT,10.0,0.9099999999999999,2.0,25.0,8.72
"Nausea/Vomiting, Postoperative",Aloxi,10.0,1.0,2.0,1.0,6.5
"Nausea/Vomiting, Postoperative",Aprepitant,10.0,-0.1769345238095238,2.0,10.0,5.0461309523809526
"Nausea/Vomiting, Postoperative",Emend,10.0,-0.1769345238095238,2.0,10.0,5.0461309523809526
"Nausea/Vomiting, Postoperative",Granisetron,10.0,0.28047619047619055,5.0,9.0,6.4609523809523814
"Nausea/Vomiting, Postoperative",Kytril,10.0,0.310952380952381,10.0,2.0,6.821904761904762
"Nausea/Vomiting, Postoperative",Metoclopramide,10.0,-0.2111607142857143,21.0,143.0,22.07767857142857
"Nausea/Vomiting, Postoperative",Ondansetron,6.333333333333333,-0.07028846153846154,9.666666666666666,203.0,24.626089743589745
"Nausea/Vomiting, Postoperative",Palonosetron,10.0,1.0,2.0,1.0,6.5
"Nausea/Vomiting, Postoperative",Reglan,10.0,-0.2111607142857143,21.0,99.0,17.677678571428572
"Nausea/Vomiting, Postoperative",Zofran,7.0,0.04055555555555559,10.0,122.0,17.081111111111113
"Nausea/Vomiting, Postoperative",Zofran ODT,10.0,0.3393137254901961,14.0,25.0,9.978627450980392
"Nausea/Vomiting, Radiation Induced",Ondansetron,6.5,-0.10069444444444445,17.5,203.0,26.198611111111113
"Nausea/Vomiting, Radiation Induced",Zofran,6.5,-0.10069444444444445,17.5,122.0,18.09861111111111
Neck Pain,Ibuprofen,1.0,-0.06666666666666665,6.0,85.0,9.966666666666667
Neck Pain,Naproxen,1.0,-0.08333333333333334,5.0,308.0,32.03333333333333
Neoplastic Diseases,Methotrexate,7.0,-0.10000000000000002,1.0,121.0,14.900000000000002
Nephrocalcinosis,Hydrochlorothiazide,7.25,0.03285202451869119,16.0,73.0,13.465704049037384
Nephrotic Syndrome,CellCept,9.5,0.03677083333333333,14.5,19.0,8.673541666666667
Nephrotic Syndrome,Mycophenolate mofetil,9.5,0.03677083333333333,14.5,31.0,9.873541666666668
Nephrotic Syndrome,Prednisolone,9.0,0.19090909090909092,1.0,20.0,6.181818181818182
Nephrotic Syndrome,Prednisone,6.0,0.0602777777777778,3.0,289.0,32.02055555555556
Neuralgia,Baclofen,5.166666666666667,-0.06854507876382877,13.833333333333334,159.0,20.596243175805675
Neuralgia,Keppra,8.5,0.028282828282828285,9.0,117.0,16.956565656565658
Neuralgia,Levetiracetam,7.0,0.12678872053872056,4.666666666666667,174.0,21.386910774410776
Neuralgia,Lioresal,3.0,-0.17827005170755172,8.333333333333334,14.0,3.9101265632515636
Neuralgia,Lyrica,7.433333333333334,0.026986062152133578,35.166666666666664,441.0,54.160638790970935
Neuralgia,Methylprednisolone,7.0,-0.02936507936507937,13.0,152.0,20.541269841269845
Neuralgia,Nortriptyline,8.142857142857142,0.09854781401196844,33.0,241.0,34.1542384851668
Neuralgia,Pamelor,8.0,0.3661111111111111,50.5,18.0,15.832222222222224
Neuralgia,Pregabalin,8.035714285714286,0.06897348392820332,37.57142857142857,632.0,74.06651839642784
Neuritis,Triamcinolone,7.0,-0.39000000000000007,2.0,110.0,13.42
Neuropathic Pain,Gabapentin,6.7384615384615385,0.019952617346110008,12.415384615384616,1047.0,109.91836677315376
Neuropathic Pain,Lidocaine,4.375,-0.10862101326353218,9.125,95.0,12.857757973472935
Neuropathic Pain,Lyrica,6.2125,0.010905271272939025,47.2875,441.0,56.06431054254588
Neuropathic Pain,Oxcarbazepine,6.75,0.01790178571428572,6.5,133.0,17.33580357142857
Neuropathic Pain,Pregabalin,6.520833333333333,0.030117240792771213,41.041666666666664,632.0,74.0769011482522
Neurosis,Nortriptyline,6.0,0.08611111111111111,11.5,241.0,28.972222222222225
Neurosurgery,Dilantin,8.0,-0.056249999999999994,12.0,40.0,9.4875
Neurosurgery,Phenytoin,8.5,-0.058333333333333334,8.5,53.0,10.283333333333335
Neurotic Depression,Amitriptyline,10.0,0.2,2.0,695.0,74.3
Neutropenia,Filgrastim,10.0,0.09166666666666667,25.0,2.0,9.383333333333333
Neutropenia Associated with Chemotherapy,Filgrastim,10.0,0.05333333333333334,36.0,2.0,11.506666666666666
Neutropenia Associated with Chemotherapy,Neulasta,6.590909090909091,-0.02154174953834044,21.681818181818183,22.0,9.129643773650592
Neutropenia Associated with Chemotherapy,Neupogen,10.0,0.05333333333333334,36.0,1.0,11.406666666666666
Neutropenia Associated with Chemotherapy,Pegfilgrastim,6.368421052631579,-0.03653823739613213,22.842105263157894,19.0,8.942712998891947
New Daily Persistent Headache,Imitrex,9.0,0.026785714285714295,9.0,114.0,16.853571428571428
New Daily Persistent Headache,Imitrex Statdose,10.0,0.10892857142857142,8.0,16.0,7.417857142857143
New Daily Persistent Headache,Keppra,6.0,-0.1497222222222222,26.0,117.0,19.000555555555557
New Daily Persistent Headache,Levetiracetam,8.0,0.10347222222222222,21.5,174.0,25.106944444444444
New Daily Persistent Headache,Sumatriptan,6.2,0.011636273448773448,5.0,269.0,30.40327254689755
Niacin Deficiency,Niacin,2.0,-0.125,2.0,45.0,5.45
Niacin Deficiency,Niacinamide,2.0,0.2,9.0,1.0,3.1
Night Terrors,Clonazepam,8.222222222222221,0.1716532849866183,19.333333333333332,831.0,90.5988621255288
Night Terrors,Diazepam,10.0,0.065734126984127,28.166666666666668,322.0,41.964801587301594
Night Terrors,Imipramine,9.5,0.1964556277056277,44.0,28.0,15.792911255411257
Night Terrors,Klonopin,9.5,0.07940972222222223,34.25,432.0,54.00881944444445
Night Terrors,St. john's wort,9.5,0.16369047619047616,94.5,46.0,27.627380952380957
Night Terrors,Tofranil,10.0,0.28095238095238095,60.0,7.0,17.261904761904763
Night Terrors,Valium,10.0,-0.07297619047619047,50.0,157.0,29.554047619047623
Nightmares,Prazosin,7.529411764705882,0.04426006146260158,35.05882352941177,69.0,17.012049534689908
Nightmares,Risperdal,1.0,-0.175,34.0,116.0,18.450000000000003
Nocardiosis,Bactrim DS,7.0,0.09285714285714285,10.0,136.0,18.58571428571429
Nocardiosis,Sulfamethoxazole / trimethoprim,7.0,0.09285714285714285,10.0,527.0,57.68571428571429
Nocturnal Leg Cramps,Calan SR,9.0,-0.008333333333333285,12.0,7.0,6.6833333333333345
Nocturnal Leg Cramps,Carisoprodol,9.833333333333334,0.04072248931623932,80.83333333333333,141.0,34.28144497863248
Nocturnal Leg Cramps,Qualaquin,9.5,-0.053750000000000006,29.5,4.0,9.992500000000001
Nocturnal Leg Cramps,Quinine,8.0,-0.04164218717790146,15.571428571428571,7.0,6.931001339929912
Nocturnal Leg Cramps,Soma,10.0,0.12405582264957266,90.0,119.0,34.148111645299146
Nocturnal Leg Cramps,Vitamin e,9.0,0.0,0.0,4.0,4.0
Non-Hodgkin's Lymphoma,Bendamustine,9.0,0.06621693121693122,25.666666666666668,4.0,9.265767195767197
Non-Hodgkin's Lymphoma,Rituxan,9.2,0.14616341066341065,79.4,17.0,21.552326821326822
Non-Hodgkin's Lymphoma,Rituximab,9.1,0.10634839003589003,52.1,58.0,20.072696780071784
Non-Hodgkin's Lymphoma,Treanda,9.0,0.125,55.0,1.0,14.95
Non-Hodgkin's Lymphoma,Vincristine,9.0,0.17261904761904762,0.0,3.0,4.245238095238095
Non-Small Cell Lung Cance,Afatinib,7.5,0.35277777777777786,2.0,2.0,4.305555555555556
Non-Small Cell Lung Cance,Alimta,8.0,0.2159090909090909,38.0,1.0,11.331818181818182
Non-Small Cell Lung Cance,Avastin,8.0,0.28541666666666665,155.0,15.0,36.270833333333336
Non-Small Cell Lung Cance,Bevacizumab,8.0,0.28541666666666665,155.0,17.0,36.47083333333334
Non-Small Cell Lung Cance,Crizotinib,10.0,0.24336069023569026,3.6666666666666665,3.0,5.520054713804714
Non-Small Cell Lung Cance,Erlotinib,9.523809523809524,0.04391341203847002,91.23809523809524,22.0,24.344969681219798
Non-Small Cell Lung Cance,Gefitinib,9.6,0.1007152553329024,31.4,5.0,10.821430510665806
Non-Small Cell Lung Cance,Gilotrif,10.0,0.36111111111111116,1.0,1.0,5.022222222222222
Non-Small Cell Lung Cance,Iressa,9.5,0.09967612044817928,14.5,4.0,7.29935224089636
Non-Small Cell Lung Cance,Keytruda,1.0,0.193359375,0.0,6.0,1.38671875
Non-Small Cell Lung Cance,Necitumumab,10.0,-0.013333333333333308,0.0,1.0,4.073333333333333
Non-Small Cell Lung Cance,Nivolumab,5.357142857142857,-0.01145615909533977,21.214285714285715,19.0,8.262801967523606
Non-Small Cell Lung Cance,Opdivo,2.6,-0.06850390581640582,30.8,12.0,8.262992188367189
Non-Small Cell Lung Cance,Pembrolizumab,1.0,-0.13749131944444443,0.6666666666666666,10.0,1.2583506944444445
Non-Small Cell Lung Cance,Pemetrexed,10.0,0.12638888888888888,1.0,1.0,4.552777777777778
Non-Small Cell Lung Cance,Tarceva,9.0,0.05584726184873765,78.22727272727273,22.0,21.557149069152022
Non-Small Cell Lung Cance,Taxol,7.0,0.07708333333333332,24.0,5.0,8.254166666666668
Non-Small Cell Lung Cance,Xalkori,9.0,0.07793560606060607,19.5,2.0,7.855871212121213
Nonalcoholic Fatty Liver Disease,Orlistat,5.5,-0.08416666666666667,18.0,161.0,21.73166666666667
Noninfectious Colitis,Dicyclomine,8.75,0.14166666666666666,10.75,111.0,17.033333333333335
Nonoccupational Exposure,Atripla,9.0,0.006462585034013598,0.0,68.0,10.412925170068029
Nonoccupational Exposure,Efavirenz,9.0,-0.012499999999999999,2.0,6.0,4.575
Nonoccupational Exposure,Efavirenz / emtricitabine / tenofovir,9.0,0.006462585034013598,0.0,72.0,10.812925170068027
Nonoccupational Exposure,Emtricitabine / tenofovir,3.0,-0.1098214285714286,0.0,11.0,2.0803571428571432
Not Listed / Othe,Acetaminophen / butalbital / caffeine,10.0,0.34,0.0,129.0,17.58
Not Listed / Othe,Acetaminophen / hydrocodone,9.2,0.07606753246753248,1.0,498.0,53.832135064935066
Not Listed / Othe,Acetaminophen / oxycodone,9.666666666666666,0.24097222222222223,1.3333333333333333,362.0,40.81527777777778
Not Listed / Othe,Acetaminophen / phenylephrine,10.0,0.042857142857142864,0.0,2.0,4.285714285714286
Not Listed / Othe,Acetaminophen / tramadol,8.0,-0.1989583333333333,15.0,30.0,8.802083333333334
Not Listed / Othe,Acyclovir,8.5,0.28072916666666664,5.0,97.0,14.661458333333336
Not Listed / Othe,Adalimumab,10.0,0.4,0.0,295.0,34.3
Not Listed / Othe,Adenosine,10.0,0.21547619047619046,12.0,4.0,7.230952380952382
Not Listed / Othe,Alfuzosin,10.0,0.0,1.0,36.0,7.800000000000001
Not Listed / Othe,Alprazolam,9.5,0.09064814814814814,1.9,703.0,74.6612962962963
Not Listed / Othe,Amikacin,10.0,0.4,7.0,2.0,6.4
Not Listed / Othe,Amitriptyline,9.0,0.44761904761904764,1.0,695.0,74.1952380952381
Not Listed / Othe,Amitriptyline / chlordiazepoxide,10.0,-0.24085648148148145,1.0,7.0,4.418287037037037
Not Listed / Othe,Amlodipine / benazepril,7.0,-0.15555555555555556,11.0,26.0,7.28888888888889
Not Listed / Othe,Amoxicillin,9.333333333333334,0.22648809523809524,5.333333333333333,115.0,16.75297619047619
Not Listed / Othe,Amoxicillin / clavulanate,5.5,-0.15362554112554114,1.0,321.0,34.19274891774892
Not Listed / Othe,Amphetamine / dextroamphetamine,8.0,0.35,1.0,419.0,46.00000000000001
Not Listed / Othe,Apremilast,7.0,-0.25,0.0,145.0,16.8
Not Listed / Othe,Aripiprazole,9.0,0.32142857142857145,3.0,500.0,54.84285714285714
Not Listed / Othe,Armodafinil,9.0,0.13579695767195768,2.25,206.0,24.921593915343916
Not Listed / Othe,Asenapine,9.0,0.0,0.0,194.0,23.000000000000004
Not Listed / Othe,Aspirin / butalbital / caffeine,9.0,-0.015000000000000001,0.0,63.0,9.870000000000001
Not Listed / Othe,Atenolol,8.333333333333334,0.24637566137566136,24.333333333333332,114.0,20.092751322751326
Not Listed / Othe,Atropine,3.0,-0.1298951048951049,8.0,1.0,2.6402097902097905
Not Listed / Othe,Azelastine,9.0,0.09880952380952379,3.0,46.0,8.997619047619047
Not Listed / Othe,Azithromycin,7.5,0.21666666666666667,2.0,548.0,58.63333333333334
Not Listed / Othe,Bacitracin / neomycin / polymyxin b,9.0,0.15,3.0,4.0,4.9
Not Listed / Othe,Baclofen,8.333333333333334,0.2611111111111111,17.333333333333332,159.0,23.22222222222222
Not Listed / Othe,Balsalazide,9.0,0.09285714285714287,4.0,15.0,6.085714285714286
Not Listed / Othe,Benzoyl peroxide,10.0,0.13047619047619047,2.0,23.0,6.9609523809523814
Not Listed / Othe,Bethanechol,8.0,0.25,4.0,4.0,4.9
Not Listed / Othe,Biotin,8.0,0.5158333333333334,32.0,5.0,11.131666666666668
Not Listed / Othe,Brexpiprazole,6.0,0.19444444444444442,0.0,95.0,12.28888888888889
Not Listed / Othe,Buprenorphine,9.0,0.08333333333333333,2.0,288.0,32.96666666666667
Not Listed / Othe,Buprenorphine / naloxone,9.875,0.09649574817543569,0.375,437.0,47.91799149635087
Not Listed / Othe,Bupropion,7.0,0.06518323112073113,2.25,1022.0,105.58036646224147
Not Listed / Othe,Buspirone,10.0,0.2593181818181818,17.0,471.0,55.01863636363637
Not Listed / Othe,Camphor / menthol,4.0,0.0611111111111111,1.0,3.0,2.2222222222222223
Not Listed / Othe,Capsaicin,9.0,0.15833333333333333,22.0,36.0,11.916666666666666
Not Listed / Othe,Carbamazepine,10.0,0.3333333333333333,1.0,163.0,21.166666666666668
Not Listed / Othe,Carisoprodol,10.0,0.06,6.0,141.0,19.42
Not Listed / Othe,Carvedilol,5.0,0.1409013605442177,10.0,67.0,10.981802721088435
Not Listed / Othe,Celecoxib,8.0,0.04444444444444445,0.0,109.0,14.18888888888889
Not Listed / Othe,Cetirizine,8.0,0.016666666666666663,3.0,108.0,14.633333333333335
Not Listed / Othe,Chlorpheniramine / hydrocodone,10.0,0.125,2.0,81.0,12.75
Not Listed / Othe,Cholestyramine,10.0,0.0,14.0,51.0,11.900000000000002
Not Listed / Othe,Ciprofloxacin,10.0,0.04285714285714286,2.0,361.0,40.58571428571429
Not Listed / Othe,Citalopram,8.5,0.2724940476190476,3.0,995.0,104.0449880952381
Not Listed / Othe,Clarithromycin,5.5,0.12532894736842107,1.5,291.0,31.850657894736845
Not Listed / Othe,Clindamycin,5.4,0.028450549450549444,5.2,385.0,41.756901098901096
Not Listed / Othe,Clobetasol,10.0,0.8,3.0,60.0,12.2
Not Listed / Othe,Clonazepam,8.4,0.2615782828282828,1.0,831.0,87.18315656565657
Not Listed / Othe,Creatine,1.0,-0.024999999999999994,3.0,2.0,1.1500000000000001
Not Listed / Othe,Cyclobenzaprine,8.0,0.07674603174603176,1.6666666666666667,275.0,31.186825396825398
Not Listed / Othe,Cyproheptadine,10.0,0.07138888888888889,14.333333333333334,92.0,16.209444444444447
Not Listed / Othe,Dasatinib,10.0,0.09999999999999999,2.0,14.0,6.000000000000001
Not Listed / Othe,Desmopressin,10.0,0.12708333333333333,3.0,13.0,6.154166666666666
Not Listed / Othe,Desvenlafaxine,8.333333333333334,0.06739087301587303,0.6666666666666666,582.0,61.80144841269841
Not Listed / Othe,Dexamethasone,5.0,-0.140625,8.0,45.0,7.81875
Not Listed / Othe,Diazepam,9.333333333333334,0.20370547581073897,4.666666666666667,322.0,37.274077618288146
Not Listed / Othe,Diclofenac,8.5,0.5650000000000001,1.0,482.0,52.93000000000001
Not Listed / Othe,Diethylpropion,9.0,0.14081632653061224,3.0,85.0,12.981632653061224
Not Listed / Othe,Diltiazem,8.0,-0.21125,5.0,59.0,9.6775
Not Listed / Othe,Dimenhydrinate,9.0,0.0,0.0,30.0,6.6
Not Listed / Othe,Dimethyl sulfoxide,10.0,0.10909090909090913,5.0,1.0,5.318181818181818
Not Listed / Othe,Doxazosin,5.0,-0.0062500000000000056,31.5,24.0,10.687500000000002
Not Listed / Othe,Doxepin,10.0,0.12653061224489798,23.0,171.0,25.953061224489797
Not Listed / Othe,Doxycycline,2.0,-0.02658730158730159,1.0,627.0,63.6468253968254
Not Listed / Othe,Doxylamine,10.0,0.06449652777777778,40.0,73.0,19.428993055555555
Not Listed / Othe,Duloxetine,8.75,0.21727864583333334,0.75,934.0,97.48455729166668
Not Listed / Othe,Efavirenz / emtricitabine / tenofovir,8.0,0.05416666666666667,0.0,72.0,10.508333333333333
Not Listed / Othe,Electrolyte replacement solutions,9.0,-0.061111111111111074,2.5,2.0,4.177777777777778
Not Listed / Othe,Escitalopram,7.2,0.07490462315462317,0.4,1292.0,132.30980924630927
Not Listed / Othe,Esomeprazole,9.5,0.18750000000000003,0.5,94.0,13.675
Not Listed / Othe,Esterified estrogens,10.0,0.2,0.0,2.0,4.6000000000000005
Not Listed / Othe,Estradiol,5.5,0.1353125,4.5,241.0,27.470625000000002
Not Listed / Othe,Etanercept,10.0,0.12916666666666668,0.0,152.0,19.458333333333336
Not Listed / Othe,Ethinyl estradiol / levonorgestrel,2.5,0.03921911421911422,0.0,1888.0,189.87843822843823
Not Listed / Othe,Ethinyl estradiol / norethindrone,4.8,-0.010680136290627354,0.0,2850.0,286.89863972741875
Not Listed / Othe,Ethinyl estradiol / norgestimate,2.0,0.0339496527777778,0.0,2117.0,212.56789930555558
Not Listed / Othe,Ethinyl estradiol / norgestrel,5.0,0.17983333333333335,0.0,146.0,16.959666666666667
Not Listed / Othe,Exenatide,8.0,0.09292592592592593,0.0,194.0,22.785851851851852
Not Listed / Othe,Famotidine,10.0,0.7,4.0,14.0,7.6000000000000005
Not Listed / Othe,Fenofibrate,9.5,0.08846801346801346,66.5,27.0,19.976936026936027
Not Listed / Othe,Fexofenadine,9.5,0.24218750000000003,2.0,68.0,11.484375000000002
Not Listed / Othe,Fexofenadine / pseudoephedrine,10.0,0.22000000000000003,7.0,24.0,8.240000000000002
Not Listed / Othe,Fluoxetine,9.5,0.19583333333333336,2.0,766.0,81.19166666666668
Not Listed / Othe,Fluoxetine / olanzapine,9.0,0.0,2.0,40.0,8.0
Not Listed / Othe,Fluticasone,2.0,-0.15000000000000002,21.0,111.0,15.8
Not Listed / Othe,Gabapentin,8.375,0.12136962784690059,3.5,1047.0,108.9927392556938
Not Listed / Othe,Gabapentin enacarbil,9.0,0.5750000000000001,1.0,15.0,6.45
Not Listed / Othe,Gatifloxacin,9.0,0.6,0.0,5.0,5.3
Not Listed / Othe,Glipizide,8.0,-0.10555555555555556,16.0,30.0,9.18888888888889
Not Listed / Othe,Guaifenesin,8.0,0.1122874149659864,2.5,117.0,15.624574829931975
Not Listed / Othe,Haloperidol,10.0,0.3333333333333333,6.0,49.0,10.766666666666667
Not Listed / Othe,Hydrochlorothiazide / losartan,8.0,-0.010000000000000009,7.0,26.0,7.18
Not Listed / Othe,Hydrochlorothiazide / olmesartan,10.0,-0.1,3.0,19.0,6.300000000000001
Not Listed / Othe,Hydrochlorothiazide / telmisartan,10.0,0.15066666666666667,1.0,11.0,5.601333333333333
Not Listed / Othe,Hydrocodone,8.5,-0.125,11.5,99.0,15.350000000000001
Not Listed / Othe,Hydromorphone,8.5,0.03931878306878308,2.0,265.0,30.378637566137566
Not Listed / Othe,Hydroxychloroquine,7.0,-0.04069327731092437,3.0,114.0,14.718613445378152
Not Listed / Othe,Hydroxyurea,10.0,0.09285714285714286,65.0,10.0,18.185714285714287
Not Listed / Othe,Hydroxyzine,7.0,0.1423611111111111,3.6666666666666665,448.0,48.61805555555556
Not Listed / Othe,Ibuprofen,5.0,0.175,1.0,85.0,11.05
Not Listed / Othe,Indapamide,6.0,0.32,51.0,2.0,13.440000000000001
Not Listed / Othe,Indomethacin,8.0,0.0,1.0,103.0,13.700000000000001
Not Listed / Othe,Irbesartan,6.0,0.0,21.0,35.0,10.100000000000001
Not Listed / Othe,Isotretinoin,10.0,-0.06333333333333332,1.0,530.0,57.07333333333333
Not Listed / Othe,Ketoconazole,1.0,-0.05,9.0,25.0,4.6
Not Listed / Othe,Lamotrigine,5.5,-0.04107142857142857,4.5,591.0,62.11785714285715
Not Listed / Othe,Levetiracetam,10.0,0.08942307692307692,4.0,174.0,22.378846153846155
Not Listed / Othe,Levocetirizine,10.0,0.04417989417989418,1.0,127.0,16.98835978835979
Not Listed / Othe,Levofloxacin,5.6,0.08895202020202021,2.0,327.0,35.51790404040404
Not Listed / Othe,Levonorgestrel,7.0,-0.004877893518518514,0.2,3657.0,368.530244212963
Not Listed / Othe,Levothyroxine,7.0,0.0011445473251028755,2.6666666666666665,290.0,32.33562242798354
Not Listed / Othe,Liraglutide,7.0,0.49609375,6.0,755.0,80.4921875
Not Listed / Othe,Lisdexamfetamine,8.333333333333334,0.15912037037037036,0.0,461.0,49.75157407407408
Not Listed / Othe,Lisinopril,6.6,0.13498534798534798,26.8,292.0,37.4699706959707
Not Listed / Othe,Lithium,8.5,0.0008333333333333318,49.5,173.0,30.601666666666667
Not Listed / Othe,Loratadine,2.0,0.0,11.0,40.0,7.0
Not Listed / Othe,Lorazepam,9.25,-0.0020277777777777672,7.5,429.0,48.09594444444445
Not Listed / Othe,Losartan,8.0,0.0,16.0,169.0,23.300000000000004
Not Listed / Othe,Loxapine,6.0,-0.047083333333333345,14.0,6.0,5.705833333333334
Not Listed / Othe,Lurasidone,7.0,-0.006190476190476175,0.0,352.0,37.98761904761905
Not Listed / Othe,Magnesium citrate,10.0,0.24455357142857143,26.0,169.0,26.589107142857145
Not Listed / Othe,Magnesium oxide,10.0,0.3333333333333333,19.0,10.0,9.466666666666667
Not Listed / Othe,Magnesium sulfate / potassium sulfate / sodium sulfate,9.0,0.4,2.0,626.0,67.4
Not Listed / Othe,Meclizine,7.0,-0.13988095238095236,12.5,110.0,16.020238095238096
Not Listed / Othe,Medroxyprogesterone,4.0,0.17777777777777778,0.0,995.0,101.45555555555555
Not Listed / Othe,Mefenamic acid,1.0,-0.3,2.0,31.0,3.3000000000000003
Not Listed / Othe,Melatonin,2.0,-0.09895833333333329,9.5,103.0,12.802083333333334
Not Listed / Othe,Meloxicam,9.6,0.11734057609057609,12.2,250.0,31.514681152181154
Not Listed / Othe,Memantine,4.0,0.13636363636363635,1.0,18.0,3.872727272727273
Not Listed / Othe,Methadone,9.8,0.018978174603174625,10.6,328.0,38.87795634920636
Not Listed / Othe,Methocarbamol,10.0,-0.0611111111111111,5.5,128.0,17.77777777777778
Not Listed / Othe,Methscopolamine,10.0,0.0,1.0,7.0,4.9
Not Listed / Othe,Methylphenidate,10.0,0.3534090909090909,2.0,456.0,50.706818181818186
Not Listed / Othe,Methylprednisolone,3.6666666666666665,0.046578483245149904,12.0,152.0,19.159823633156968
Not Listed / Othe,Metoclopramide,8.0,0.12367424242424242,1.0,143.0,17.947348484848487
Not Listed / Othe,Metoprolol,7.2,0.07016809116809117,11.8,215.0,26.880336182336183
Not Listed / Othe,Metronidazole,6.333333333333333,-0.016997354497354473,2.0,922.0,95.09933862433863
Not Listed / Othe,Minocycline,8.0,0.23666666666666664,0.0,257.0,29.373333333333335
Not Listed / Othe,Minoxidil,2.5,-0.2129734848484848,41.0,53.0,14.074053030303032
Not Listed / Othe,Mirtazapine,5.5,0.14635141093474424,12.5,546.0,59.59270282186949
Not Listed / Othe,Misoprostol,8.0,-0.05555555555555555,9.0,6.0,5.488888888888889
Not Listed / Othe,Modafinil,10.0,0.18977272727272726,4.0,209.0,26.079545454545457
Not Listed / Othe,Mometasone,10.0,-0.05967365967365968,7.0,77.0,12.980652680652682
Not Listed / Othe,Morphine,9.0,0.06875,3.5,221.0,26.5375
Not Listed / Othe,Multivitamin with iron,10.0,0.0,5.0,10.0,6.0
Not Listed / Othe,Nabumetone,10.0,0.25,10.0,48.0,11.3
Not Listed / Othe,Nebivolol,8.5,0.06401515151515152,0.5,117.0,15.328030303030305
Not Listed / Othe,Nicotine,8.0,-0.08611111111111111,0.0,87.0,11.72777777777778
Not Listed / Othe,Nifedipine,3.0,0.16,11.0,45.0,8.22
Not Listed / Othe,Norethindrone,5.5,-0.021651785714285707,2.0,431.0,45.65669642857143
Not Listed / Othe,Nortriptyline,6.0,0.0980904280904281,1.6666666666666667,241.0,27.02951418951419
Not Listed / Othe,Nystatin / triamcinolone,9.5,0.07916666666666666,3.5,5.0,5.158333333333333
Not Listed / Othe,Olodaterol,10.0,0.037500000000000006,0.0,3.0,4.375
Not Listed / Othe,Ondansetron,10.0,0.2,0.0,203.0,24.700000000000003
Not Listed / Othe,Opium,1.0,0.0,3.0,11.0,2.1
Not Listed / Othe,Orlistat,6.0,0.2,5.0,161.0,19.900000000000002
Not Listed / Othe,Oxcarbazepine,9.0,0.49583333333333335,3.0,133.0,18.491666666666667
Not Listed / Othe,Oxybutynin,8.5,0.18680555555555556,11.0,154.0,21.37361111111111
Not Listed / Othe,Oxycodone,9.0,0.15248720975993704,2.8181818181818183,472.0,51.66861078315624
Not Listed / Othe,Paroxetine,10.0,-0.024999999999999984,0.0,645.0,68.45
Not Listed / Othe,Phenazopyridine,1.0,-0.11111111111111109,1.0,68.0,7.177777777777779
Not Listed / Othe,Phendimetrazine,9.0,0.44375,4.0,92.0,14.4875
Not Listed / Othe,Phentermine,9.08695652173913,0.11758331590577968,2.347826086956522,1543.0,158.63951445789854
Not Listed / Othe,Phenytoin,9.0,0.004166666666666666,0.0,53.0,8.908333333333335
Not Listed / Othe,Polyethylene glycol 3350 with electrolytes,5.0,-0.15545351473922903,0.0,213.0,22.989092970521543
Not Listed / Othe,Pramipexole,9.0,0.14035714285714285,2.0,96.0,13.880714285714287
Not Listed / Othe,Prednisone,9.0,0.0199074074074074,1.0,289.0,32.73981481481482
Not Listed / Othe,Pregabalin,9.5,0.2492063492063492,1.5,632.0,67.7984126984127
Not Listed / Othe,Promethazine,10.0,-0.050123456790123457,7.0,129.0,18.199753086419754
Not Listed / Othe,Propafenone,7.0,0.42500000000000004,1.0,33.0,7.15
Not Listed / Othe,Propofol,10.0,0.45444444444444443,5.0,196.0,25.50888888888889
Not Listed / Othe,Propranolol,9.5,0.12685730935730935,13.0,467.0,53.35371461871462
Not Listed / Othe,Pseudoephedrine,10.0,0.0,9.0,30.0,8.8
Not Listed / Othe,Quazepam,9.0,0.13333333333333333,8.0,6.0,6.066666666666666
Not Listed / Othe,Quetiapine,6.5,-0.06014660493827159,0.8333333333333334,831.0,85.74637345679014
Not Listed / Othe,Ranitidine,10.0,0.15324074074074076,21.0,57.0,14.206481481481482
Not Listed / Othe,Regadenoson,10.0,0.1571428571428571,5.0,6.0,5.914285714285715
Not Listed / Othe,Rizatriptan,9.0,0.19833333333333333,0.5,153.0,19.39666666666667
Not Listed / Othe,S-adenosylmethionine,8.0,-0.1075,3.0,12.0,4.785
Not Listed / Othe,Sertraline,8.5,-0.025535714285714287,0.5,1360.0,139.44892857142858
Not Listed / Othe,Silver sulfadiazine,9.0,0.0,0.0,36.0,7.2
Not Listed / Othe,Sodium hyaluronate,10.0,0.30000000000000004,0.0,122.0,16.8
Not Listed / Othe,Sorafenib,8.0,0.11666666666666664,0.0,7.0,4.133333333333334
Not Listed / Othe,St. john's wort,6.0,0.1375,37.0,46.0,14.675
Not Listed / Othe,Sucralfate,8.0,0.32222222222222224,21.0,36.0,11.644444444444444
Not Listed / Othe,Sulfamethoxazole / trimethoprim,8.0,0.34166666666666673,0.0,527.0,56.583333333333336
Not Listed / Othe,Sumatriptan,9.0,0.2375,1.5,269.0,31.275000000000002
Not Listed / Othe,Tadalafil,9.0,0.54625,0.0,318.0,36.4925
Not Listed / Othe,Temazepam,7.0,0.04205729166666667,2.75,189.0,22.334114583333335
Not Listed / Othe,Teriparatide,5.0,-0.21666666666666667,1.0,43.0,6.066666666666666
Not Listed / Othe,Testosterone,8.666666666666666,0.1346842903828198,12.0,278.0,33.93603524743231
Not Listed / Othe,Thyroid desiccated,10.0,0.033333333333333326,6.0,159.0,21.166666666666668
Not Listed / Othe,Tizanidine,6.0,-0.0748263888888889,6.0,147.0,18.150347222222223
Not Listed / Othe,Topiramate,5.0,0.10454427083333333,1.75,606.0,63.15908854166667
Not Listed / Othe,Tramadol,8.25,0.2914608134920635,6.25,820.0,87.13292162698413
Not Listed / Othe,Trandolapril / verapamil,10.0,0.15416666666666667,0.0,5.0,4.808333333333334
Not Listed / Othe,Trazodone,7.8,0.26166666666666666,6.0,584.0,63.24333333333334
Not Listed / Othe,Triamcinolone,5.0,-0.033333333333333326,1.5,110.0,13.233333333333334
Not Listed / Othe,Triazolam,8.0,0.11923076923076924,14.0,28.0,9.03846153846154
Not Listed / Othe,Turmeric,10.0,1.0,42.0,5.0,14.9
Not Listed / Othe,Undecylenic acid,10.0,0.1625,4.0,1.0,5.225
Not Listed / Othe,Vancomycin,3.0,-0.05625,7.0,18.0,4.2875000000000005
Not Listed / Othe,Varenicline,8.5,-0.018923611111111106,0.0,794.0,82.76215277777779
Not Listed / Othe,Venlafaxine,6.25,0.14219299899446958,2.0,1016.0,104.78438599798895
Not Listed / Othe,Vilazodone,9.0,0.27999999999999997,1.0,427.0,47.06
Not Listed / Othe,Yohimbine,10.0,0.2,13.0,5.0,7.5
Not Listed / Othe,Zaleplon,8.0,0.0,4.0,56.0,9.600000000000001
Not Listed / Othe,Ziprasidone,3.0,-0.11349206349206349,0.0,178.0,18.773015873015876
Not Listed / Othe,Zolmitriptan,10.0,-0.03731684981684982,0.0,71.0,11.0253663003663
Not Listed / Othe,Zolpidem,9.25,0.41708333333333336,0.25,482.0,52.78416666666667
Obesity,Adipex-P,8.923076923076923,0.12494417529487303,52.8,326.0,46.97911911982052
Obesity,Alli,6.450980392156863,0.03056750146164154,66.13725490196079,55.0,21.368978140178186
Obesity,Aplenzin,7.0,0.0,62.0,6.0,15.8
Obesity,Belviq,7.994475138121547,0.1170501110268396,53.408839779005525,563.0,70.4136582331034
Obesity,Belviq XR,10.0,-0.037606837606837605,8.0,4.0,5.924786324786325
Obesity,Benzphetamine,7.5,0.0914404761904762,19.7,10.0,8.122880952380953
Obesity,Bontril PDM,6.75,0.06862790565915566,62.75,4.0,15.787255811318312
Obesity,Bontril Slow Release,7.352941176470588,0.04326765800335846,75.58823529411765,18.0,19.945358845418482
Obesity,Bupropion,8.2,0.04738095238095239,56.4,1022.0,116.85476190476192
Obesity,Bupropion / naltrexone,7.074670571010249,0.07546613056014113,26.849194729136165,950.0,103.35063943535161
Obesity,Chorionic gonadotropin (hcg),7.285714285714286,0.25875465143322285,36.0,8.0,11.431795017152162
Obesity,Contrave,6.989214175654854,0.07706877684362279,26.736517719568567,920.0,100.2971267678629
Obesity,Desoxyn,10.0,1.0,107.0,17.0,29.1
Obesity,Desvenlafaxine,8.333333333333334,0.02715628507295174,14.333333333333334,582.0,64.4543125701459
Obesity,Didrex,8.333333333333334,0.18743055555555557,31.166666666666668,6.0,10.541527777777778
Obesity,Diethylpropion,9.30952380952381,0.1356847989901233,44.13095238095238,85.0,21.321369597980247
Obesity,Fastin,10.0,0.011250000000000015,81.0,36.0,23.8225
Obesity,Ionamin,10.0,1.0,6.0,8.0,8.0
Obesity,Liraglutide,7.993650793650794,0.08701621519139695,25.793650793650794,755.0,84.03022290657327
Obesity,Lorcaserin,8.2,0.12702877284014352,52.95135135135135,572.0,71.32432781595057
Obesity,Meridia,8.146341463414634,0.21634197941408972,26.4390243902439,43.0,13.279025422242814
Obesity,Methamphetamine,10.0,0.2814814814814815,98.0,24.0,26.562962962962963
Obesity,Methylphenidate,6.0,0.2876666666666666,26.0,456.0,53.775333333333336
Obesity,Orlistat,7.658227848101266,0.09546505499390912,57.32911392405063,161.0,30.820044034038453
Obesity,Phendiet,8.0,-0.049999999999999996,22.0,1.0,7.6
Obesity,Phendimetrazine,8.333333333333334,0.10554459266332751,46.21111111111111,92.0,21.986644740882213
Obesity,Phentermine,8.69078947368421,0.11755489692149167,23.898026315789473,1543.0,162.79103084647457
Obesity,Phentermine / topiramate,8.454545454545455,0.099218134358827,44.7,359.0,48.420254450535836
Obesity,Pregnyl,9.0,0.45249999999999996,17.0,2.0,8.105
Obesity,Pristiq,8.5,0.12716299903799905,15.5,548.0,61.554325998076
Obesity,Qsymia,8.038095238095238,0.10031911001388877,44.923809523809524,312.0,43.60063822002778
Obesity,Saxenda,7.828,0.08433485701619745,24.096,345.0,42.61906971403239
Obesity,Tenuate,9.228571428571428,0.15786377738073942,60.371428571428574,36.0,19.681441840475767
Obesity,Tenuate Dospan,9.2,0.44728703703703704,61.2,5.0,17.314574074074077
Obesity,Topamax,7.458333333333333,0.06260964496962874,132.58333333333334,340.0,63.62521928993926
Obesity,Topiramate,7.62,0.07911127737870761,88.05,606.0,81.41622255475741
Obesity,Victoza,8.863636363636363,0.10325520719460114,77.4090909090909,344.0,53.63378314166193
Obesity,Xenical,8.53968253968254,0.13350669390758974,92.03174603174604,63.0,28.389235610037407
Obsessive Compulsive Disorde,Abilify,6.888888888888889,0.056601531184864516,35.22222222222222,446.0,54.513203062369726
Obsessive Compulsive Disorde,Anafranil,7.846153846153846,0.1059626330459664,68.03846153846153,39.0,20.858079112245775
Obsessive Compulsive Disorde,Aripiprazole,7.0,0.04514036468581924,23.181818181818183,500.0,57.52664436573528
Obsessive Compulsive Disorde,Celexa,8.75,0.12527777777777777,53.5,491.0,63.55055555555556
Obsessive Compulsive Disorde,Citalopram,7.529411764705882,0.00969168086815146,32.23529411764706,995.0,108.97820689114806
Obsessive Compulsive Disorde,Clomipramine,8.518518518518519,0.09857656849134587,45.44444444444444,75.0,20.19344943327899
Obsessive Compulsive Disorde,Clonazepam,9.0,0.17638888888888887,26.5,831.0,92.35277777777779
Obsessive Compulsive Disorde,Effexor,6.0,0.06107142857142857,24.0,265.0,33.82214285714286
Obsessive Compulsive Disorde,Effexor XR,9.0,0.11997668997668999,63.0,399.0,56.339953379953386
Obsessive Compulsive Disorde,Escitalopram,8.814814814814815,0.12344803279082413,51.666666666666664,1292.0,143.30615532484092
Obsessive Compulsive Disorde,Fluoxetine,8.02127659574468,0.13486787302250827,44.808510638297875,766.0,89.03994851200247
Obsessive Compulsive Disorde,Fluvoxamine,8.08695652173913,0.09969979616371714,41.34782608695652,116.0,23.303747418414392
Obsessive Compulsive Disorde,Geodon,9.0,0.1776666666666667,28.0,165.0,26.055333333333333
Obsessive Compulsive Disorde,Lexapro,9.25,0.12441386693017129,97.5,952.0,118.64882773386034
Obsessive Compulsive Disorde,Luvox,8.102564102564102,0.147113193538354,55.35897435897436,60.0,20.60704689989722
Obsessive Compulsive Disorde,Luvox CR,9.0,0.09357142857142858,32.0,7.0,10.887142857142857
Obsessive Compulsive Disorde,Mirtazapine,7.875,0.07183268698893701,29.25,546.0,63.743665373977876
Obsessive Compulsive Disorde,Olanzapine,6.375,0.016693793402777796,16.5,278.0,33.68338758680556
Obsessive Compulsive Disorde,Paroxetine,7.470588235294118,0.0986793078925432,42.1764705882353,645.0,76.1208880275498
Obsessive Compulsive Disorde,Paxil,8.0,0.045618383237133235,63.13333333333333,457.0,61.61790343314094
Obsessive Compulsive Disorde,Prozac,8.324324324324325,0.11238839406787295,57.37837837837838,472.0,62.230182193541154
Obsessive Compulsive Disorde,Quetiapine,8.692307692307692,0.22523248533007892,25.23076923076923,831.0,92.07354189373709
Obsessive Compulsive Disorde,Rilutek,9.0,0.25166666666666665,30.0,1.0,10.203333333333333
Obsessive Compulsive Disorde,Riluzole,8.0,0.19353395061728396,14.333333333333334,4.0,6.853734567901236
Obsessive Compulsive Disorde,Seroquel,8.8,0.2824586776859504,44.0,334.0,46.2849173553719
Obsessive Compulsive Disorde,Sertraline,8.1875,0.0944123037420655,44.025,1360.0,148.26882460748413
Obsessive Compulsive Disorde,Tramadol,9.0,0.22199999999999998,58.0,820.0,97.644
Obsessive Compulsive Disorde,Venlafaxine,8.0,-0.01981635573421288,24.7,1016.0,109.70036728853158
Obsessive Compulsive Disorde,Vilazodone,3.0,-0.10443856554967663,3.6666666666666665,427.0,44.42445620223398
Obsessive Compulsive Disorde,Ziprasidone,9.0,0.1776666666666667,28.0,178.0,27.355333333333334
Obsessive Compulsive Disorde,Zoloft,8.035714285714286,0.0495573840900112,54.410714285714285,805.0,94.69554333960859
Obsessive Compulsive Disorde,Zyprexa,5.333333333333333,0.006944444444444466,32.0,167.0,25.24722222222222
Obstructive Sleep Apnea/Hypopnea Syndrome,Armodafinil,8.5,0.04888003665506371,23.083333333333332,206.0,28.714426739976794
Obstructive Sleep Apnea/Hypopnea Syndrome,Modafinil,8.352941176470589,0.12204532263680189,24.58823529411765,209.0,29.40291417468537
Obstructive Sleep Apnea/Hypopnea Syndrome,Nuvigil,8.136363636363637,0.06358184544213957,24.90909090909091,169.0,25.263527327247917
Obstructive Sleep Apnea/Hypopnea Syndrome,Provigil,8.352941176470589,0.1928879847393503,43.0,113.0,23.626952440066937
Occipital Neuralgia,Gabapentin,10.0,0.047665429808286953,10.0,1047.0,110.79533085961657
Ocular Rosacea,Doxycycline,6.0,0.0749970484061393,6.0,627.0,66.44999409681228
Ocular Rosacea,Oracea,10.0,0.11482093663911842,11.0,31.0,9.529641873278237
Oligospermia,Clomiphene,7.333333333333333,0.028988422234036276,13.0,40.0,9.591310177801406
"Onychomycosis, Fingernail",Ciclopirox,8.0,-0.12222222222222219,35.0,12.0,11.155555555555555
"Onychomycosis, Fingernail",Itraconazole,1.0,-0.10249999999999998,5.0,18.0,2.995
"Onychomycosis, Fingernail",Lamisil,9.666666666666666,0.13957671957671958,33.666666666666664,63.0,17.17915343915344
"Onychomycosis, Fingernail",Penlac Nail Lacquer,8.0,-0.038888888888888876,36.5,3.0,10.722222222222223
"Onychomycosis, Fingernail",Sporanox,1.0,-0.10249999999999998,5.0,8.0,1.995
"Onychomycosis, Fingernail",Terbinafine,8.11111111111111,0.09754464174146192,21.666666666666668,173.0,25.072867061260702
"Onychomycosis, Toenail",Ciclodan,10.0,0.41875,37.0,1.0,12.3375
"Onychomycosis, Toenail",Ciclopirox,7.8,0.1531417233560091,55.6,12.0,15.74628344671202
"Onychomycosis, Toenail",Diflucan,10.0,0.07500000000000001,79.5,67.0,26.75
"Onychomycosis, Toenail",Efinaconazole,5.613333333333333,0.018814367715041816,11.413333333333334,75.0,12.065628735430085
"Onychomycosis, Toenail",Fluconazole,9.5,0.06874999999999999,35.833333333333336,200.0,31.104166666666668
"Onychomycosis, Toenail",Gris-PEG,1.0,-0.21166666666666656,8.0,3.0,1.8766666666666671
"Onychomycosis, Toenail",Griseofulvin,1.0,-0.38916666666666655,4.5,10.0,1.521666666666667
"Onychomycosis, Toenail",Itraconazole,9.0,-0.022647306397306402,30.0,18.0,11.354705387205389
"Onychomycosis, Toenail",Jublia,5.732394366197183,0.04423405361116614,11.169014084507042,71.0,11.715228670602613
"Onychomycosis, Toenail",Kerydin,4.6875,0.013575750060125064,12.4375,17.0,6.08965150012025
"Onychomycosis, Toenail",Lamisil,7.4423076923076925,0.0009789389162852872,61.71153846153846,63.0,21.62118864706334
"Onychomycosis, Toenail",Pedipirox-4,3.0,0.2,12.0,1.0,4.1
"Onychomycosis, Toenail",Penlac,8.0,0.205,83.0,1.0,20.310000000000002
"Onychomycosis, Toenail",Penlac Nail Lacquer,2.0,0.0,65.0,3.0,14.100000000000001
"Onychomycosis, Toenail",Sporanox,7.666666666666667,0.011179573512906845,30.666666666666668,8.0,10.022359147025815
"Onychomycosis, Toenail",Tavaborole,5.5,-0.019762566137566138,9.916666666666666,12.0,5.343808201058201
"Onychomycosis, Toenail",Terbinafine,7.006993006993007,0.043822661304072,32.50349650349651,173.0,26.691141826104648
Oophorectomy,Climara,7.0,0.25,16.0,13.0,7.8
Oophorectomy,Conjugated estrogens,8.375,0.24406250000000002,49.625,42.0,17.963125
Oophorectomy,Conjugated estrogens / medroxyprogesterone,3.0,0.02338827838827841,19.0,12.0,6.246776556776557
Oophorectomy,Enjuvia,10.0,0.5416666666666666,0.0,2.0,5.283333333333333
Oophorectomy,Estradiol,6.538461538461538,0.14673587304196278,18.846153846153847,241.0,30.778087130699312
Oophorectomy,Estradiol Patch,4.5,0.13090277777777778,28.0,10.0,8.661805555555556
Oophorectomy,Premarin,9.4,0.24250000000000002,66.4,29.0,20.425000000000004
Oophorectomy,Prempro,3.0,0.02338827838827841,19.0,10.0,6.046776556776557
Oophorectomy,Vivelle-Dot,5.5,0.07550154320987654,23.5,17.0,8.751003086419754
Ophthalmic Surgery,Moxifloxacin,6.666666666666667,0.2351851851851852,31.0,126.0,21.937037037037037
Ophthalmic Surgery,Vigamox,4.333333333333333,0.09907407407407409,28.666666666666668,11.0,8.764814814814816
Ophthalmic Surgery,Zymar,10.0,0.033333333333333326,5.0,3.0,5.366666666666666
Opiate Adjunct,Phenergan,7.8,0.23347222222222222,21.8,67.0,14.646944444444445
Opiate Adjunct,Promethazine,8.333333333333334,0.10080840455840456,28.5,129.0,22.134950142450144
Opiate Dependence,Bunavail,6.088235294117647,0.016067046549583314,16.970588235294116,34.0,9.26154585780505
Opiate Dependence,Buprenorphine,9.186666666666667,0.15530163565394767,38.70666666666666,288.0,40.5266032713079
Opiate Dependence,Buprenorphine / naloxone,8.624708624708624,0.11194026485352014,29.923076923076923,437.0,53.358379364205874
Opiate Dependence,Naltrexone,8.125,0.08838657125156116,44.263888888888886,180.0,30.2795509202809
Opiate Dependence,Revia,10.0,0.17857142857142855,24.0,6.0,9.757142857142858
Opiate Dependence,Suboxone,9.051724137931034,0.1114295737190886,36.0,355.0,46.54354880261059
Opiate Dependence,Subutex,9.224489795918368,0.1506398559155412,49.285714285714285,61.0,19.94821848734129
Opiate Dependence,Vivitrol,7.9523809523809526,0.1019989311684738,53.42857142857143,54.0,19.470664529003614
Opiate Dependence,Zubsolv,6.970588235294118,0.0918609855734501,22.147058823529413,34.0,10.80136902997043
Opiate Withdrawal,Catapres,8.428571428571429,0.10736678004535148,94.71428571428571,33.0,25.829019274376417
Opiate Withdrawal,Catapres-TTS,8.333333333333334,0.19675925925925927,42.333333333333336,8.0,12.99351851851852
Opiate Withdrawal,Chlordiazepoxide,7.0,-0.14635416666666667,16.5,90.0,14.807291666666668
Opiate Withdrawal,Chlorpromazine,8.5,0.11150432900432901,21.5,33.0,11.22300865800866
Opiate Withdrawal,Clonidine,8.204724409448819,0.051585364631297335,73.03149606299213,315.0,49.49135970564055
Opiate Withdrawal,Dolophine,9.75,0.03583333333333334,42.75,13.0,13.821666666666669
Opiate Withdrawal,Methadone,8.796747967479675,0.13652385054446028,36.073170731707314,328.0,43.80638103442226
Opiate Withdrawal,Methadone Diskets,9.166666666666666,0.23580893221702046,40.75,23.0,14.588284531100708
Opiate Withdrawal,Methadose,8.6,0.13307280005569477,55.4,25.0,17.28614560011139
Opiate Withdrawal,Methocarbamol,7.888888888888889,0.10875492408825743,119.88888888888889,128.0,40.15084318150985
Opiate Withdrawal,Robaxin,7.8,0.09402472527472529,166.6,37.0,40.32804945054946
Opiate Withdrawal,Robaxin-750,9.5,0.1996590909090909,295.0,24.0,65.59931818181819
Opiate Withdrawal,Tramadol,10.0,0.21592592592592597,25.0,820.0,91.43185185185186
Opioid Overdose,Naloxone,9.428571428571429,0.15171957671957673,10.571428571428571,10.0,7.18915343915344
Opioid Overdose,Narcan Injection,10.0,0.03125000000000001,7.666666666666667,4.0,5.995833333333334
Opioid-Induced Constipation,Amitiza,3.6,-0.0026989087301587306,2.8,140.0,15.994602182539683
Opioid-Induced Constipation,Lubiprostone,4.25,-0.019544270833333335,3.5,139.0,16.260911458333332
Opioid-Induced Constipation,Methylnaltrexone,8.0,0.33333333333333337,5.0,21.0,6.966666666666667
Opioid-Induced Constipation,Movantik,5.875,-0.09172014301696058,6.875,102.0,13.74155971396608
Opioid-Induced Constipation,Naloxegol,4.733333333333333,-0.16102802358317062,6.733333333333333,100.0,12.91794395283366
Opioid-Induced Constipation,Relistor,6.333333333333333,-0.06388888888888887,6.333333333333333,23.0,5.972222222222222
Oppositional Defiant Disorde,Vyvanse,10.0,0.1,44.0,434.0,56.400000000000006
Oral Thrush,Clotrimazole,4.888888888888889,0.07900616799426323,23.11111111111111,13.0,8.035790113766305
Oral Thrush,Diflucan,10.0,0.7041666666666667,20.0,67.0,16.108333333333334
Oral Thrush,Fluconazole,10.0,0.4083333333333334,18.5,200.0,28.516666666666666
Oral Thrush,Gentian violet,7.0,0.05694444444444444,0.0,1.0,3.0138888888888893
Oral Thrush,Mycelex Troche,5.75,0.11757478632478632,38.0,4.0,10.535149572649575
Oral Thrush,Nilstat,9.0,-0.0954861111111111,28.0,2.0,9.209027777777777
Oral Thrush,Nystatin,8.0,-0.058490002061430624,30.818181818181817,20.0,11.246656359513503
Oral and Dental Conditions,Benzocaine,1.0,-0.1466089466089466,1.5,8.0,1.206782106782107
Oral and Dental Conditions,Clove,10.0,0.1111111111111111,4.0,1.0,5.122222222222222
Oral and Dental Conditions,Topical Anesthetic Dental Gel,1.0,-0.20079365079365077,3.0,1.0,0.6984126984126985
"Organ Transplant, Rejection Prophylaxis",CellCept,8.142857142857142,0.28010204081632656,11.714285714285714,19.0,8.060204081632653
"Organ Transplant, Rejection Prophylaxis",Cyclosporine,10.0,-0.4598214285714286,7.0,34.0,7.880357142857143
"Organ Transplant, Rejection Prophylaxis",Gengraf,10.0,-0.5,10.0,1.0,5.1
"Organ Transplant, Rejection Prophylaxis",Hecoria,10.0,0.2916666666666667,2.0,1.0,5.083333333333333
"Organ Transplant, Rejection Prophylaxis",Mycophenolate mofetil,9.0,0.42000000000000004,12.6,31.0,10.06
"Organ Transplant, Rejection Prophylaxis",Neoral,10.0,-0.41964285714285715,4.0,3.0,4.260714285714285
"Organ Transplant, Rejection Prophylaxis",Prograf,8.529411764705882,0.05390244650048572,15.470588235294118,18.0,8.41368724594215
"Organ Transplant, Rejection Prophylaxis",Tacrolimus,8.526315789473685,0.04701994934152032,10.526315789473685,49.0,10.509829372367253
"Organ Transplant, Rejection Reversal",Prograf,8.0,0.0,0.0,18.0,5.0
Osteoarthritis,Acetaminophen / aspirin / caffeine,6.0,0.13392857142857142,1.0,87.0,11.567857142857145
Osteoarthritis,Acetaminophen / codeine,8.0,0.225,53.0,103.0,24.550000000000004
Osteoarthritis,Acetaminophen / propoxyphene,4.0,-0.1875,3.0,55.0,7.325
Osteoarthritis,Aleve,6.25,0.024952651515151525,69.25,66.0,22.999905303030307
Osteoarthritis,Anaprox,2.0,0.39999999999999997,15.0,3.0,4.8999999999999995
Osteoarthritis,Arthrotec,8.875,0.10020651050338551,60.9375,27.0,18.63791302100677
Osteoarthritis,Aspirin,8.0,0.6666666666666666,0.0,20.0,6.533333333333333
Osteoarthritis,Bextra,10.0,0.185,6.5,5.0,6.17
Osteoarthritis,Bioflavonoids,7.375,0.2109354014041514,20.375,8.0,8.246870802808303
Osteoarthritis,Capsaicin,6.0,0.058201889931056607,21.833333333333332,36.0,10.48307044652878
Osteoarthritis,Capzasin-HP,7.0,0.2571969696969697,30.5,4.0,9.81439393939394
Osteoarthritis,Capzasin-P,1.0,-0.6625,5.0,1.0,0.17500000000000007
Osteoarthritis,Cataflam,9.5,0.08863095238095238,57.5,21.0,17.577261904761905
Osteoarthritis,Celebrex,7.85,0.12305497036961881,49.85,97.0,23.05610994073924
Osteoarthritis,Celecoxib,7.666666666666667,0.11531416309158343,43.549019607843135,109.0,22.907098914418462
Osteoarthritis,Chondroitin / glucosamine,7.5,-0.209375,5.5,6.0,4.28125
Osteoarthritis,Chondroitin / glucosamine / methylsulfonylmethane,5.0,-0.01374587713873427,3.0,2.0,2.7725082457225314
Osteoarthritis,Cymbalta,7.157894736842105,0.14710973967552915,56.473684210526315,864.0,100.85211421619317
Osteoarthritis,Daypro,8.0,0.8,40.0,2.0,13.0
Osteoarthritis,Depo-Medrol,10.0,0.12145833333333338,32.5,8.0,11.542916666666667
Osteoarthritis,Diclofenac,8.322033898305085,0.11093880127702485,43.79661016949152,482.0,60.51001319577439
Osteoarthritis,Diclofenac / misoprostol,7.882352941176471,0.07811694677871149,50.1764705882353,29.0,16.244469187675072
Osteoarthritis,Diflunisal,9.5,0.06273809523809526,4.5,6.0,5.425476190476191
Osteoarthritis,Dolobid,10.0,0.125,1.0,2.0,4.65
Osteoarthritis,Duexis,6.857142857142857,0.024382472686044127,10.714285714285714,11.0,6.034479231086374
Osteoarthritis,Duloxetine,7.166666666666667,0.13552779096760578,53.27777777777778,934.0,107.19327780415745
Osteoarthritis,Esomeprazole / naproxen,6.384615384615385,0.06459980675889769,24.0,21.0,9.58304576736395
Osteoarthritis,Etodolac,7.7,0.3403134920634921,28.2,40.0,13.400626984126985
Osteoarthritis,Euflexxa,6.448979591836735,0.08634634545534775,40.05102040816327,99.0,20.662488609278043
Osteoarthritis,Excedrin,6.0,0.5333333333333333,8.0,13.0,6.366666666666666
Osteoarthritis,Famotidine / ibuprofen,5.888888888888889,0.03665408424523008,10.88888888888889,12.0,5.806641501823794
Osteoarthritis,Feldene,9.0,0.2820604395604396,35.0,9.0,12.06412087912088
Osteoarthritis,Glucosamine,10.0,0.02902777777777778,20.0,2.0,8.258055555555554
Osteoarthritis,Hyalgan,1.0,0.08333333333333333,3.0,1.0,1.2666666666666668
Osteoarthritis,Hyaluronan,6.690476190476191,0.06631854223696469,34.023809523809526,84.0,18.013589465426314
Osteoarthritis,Hylan g-f 20,6.333333333333333,0.05153338581829612,31.447916666666668,96.0,18.52598343830326
Osteoarthritis,Ibuprofen,9.5,0.4708333333333333,24.0,85.0,18.041666666666668
Osteoarthritis,Indocin,9.0,0.2,54.0,20.0,16.8
Osteoarthritis,Indomethacin,9.666666666666666,0.08888888888888889,25.333333333333332,103.0,19.41111111111111
Osteoarthritis,Kenalog-10,1.0,0.008551587301587293,3.0,11.0,2.1171031746031748
Osteoarthritis,Kenalog-40,6.0,-0.06760818216175359,4.666666666666667,12.0,4.398116969009827
Osteoarthritis,Ketoprofen,10.0,0.0009126984126984285,4.0,15.0,6.3018253968253966
Osteoarthritis,Limbrel,8.0,0.22088553113553117,27.6,7.0,9.861771062271062
Osteoarthritis,Limbrel 500,8.0,0.15833333333333335,11.0,1.0,5.816666666666666
Osteoarthritis,Lodine,9.333333333333334,0.39319444444444446,19.0,9.0,9.219722222222224
Osteoarthritis,Medrol Dosepak,10.0,0.3166666666666667,68.0,9.0,19.133333333333333
Osteoarthritis,Meloxicam,7.333333333333333,0.08343405389500423,56.735632183908045,250.0,39.447327877904954
Osteoarthritis,Methyl salicylate,9.25,0.3287301136363636,0.75,13.0,5.807460227272728
Osteoarthritis,Methylprednisolone,8.4,0.10200000000000002,36.0,152.0,25.964000000000002
Osteoarthritis,Mobic,8.482758620689655,0.13420830837425665,90.41379310344827,84.0,30.144278685714035
Osteoarthritis,Monovisc,6.333333333333333,-0.030430839002267573,7.0,3.0,4.172471655328798
Osteoarthritis,Nabumetone,5.9,0.14948294090363418,40.1,48.0,15.478965881807271
Osteoarthritis,Naprelan,9.333333333333334,0.18333333333333335,17.666666666666668,9.0,8.533333333333335
Osteoarthritis,Naprosyn,6.0,0.20435714285714285,39.4,19.0,12.588714285714287
Osteoarthritis,Naproxen,6.583333333333333,0.11384682639890974,29.75,308.0,39.61102698613115
Osteoarthritis,Orthovisc,6.623376623376624,0.07415254820559733,37.90909090909091,79.0,18.279473927580028
Osteoarthritis,Osteo Bi-Flex,9.0,0.08124999999999999,11.0,1.0,6.0625
Osteoarthritis,Oxaprozin,8.5,0.65,21.0,6.0,9.5
Osteoarthritis,Pennsaid,8.818181818181818,0.049021980004122855,33.09090909090909,11.0,11.343498505462792
Osteoarthritis,Piroxicam,7.8,0.26493406593406593,29.6,16.0,11.169868131868133
Osteoarthritis,Prednisone,9.75,0.07050865800865799,5.0,289.0,33.941017316017316
Osteoarthritis,Relafen,8.5,0.23346706864564007,94.0,17.0,24.36693413729128
Osteoarthritis,S-adenosylmethionine,4.5,-0.4624999999999999,15.5,12.0,5.175000000000001
Osteoarthritis,Salonpas Pain Patch,4.333333333333333,0.10459259259259258,0.6666666666666666,9.0,2.9758518518518517
Osteoarthritis,Salsalate,5.5,0.06250000000000001,24.0,3.0,7.425000000000001
Osteoarthritis,Sodium hyaluronate,6.555555555555555,0.06652911158695247,35.14529914529915,122.0,21.98434027445596
Osteoarthritis,Solu-Medrol,6.0,-0.36999999999999994,43.0,5.0,10.76
Osteoarthritis,Sulindac,10.0,0.015503246753246751,10.0,15.0,7.531006493506493
Osteoarthritis,Supartz,5.833333333333333,0.0314950597242264,28.61111111111111,18.0,9.91854567500401
Osteoarthritis,Synvisc,5.666666666666667,0.07839373652298823,18.333333333333332,22.0,8.29012080637931
Osteoarthritis,Synvisc-One,6.45,0.03258831470721682,35.4,61.0,15.825176629414436
Osteoarthritis,Triamcinolone,5.714285714285714,0.010323534175574989,3.142857142857143,110.0,13.934932782636864
Osteoarthritis,Trolamine salicylate,8.25,0.109375,13.75,22.0,8.46875
Osteoarthritis,Tylenol with Codeine #3,9.0,0.1125,51.5,65.0,20.625
Osteoarthritis,Valdecoxib,9.666666666666666,0.21708333333333332,6.0,9.0,6.400833333333334
Osteoarthritis,Vimovo,8.625,0.2204004329004329,34.75,17.0,12.540800865800865
Osteoarthritis,Voltaren,9.352941176470589,0.13516415025606204,69.17647058823529,89.0,26.74679888874742
Osteoarthritis,Voltaren Gel,8.405405405405405,0.1589346147739005,51.45945945945946,111.0,25.07192328360186
Osteoarthritis,Zorvolex,10.0,0.060833333333333336,43.0,10.0,13.721666666666668
Osteoarthritis,Zostrix,10.0,0.10925925925925924,39.0,1.0,12.118518518518519
Osteolytic Bone Lesions of Multiple Myeloma,Zoledronic acid,5.5,-0.041827922077922075,20.0,47.0,10.816344155844156
Osteolytic Bone Lesions of Multiple Myeloma,Zometa,9.0,0.08124999999999999,22.5,13.0,9.5625
Osteolytic Bone Metastases of Solid Tumors,Denosumab,9.0,-0.06634199134199135,9.0,56.0,10.867316017316018
Osteolytic Bone Metastases of Solid Tumors,Zoledronic acid,7.0,-0.19285714285714284,10.166666666666666,47.0,9.147619047619049
Osteolytic Bone Metastases of Solid Tumors,Zometa,5.4,-0.1825,11.2,13.0,5.335
Osteoporosis,Actonel,2.9,-0.05003400072150073,73.5,11.0,16.859931998557
Osteoporosis,Actonel with Calcium,3.0,0.05,8.0,1.0,3.0000000000000004
Osteoporosis,Alendronate,3.0625,-0.008058541019846164,117.4375,22.0,26.896382917960306
Osteoporosis,Atelvia,2.0,-0.04583333333333334,20.0,2.0,4.908333333333333
Osteoporosis,Boniva,5.823529411764706,0.07225284729276327,61.294117647058826,19.0,16.632740988703173
Osteoporosis,Calcitonin,5.0,0.025000000000000005,17.0,3.0,5.75
Osteoporosis,Calcium / vitamin d,9.0,0.5,15.0,1.0,7.699999999999999
Osteoporosis,Calcium carbonate,8.0,0.8,5.0,10.0,6.800000000000001
Osteoporosis,Calcium carbonate / risedronate,3.0,0.05,8.0,1.0,3.0000000000000004
Osteoporosis,Climara,4.0,0.20476190476190476,7.0,13.0,4.70952380952381
Osteoporosis,Conjugated estrogens,10.0,-0.1508507696007696,43.666666666666664,42.0,16.631631794131792
Osteoporosis,Denosumab,3.6037735849056602,-0.07035835254326624,111.41509433962264,56.0,29.18381159680026
Osteoporosis,Estradiol,4.0,0.20476190476190476,7.0,241.0,27.509523809523813
Osteoporosis,Evista,5.5,0.044744318181818184,62.5,3.0,15.089488636363637
Osteoporosis,Forteo,6.086956521739131,-0.01607325904506443,81.34782608695652,46.0,23.272201307996827
Osteoporosis,Fortical,1.0,0.049999999999999996,47.0,1.0,10.0
Osteoporosis,Fosamax,3.3636363636363638,0.022100203717850778,173.63636363636363,12.0,37.316927680162976
Osteoporosis,Ibandronate,4.761904761904762,0.026776964815230123,50.333333333333336,23.0,14.324982501059035
Osteoporosis,Miacalcin,1.0,-0.22499999999999998,10.0,1.0,2.0500000000000003
Osteoporosis,Premarin,10.0,-0.1798611111111111,4.0,29.0,7.340277777777779
Osteoporosis,Prolia,3.6153846153846154,-0.061176324397205536,119.3076923076923,52.0,30.385339658897898
Osteoporosis,Raloxifene,5.5,0.044744318181818184,62.5,5.0,15.289488636363636
Osteoporosis,Reclast,6.133333333333334,0.0007482531357531352,76.3,33.0,21.01482983960484
Osteoporosis,Risedronate,4.0625,0.02624346139971139,59.75,17.0,15.327486922799423
Osteoporosis,Teriparatide,6.146341463414634,0.00518113385596985,78.04878048780488,43.0,22.37865495063877
Osteoporosis,Zoledronic acid,5.4411764705882355,-0.018043310878482443,62.5,47.0,19.340383966478328
Osteoporosis,Zometa,6.25,0.00022005772005772792,10.5,13.0,5.900440115440115
Otitis Externa,Ciprodex,5.583333333333333,0.08979187334656086,2.25,26.0,5.462917080026456
Otitis Externa,Ciprofloxacin / dexamethasone,4.8,0.014073944160997748,1.7,19.0,4.188147888321995
Otitis Externa,Hydrocortisone / neomycin / polymyxin b,5.4,-0.09016666666666667,1.2,10.0,3.219666666666667
Otitis Media,A / B Otic,10.0,0.2875,20.0,1.0,8.674999999999999
Otitis Media,Amoxicillin,5.2,0.029373015873015874,9.0,115.0,15.438746031746032
Otitis Media,Amoxicillin / clavulanate,4.5,0.05266056116502545,8.928571428571429,321.0,35.79103540804434
Otitis Media,Antipyrine / benzocaine,10.0,0.41875,17.0,2.0,8.4375
Otitis Media,Augmentin,4.923076923076923,0.10485350920447074,10.692307692307692,169.0,21.21739932610125
Otitis Media,Azithromycin,6.333333333333333,0.18960381054131056,11.0,548.0,59.91254095441596
Otitis Media,Bactrim,5.0,-0.13889520202020203,9.666666666666666,212.0,24.85554292929293
Otitis Media,Biaxin,6.5,0.08854166666666666,13.0,44.0,9.777083333333334
Otitis Media,Cefdinir,4.333333333333333,-0.02131427091427091,10.633333333333333,138.0,17.61737145817146
Otitis Media,Cefixime,10.0,0.4,13.0,7.0,8.1
Otitis Media,Ceftriaxone,9.666666666666666,0.021496913580246912,11.333333333333334,52.0,11.376327160493828
Otitis Media,Cefuroxime,6.0,0.007142857142857125,2.0,53.0,8.114285714285716
Otitis Media,Cephalexin,8.0,0.0,32.0,155.0,25.1
Otitis Media,Ciprodex,7.230769230769231,0.058118767806267804,15.923076923076923,26.0,8.793160612535614
Otitis Media,Ciprofloxacin / dexamethasone,6.333333333333333,0.07182998971193416,12.555555555555555,19.0,7.088104423868312
Otitis Media,Clarithromycin,7.545454545454546,-0.04190252868824298,8.272727272727273,291.0,33.688922215350786
Otitis Media,Erythromycin,7.0,-0.2375,19.0,19.0,8.025
Otitis Media,Hydrocortisone / neomycin / polymyxin b,3.0,-0.3125,3.0,10.0,2.1750000000000003
Otitis Media,Keflex,8.0,0.0,32.0,34.0,13.000000000000002
Otitis Media,Levaquin,8.0,-0.14583333333333334,35.0,202.0,30.108333333333334
Otitis Media,Levofloxacin,2.75,-0.1296875,12.0,327.0,35.940625000000004
Otitis Media,Ofloxacin,1.0,0.0,1.0,6.0,1.2000000000000002
Otitis Media,Omnicef,7.0,-0.05597798035298036,13.454545454545455,28.0,8.178953130203132
Otitis Media,Rocephin,9.666666666666666,0.021496913580246912,11.333333333333334,52.0,11.376327160493828
Otitis Media,Septra DS,8.0,0.0,4.0,19.0,5.9
Otitis Media,Sulfamethoxazole / trimethoprim,5.166666666666667,-0.1009290824915825,6.5,527.0,55.864808501683505
Otitis Media,Suprax,10.0,0.4,13.0,5.0,7.9
Otitis Media,Zithromax,4.666666666666667,0.11083333333333333,14.666666666666666,79.0,12.921666666666667
Ovarian Cance,Altretamine,5.0,0.07314814814814814,16.0,1.0,5.446296296296296
Ovarian Cance,Avastin,5.5,0.06749691358024693,18.0,15.0,7.434993827160494
Ovarian Cance,Bevacizumab,4.333333333333333,-0.043890946502057604,13.333333333333334,17.0,6.012218106995886
Ovarian Cance,Carboplatin,9.0,0.26666666666666666,12.0,2.0,6.733333333333334
Ovarian Cance,Cyclophosphamide,5.0,-0.01458333333333333,0.0,7.0,2.6708333333333334
Ovarian Cance,Hexalen,5.0,0.07314814814814814,16.0,1.0,5.446296296296296
Ovarian Cance,Niraparib,1.0,0.0,1.0,1.0,0.7000000000000001
Ovarian Cance,Paclitaxel,7.5,0.13750000000000004,32.0,4.0,10.075000000000001
Ovarian Cance,Paraplatin,9.0,0.26666666666666666,12.0,2.0,6.733333333333334
Ovarian Cance,Taxol,8.0,0.4000000000000001,63.0,5.0,17.1
Ovarian Cance,Zejula,1.0,0.0,1.0,1.0,0.7000000000000001
Ovarian Cysts,Aviane,4.333333333333333,0.06993853882742772,3.888888888888889,249.0,27.55098818876597
Ovarian Cysts,Ethinyl estradiol / levonorgestrel,6.0,-0.036389707514707506,4.6,1888.0,192.0472205849706
Ovarian Cysts,Ethinyl estradiol / norgestimate,6.407407407407407,-0.0025130785942668013,6.537037037037037,2117.0,215.56534421318185
Ovarian Cysts,Lessina,10.0,0.20333333333333337,0.0,10.0,5.406666666666666
Ovarian Cysts,Levora,8.0,-0.036028138528138534,1.0,122.0,15.527943722943725
Ovarian Cysts,LoSeasonique,6.4,-0.08972236097236094,7.6,73.0,11.20055527805528
Ovarian Cysts,Lutera,3.5,-0.010069444444444436,1.0,205.0,22.07986111111111
Ovarian Cysts,Mononessa,7.25,0.09470529470529471,9.75,129.0,17.939410589410592
Ovarian Cysts,Orsythia,8.0,0.0,4.0,149.0,18.9
Ovarian Cysts,Ortho Cyclen,5.5,0.018333333333333337,8.0,37.0,7.536666666666667
Ovarian Cysts,Ortho Tri-Cyclen,5.6,0.04075865928942851,1.0,138.0,16.321517318578856
Ovarian Cysts,Ortho Tri-Cyclen Lo,8.1,0.05514852753455694,10.6,215.0,26.970297055069114
Ovarian Cysts,Previfem,8.0,-0.029687500000000006,0.0,20.0,5.140625
Ovarian Cysts,Quasense,1.0,-0.5399999999999999,0.0,37.0,3.0200000000000005
Ovarian Cysts,Seasonale,4.0,-0.1278846153846154,3.0,25.0,4.444230769230769
Ovarian Cysts,Seasonique,7.0,0.03772707231040565,6.666666666666667,220.0,26.208787477954147
Ovarian Cysts,Sprintec,6.529411764705882,-0.08465125100230997,8.588235294117647,509.0,55.06010926270127
Ovarian Cysts,Tri-Lo-Sprintec,1.0,-0.10643939393939394,2.0,53.0,5.887121212121213
Ovarian Cysts,Tri-Previfem,4.0,-0.06180555555555556,2.5,130.0,14.97638888888889
Ovarian Cysts,Tri-Sprintec,6.5,-0.04145180088079082,3.375,392.0,42.39209639823842
Ovarian Cysts,TriNessa,4.0,-0.1459456699346405,1.5,277.0,29.30810866013072
Ovarian Cysts,TriNessa Lo,8.0,0.16296296296296295,2.0,13.0,5.225925925925926
Overactive Bladde,Anturol,3.0,0.28500000000000003,16.0,1.0,5.07
Overactive Bladde,Belladonna / opium,9.833333333333334,0.05248277376765101,17.833333333333332,6.0,8.204965547535302
Overactive Bladde,Botox,5.552238805970149,0.006882359920981157,47.8955223880597,160.0,27.813764719841963
Overactive Bladde,Darifenacin,7.818181818181818,0.005519577224122676,30.272727272727273,16.0,10.792857336266428
Overactive Bladde,Detrol,7.333333333333333,0.1614699074074074,33.916666666666664,14.0,11.439606481481482
Overactive Bladde,Detrol LA,6.625,-0.0761904761904762,27.5,13.0,9.29761904761905
Overactive Bladde,Ditropan,4.090909090909091,-0.05512265512265511,26.90909090909091,16.0,8.50793650793651
Overactive Bladde,Ditropan XL,10.0,0.1,18.0,2.0,8.0
Overactive Bladde,Enablex,6.888888888888889,0.1028572610517055,25.0,13.0,9.261270077658967
Overactive Bladde,Fesoterodine,5.625,0.05752469816906666,30.958333333333332,26.0,11.156716063004799
Overactive Bladde,Flavoxate,3.0,0.2333333333333333,4.0,2.0,2.666666666666667
Overactive Bladde,Flomax,3.25,-0.03597222222222222,62.125,117.0,25.353055555555557
Overactive Bladde,Gelnique,7.0,0.03652777777777778,14.333333333333334,4.0,6.139722222222224
Overactive Bladde,Mirabegron,5.171052631578948,0.016539795042883824,39.68421052631579,96.0,19.638342747980506
Overactive Bladde,Myrbetriq,5.65,-0.006885998740016591,47.5,77.0,19.446228002519966
Overactive Bladde,OnabotulinumtoxinA,5.2,0.009988647786630446,46.09230769230769,167.0,28.018438834034797
Overactive Bladde,Oxybutynin,6.546511627906977,0.07310147628965641,31.63953488372093,154.0,24.492714580486293
Overactive Bladde,Oxytrol,7.535714285714286,-0.0016614160475767574,50.67857142857143,36.0,16.74667716790485
Overactive Bladde,Sanctura,8.0,0.098695987654321,33.22222222222222,12.0,11.241836419753088
Overactive Bladde,Sanctura XR,8.666666666666666,0.09722222222222222,20.0,6.0,8.261111111111111
Overactive Bladde,Saw palmetto,1.0,-0.012499999999999999,0.0,5.0,0.875
Overactive Bladde,Solifenacin,5.553571428571429,0.004004822155419248,40.607142857142854,77.0,18.050866787167983
Overactive Bladde,Tamsulosin,5.4,-0.021205492424242425,44.95,181.0,29.207589015151516
Overactive Bladde,Tolterodine,7.0,0.06243324915824916,25.48,33.0,11.3208664983165
Overactive Bladde,Toviaz,5.08,0.06547397065897066,27.96,27.0,10.454947941317943
Overactive Bladde,Trospium,7.0625,0.031199720418470422,28.0,24.0,10.887399440836942
Overactive Bladde,Urispas,3.0,0.2333333333333333,4.0,1.0,2.566666666666667
Overactive Bladde,VESIcare,5.333333333333333,-0.0011143234492683102,39.86274509803921,70.0,17.10365370604264
Ovulation Induction,Clomid,7.333333333333333,0.0965246807376437,74.77777777777777,34.0,21.481938250364173
Ovulation Induction,Clomiphene,7.333333333333333,0.08997087017920351,27.5,40.0,12.61327507369174
Ovulation Induction,Pregnyl,10.0,0.045,1.0,2.0,4.49
Paget's Disease,Actonel,10.0,-0.05,34.0,11.0,11.8
Paget's Disease,Zometa,10.0,0.5850000000000001,22.0,13.0,10.870000000000001
Pain,Acetaminophen,7.761904761904762,0.2743941111798255,11.666666666666666,30.0,8.986883460454889
Pain,Acetaminophen / aspirin / caffeine / salicylamide,5.0,0.125,4.0,3.0,3.3499999999999996
Pain,Acetaminophen / caffeine / dihydrocodeine,8.357142857142858,0.1722040006478782,6.0,14.0,6.287265144152901
Pain,Acetaminophen / codeine,4.946808510638298,0.07520148715793663,19.095744680851062,103.0,16.248275314741406
Pain,Acetaminophen / diphenhydramine,9.25,0.2320417182024325,13.75,23.0,9.214083436404865
Pain,Acetaminophen / hydrocodone,7.985074626865671,0.10703315506009435,25.755223880597015,498.0,58.35914093698587
Pain,Acetaminophen / oxycodone,8.572549019607843,0.12826363435644195,24.55686274509804,362.0,44.79691942557563
Pain,Acetaminophen / pentazocine,8.5,-0.0890625,15.5,2.0,6.5218750000000005
Pain,Acetaminophen / phenyltoloxamine,9.0,0.314546485260771,10.714285714285714,11.0,7.471950113378684
Pain,Acetaminophen / propoxyphene,7.388888888888889,0.11029679596809226,18.296296296296298,55.0,12.335408406751
Pain,Acetaminophen / tramadol,7.1923076923076925,0.10188387514320772,44.57692307692308,30.0,14.996075442594108
Pain,Actiq,9.666666666666666,0.14571909571909572,32.666666666666664,11.0,11.791438191438191
Pain,Advil,8.5,0.027083333333333362,14.0,14.0,7.654166666666668
Pain,Advil Liqui-Gels,2.0,0.2,10.0,8.0,4.0
Pain,Aleve,8.272727272727273,0.21913657680703133,16.727272727272727,66.0,13.692818608159518
Pain,Amitriptyline,8.125,0.08034322461690577,85.9375,695.0,90.09818644923381
Pain,Anaprox-DS,10.0,-0.3125,17.0,5.0,7.275
Pain,Anexsia,9.0,0.2955729166666667,11.5,2.0,6.6911458333333345
Pain,Aspirin,7.8,0.18805555555555556,10.0,20.0,7.496111111111111
Pain,Aspirin / butalbital / caffeine,9.714285714285714,0.15445173307418206,20.0,63.0,14.49461775186265
Pain,Aspirin / caffeine,10.0,0.12083333333333335,3.5,2.0,5.1416666666666675
Pain,Aspirin / caffeine / salicylamide,9.5,0.2070833333333333,8.0,5.0,6.314166666666667
Pain,Aspirin / carisoprodol / codeine,9.5,0.30673076923076925,11.0,4.0,7.013461538461539
Pain,Aspirin / oxycodone,3.75,0.08940972222222221,6.0,4.0,3.2788194444444447
Pain,Atarax,6.0,0.32499999999999996,45.0,70.0,19.05
Pain,Avinza,8.31578947368421,0.04521718482714724,20.94736842105263,21.0,9.706223843338504
Pain,Belbuca,1.0,0.06128472222222223,14.0,36.0,6.922569444444445
Pain,Benzocaine,6.0,0.10833333333333332,2.0,8.0,3.8166666666666673
Pain,Bextra,9.0,0.011111111111111118,8.0,5.0,5.722222222222222
Pain,Bupivacaine liposome,10.0,0.13371527777777778,8.666666666666666,3.0,6.300763888888889
Pain,Buprenex,10.0,0.24479166666666666,23.5,2.0,9.389583333333333
Pain,Buprenorphine,7.561643835616438,0.05280122916434849,57.50684931506849,288.0,43.43162985558897
Pain,Butorphanol,9.380952380952381,0.10781945971430099,21.38095238095238,33.0,11.544210348000032
Pain,Butrans,7.291666666666667,0.02589229446039322,74.97916666666667,107.0,28.664284588920793
Pain,Camphor / menthol,4.5,0.020000000000000004,1.0,3.0,2.34
Pain,Capsaicin,6.75,0.032866936304436316,17.0,36.0,9.765733872608873
Pain,Capsin,1.0,-0.3333333333333333,21.0,1.0,4.033333333333333
Pain,Capzasin,1.0,-0.42499999999999993,9.0,1.0,1.4500000000000002
Pain,Cataflam,9.75,0.278125,30.75,21.0,12.70625
Pain,Celebrex,8.102564102564102,0.10825456377939609,53.743589743589745,97.0,23.906252717302387
Pain,Celecoxib,7.5,0.07579846741180377,47.523809523809526,109.0,23.556358839585513
Pain,Children's Motrin,10.0,0.5,2.0,2.0,5.6000000000000005
Pain,Clinoril,9.0,0.0,15.0,4.0,7.0
Pain,Codeine,7.681818181818182,0.07959505892577416,17.5,28.0,9.53191739057882
Pain,Cymbalta,7.625,0.15062493462611226,48.90625,864.0,99.53249986925223
Pain,Darvocet A500,5.0,0.08194444444444444,18.0,4.0,6.16388888888889
Pain,Darvocet-N 50,5.0,-0.14375,19.0,2.0,5.7125
Pain,Darvon,8.2,0.269698347287633,3.2,5.0,4.9593966945752666
Pain,Demerol,9.416666666666666,0.2183197062155526,38.25,40.0,15.853306079097772
Pain,Diclofenac,7.830985915492958,0.12752003498642994,24.262910798122064,482.0,56.44001659579446
Pain,Diflunisal,5.5,-0.14062500000000006,9.0,6.0,4.31875
Pain,Dilaudid,8.484276729559749,0.0956696694430456,24.270440251572328,196.0,28.03913808102446
Pain,Dilaudid-HP,7.0,0.1682905982905983,10.333333333333334,6.0,5.803247863247863
Pain,Diphenhydramine / naproxen,6.75,0.020811242329099477,14.125,14.0,6.9666224846582
Pain,Doans Pills Extra Strength,10.0,0.13541666666666666,12.0,1.0,6.770833333333333
Pain,Dolobid,1.0,-0.5145833333333334,13.0,2.0,2.1708333333333334
Pain,Dolophine,9.0,0.12784788359788363,76.2,13.0,20.39569576719577
Pain,Duloxetine,7.574468085106383,0.12086076664739447,43.93617021276596,934.0,105.45874280989054
Pain,Duragesic,8.225806451612904,0.15384526550618924,41.67741935483871,54.0,17.333496982625284
Pain,Duramorph,5.5,-0.11476190476190476,5.0,3.0,3.2704761904761908
Pain,Elavil,7.681818181818182,0.2226247954186266,135.77272727272728,116.0,42.272522318109985
Pain,Embeda,6.454545454545454,0.14740251541387905,37.63636363636363,26.0,13.003895939918667
Pain,Endocet,7.576923076923077,0.0650946009119086,23.23076923076923,32.0,11.007112278746895
Pain,Etodolac,7.37037037037037,0.13901858429636207,33.333333333333336,40.0,13.89285198340754
Pain,Exalgo,7.333333333333333,0.0707996632996633,42.5,27.0,14.27493265993266
Pain,Excedrin Back & Body,9.0,0.5,6.0,1.0,5.8999999999999995
Pain,Exparel,10.0,0.11541666666666665,13.0,2.0,7.030833333333333
Pain,Fast Freeze,8.0,0.19166666666666665,2.0,1.0,4.083333333333333
Pain,Feldene,9.0,0.27499999999999997,37.0,9.0,12.450000000000001
Pain,Fentanyl,8.578947368421053,0.12204925238531658,27.0,226.0,31.675677452139055
Pain,Fentanyl Transdermal System,8.4375,0.1279111856232392,50.75,45.0,18.28082237124648
Pain,Fentora,8.666666666666666,0.29963492063492064,21.333333333333332,9.0,9.232603174603176
Pain,Feverall,10.0,-0.35714285714285715,6.0,1.0,4.585714285714285
Pain,Fiorinal,9.666666666666666,0.353442932728647,38.666666666666664,49.0,17.206885865457295
Pain,Flector Patch,7.351351351351352,0.1336681952931953,15.891891891891891,37.0,10.08625530950531
Pain,Gabapentin,6.4772727272727275,0.05384512657506025,58.25,1047.0,119.04859934405921
Pain,Hydrocodone,5.762886597938144,0.024081016101907188,33.98969072164948,99.0,19.05125481570897
Pain,Hydrocodone / ibuprofen,8.555555555555555,0.21549936402515765,15.688888888888888,45.0,11.490998728050316
Pain,Hydromorphone,8.162303664921465,0.12535265750783225,21.57068062827225,265.0,34.3297629066387
Pain,Hydroxyzine,5.4,0.09600198412698413,39.7,448.0,55.09200396825398
Pain,Hysingla ER,4.176470588235294,-0.030256610984011504,36.73529411764706,34.0,12.357133836855507
Pain,Ibudone,7.0,0.03125,27.0,1.0,8.3625
Pain,Ibuprofen,8.666666666666666,0.30847126301553385,9.625,85.0,14.508609192697733
Pain,Indocin,7.0,-0.028703703703703703,19.666666666666668,20.0,8.675925925925927
Pain,Indocin SR,5.0,-0.09062499999999998,8.0,4.0,3.81875
Pain,Indomethacin,6.555555555555555,0.048582818930041155,10.333333333333334,103.0,15.086054526748972
Pain,Kadian,8.0,0.0772233560090703,45.9,32.0,15.73444671201814
Pain,Ketamine,8.0,0.05943133718133719,23.0,13.0,9.218862674362676
Pain,Ketoprofen,9.75,0.09756880561568063,13.375,15.0,8.270137611231362
Pain,Ketorolac,7.5174825174825175,0.07814475242501011,13.398601398601398,164.0,22.24300279156331
Pain,Lagesic,8.0,0.42111111111111116,0.0,1.0,4.142222222222222
Pain,Lanacane,6.0,0.10833333333333332,2.0,3.0,3.3166666666666673
Pain,Levorphanol,8.11111111111111,0.05860042735042735,35.55555555555556,9.0,11.372756410256411
Pain,Lidocaine,5.117647058823529,0.018099399767901304,24.970588235294116,95.0,16.577375270124037
Pain,Lidocaine Viscous,5.666666666666667,-0.19513507326007326,6.666666666666667,3.0,3.509729853479854
Pain,Lidoderm,6.428571428571429,0.06837758424606565,35.92857142857143,32.0,13.093898025634989
Pain,Lodine,9.2,0.143,58.6,9.0,16.586
Pain,Lorcet,10.0,0.43333333333333335,10.0,1.0,6.966666666666667
Pain,Lorcet 10 / 650,7.5,-0.059226190476190495,12.0,13.0,6.581547619047619
Pain,Lortab,8.107692307692307,0.07762068923354348,26.015384615384615,98.0,18.401395224620934
Pain,Lyrica,7.711864406779661,0.1250458519467058,39.355932203389834,441.0,55.30602390728325
Pain,MS Contin,8.529411764705882,0.15435865016644928,63.26470588235294,68.0,23.17342318268584
Pain,Magnacet,10.0,0.08125,15.0,1.0,7.262499999999999
Pain,Magnesium salicylate,10.0,0.06076388888888888,12.5,3.0,6.9215277777777775
Pain,Maxidone,10.0,0.16856060606060605,8.0,1.0,6.037121212121212
Pain,Medi-Quik Spray,10.0,0.11749999999999998,17.0,1.0,7.735
Pain,Mefenamic acid,5.5,0.19374999999999998,3.0,31.0,6.2875000000000005
Pain,Menthol,9.0,0.09856770833333335,0.5,2.0,4.097135416666667
Pain,Meperidine,9.272727272727273,0.22169497479631523,31.34090909090909,47.0,15.120662676865358
Pain,Meperidine / promethazine,9.333333333333334,-0.014495701058201051,15.444444444444445,9.0,7.693230820105821
Pain,Meperitab,9.666666666666666,0.3416666666666666,22.333333333333332,3.0,9.316666666666666
Pain,Methadone,8.743362831858407,0.11332399019036142,41.5929203539823,328.0,44.842577183920554
Pain,Methadone Diskets,8.666666666666666,0.4174074074074074,84.0,23.0,23.401481481481483
Pain,Methadose,9.625,0.19699889520202019,40.125,25.0,14.76899779040404
Pain,Midol PM,8.5,0.218989898989899,3.5,2.0,4.737979797979799
Pain,Morphine,8.040983606557377,0.1290001424302271,37.27049180327869,221.0,33.028492088139146
Pain,Morphine / naltrexone,7.857142857142857,0.209406179138322,42.285714285714285,30.0,15.018812358276644
Pain,Motrin,10.0,0.6,3.0,8.0,6.6000000000000005
Pain,Motrin IB,10.0,0.06666666666666667,8.0,2.0,5.9333333333333345
Pain,Nalbuphine,7.545454545454546,0.12625832096758896,13.954545454545455,22.0,8.261607551026088
Pain,Naloxone / oxycodone,4.5,0.29296875,3.5,2.0,3.2859375
Pain,Naloxone / pentazocine,6.583333333333333,0.04843569624819625,29.833333333333332,17.0,10.396871392496394
Pain,Naprosyn,6.75,0.11154761904761906,30.5,19.0,10.92309523809524
Pain,Naproxen,6.795918367346939,0.1059542495486373,13.061224489795919,308.0,36.34252074399524
Pain,Neurontin,6.214285714285714,0.09909323740318639,64.71428571428571,140.0,29.6267579033778
Pain,Norco,7.944444444444445,0.1582977024833198,42.19444444444444,156.0,27.53326207163331
Pain,Nortriptyline,6.983333333333333,0.03850462328066357,112.91666666666667,241.0,49.553675913228
Pain,Nubain,8.11111111111111,0.09498189567634013,13.333333333333334,18.0,7.901074902463791
Pain,Nucynta,6.451219512195122,0.04727409355084539,42.71341463414634,164.0,27.61771891880901
Pain,Nucynta ER,7.5625,0.09896311716343864,42.0625,38.0,15.435426234326878
Pain,Opana,7.765625,0.15706050417501563,42.703125,64.0,18.360996008350032
Pain,Opana ER,7.950819672131147,0.16630727491935146,37.36065573770492,61.0,17.085073566232147
Pain,Oramorph SR,7.5,0.245,19.5,3.0,7.69
Pain,Orudis KT,10.0,0.5333333333333333,19.0,2.0,9.066666666666666
Pain,OxyContin,8.798507462686567,0.15815654449396455,76.92537313432835,188.0,38.02079070092823
Pain,OxyIR,8.0,0.09685639880952382,21.0,4.0,7.9937127976190485
Pain,Oxycodone,8.865724381625443,0.14539554234298693,45.17314487632509,472.0,60.07170981260117
Pain,Oxyfast,10.0,-0.09999999999999998,78.0,3.0,19.700000000000003
Pain,Oxymorphone,7.824817518248175,0.14693180723789892,34.81021897810219,137.0,24.08583441739551
Pain,Palladone,10.0,0.2051851851851852,26.0,1.0,9.71037037037037
Pain,Pamelor,7.25,0.08138888888888887,128.0,18.0,30.46277777777778
Pain,Panlor SS,9.4,0.18591269841269842,8.0,5.0,6.231825396825396
Pain,Pentazocine,5.166666666666667,-0.05893939393939391,9.166666666666666,6.0,4.382121212121213
Pain,Percocet,8.884615384615385,0.1369518250035057,33.323076923076925,148.0,25.29236518846855
Pain,Percodan,7.5,0.11875000000000001,9.5,2.0,5.3375
Pain,Piroxicam,7.4,0.21832300685425685,14.8,16.0,7.956646013708514
Pain,Pregabalin,7.6875,0.1109760022223377,40.8,632.0,74.65695200444468
Pain,Prialt,1.0,0.0032967032967032937,1.0,2.0,0.8065934065934066
Pain,Primlev,9.0,0.09449855699855701,7.0,2.0,5.388997113997115
Pain,Proctofoam,2.0,0.030000000000000006,0.0,17.0,2.5600000000000005
Pain,Propoxyphene,8.0,0.19152753265253264,6.2,15.0,6.3230550653050654
Pain,Reprexain,8.555555555555555,0.31187169312169316,9.0,9.0,6.745965608465609
Pain,Roxicet,8.0,0.08647148306239218,19.307692307692307,19.0,9.134481427663246
Pain,Roxicodone,8.8,0.2213344918969919,41.25,41.0,16.312668983793984
Pain,Roxicodone Intensol,10.0,0.4734375,41.0,5.0,13.646875000000001
Pain,Ryzolt,7.5,0.3491666666666666,19.5,7.0,8.298333333333334
Pain,Soma Compound with Codeine,9.5,0.30673076923076925,11.0,4.0,7.013461538461539
Pain,Sprix,8.625,0.1254340277777778,13.125,8.0,7.125868055555555
Pain,Stadol,8.411764705882353,0.13330110748002905,30.647058823529413,28.0,12.560719862018884
Pain,Sublimaze,9.666666666666666,0.145679012345679,12.666666666666666,5.0,7.1913580246913575
Pain,Sulindac,8.0,-0.0942718855218855,11.0,15.0,6.711456228956229
Pain,Talacen,8.5,-0.0890625,15.5,2.0,6.5218750000000005
Pain,Talwin,5.666666666666667,-0.018998917748917727,14.166666666666666,6.0,5.662002164502164
Pain,Talwin Nx,6.625,0.10437477453102453,37.875,11.0,11.53374954906205
Pain,Tapentadol,6.333333333333333,0.05446399030932293,39.449074074074076,221.0,32.6320761287668
Pain,Targiniq ER,8.0,0.0859375,7.0,1.0,4.871875
Pain,Tiger Balm,6.5,-0.09560286458333334,3.5,2.0,3.3087942708333338
Pain,Toradol,7.518867924528302,0.06529112889401557,18.10377358490566,117.0,18.458884144580487
Pain,Toradol IV / IM,7.571428571428571,0.03340780251494537,5.428571428571429,9.0,5.081101319315605
Pain,Tramadol,6.523545706371191,0.06991669608436038,27.7202216066482,820.0,90.29329599604684
Pain,Trezix,6.25,0.1462797619047619,10.0,4.0,5.192559523809525
Pain,Trixaicin HP,9.0,-0.059999999999999984,19.0,1.0,7.38
Pain,Trolamine salicylate,8.615384615384615,0.07682967032967034,23.46153846153846,22.0,10.492120879120879
Pain,Tylenol,6.6,0.14305555555555555,22.8,8.0,8.286111111111111
Pain,Tylenol 8 Hour,9.0,0.425,13.666666666666666,3.0,7.483333333333333
Pain,Tylenol Arthritis Pain,9.0,1.0,26.0,1.0,10.9
Pain,Tylenol PM,9.0,0.5666666666666667,21.0,12.0,10.133333333333333
Pain,Tylenol with Codeine,8.5,0.3393770292207792,30.5,4.0,10.57875405844156
Pain,Tylenol with Codeine #3,5.305084745762712,0.06378015218852083,20.93220338983051,65.0,12.93603488064823
Pain,Tylenol with Codeine #4,2.75,0.07836174242424242,26.25,4.0,6.906723484848485
Pain,Tylox,9.0,0.11845238095238096,8.0,8.0,6.2369047619047615
Pain,Ultracet,8.473684210526315,0.11376402918069586,60.73684210526316,20.0,17.76437016362455
Pain,Ultram,6.225,0.058174088711663116,59.575,142.0,28.72134817742333
Pain,Ultram ER,7.875,0.13115579906204905,49.5,19.0,15.2123115981241
Pain,Ultram ODT,10.0,0.09375000000000004,66.5,9.0,18.3875
Pain,Valdecoxib,9.75,0.1527777777777778,3.0,9.0,5.705555555555556
Pain,Vicodin,7.9605263157894735,0.09304475647403278,30.907894736842106,91.0,18.651878986632276
Pain,Vicodin ES,9.166666666666666,-0.02118021033199605,17.166666666666668,11.0,8.157639579336008
Pain,Vicodin HP,8.285714285714286,0.1372339466089466,12.571428571428571,7.0,6.803039321789322
Pain,Vicoprofen,8.066666666666666,0.19716169632836297,14.8,30.0,9.580990059323392
Pain,Vistaril,5.333333333333333,0.3123263888888889,51.166666666666664,110.0,23.991319444444446
Pain,Vitapap,10.0,0.65,6.5,2.0,6.8
Pain,Voltaren,8.1,0.12979429351512684,27.366666666666667,89.0,17.872921920363588
Pain,Voltaren Gel,7.837837837837838,0.13733691228983436,36.270270270270274,111.0,21.763863013768862
Pain,Voltaren-XR,9.333333333333334,0.17666666666666667,16.666666666666668,3.0,7.720000000000001
Pain,Xartemis XR,5.0,0.0861111111111111,10.0,4.0,4.572222222222223
Pain,Ziconotide,1.0,0.0032967032967032937,1.0,3.0,0.9065934065934067
Pain,Zipsor,8.071428571428571,0.21502527399848828,25.642857142857142,26.0,11.387193405139834
Pain,Zohydro ER,8.5,0.10192661894511383,50.357142857142854,28.0,16.475281809318798
Pain,Zorvolex,7.625,0.06572934382086168,21.5,10.0,8.481458687641723
Pain/Feve,Acetaminophen / aspirin / caffeine,8.571428571428571,0.13357142857142862,3.4285714285714284,87.0,13.081428571428573
Pain/Feve,Excedrin,9.333333333333334,0.06166666666666668,6.0,13.0,6.356666666666667
Pain/Feve,Goody's Extra-Strength Headache Powders,7.333333333333333,0.11117424242424244,2.6666666666666665,4.0,4.089015151515151
Pancreatic Cance,Abraxane,1.0,-0.09010416666666667,2.0,4.0,1.0197916666666669
Pancreatic Cance,Afinitor,9.0,0.45,46.0,11.0,14.8
Pancreatic Cance,Avastin,9.0,0.05,15.0,15.0,8.2
Pancreatic Cance,Bevacizumab,9.0,0.05,15.0,17.0,8.4
Pancreatic Cance,Erlotinib,5.0,0.12992424242424241,1.0,22.0,4.659848484848485
Pancreatic Cance,Everolimus,9.0,0.45,46.0,9.0,14.600000000000001
Pancreatic Cance,Gemcitabine,7.333333333333333,-0.19095238095238096,45.0,4.0,11.951428571428572
Pancreatic Cance,Gemzar,7.333333333333333,-0.19095238095238096,45.0,4.0,11.951428571428572
Pancreatic Cance,Paclitaxel protein-bound,5.0,0.12494791666666666,1.0,5.0,2.9498958333333336
Pancreatic Cance,Sutent,5.0,0.05119047619047618,19.0,14.0,7.302380952380953
Pancreatic Exocrine Dysfunction,Creon,3.75,0.14990985576923077,21.0,9.0,6.899819711538462
Pancreatic Exocrine Dysfunction,Pancrelipase,5.25,0.025390624999999986,5.0,18.0,4.95078125
Panic Disorde,Alprazolam,9.172619047619047,0.09799303431561125,41.24404761904762,703.0,82.41384321148837
Panic Disorde,Alprazolam Intensol,10.0,0.15367965367965367,66.0,5.0,18.00735930735931
Panic Disorde,Anafranil,9.166666666666666,0.022121540930134687,72.16666666666667,39.0,22.044243081860273
Panic Disorde,Ativan,8.772727272727273,0.18095259822248458,49.68181818181818,220.0,35.80735974189952
Panic Disorde,BuSpar,5.72,0.034464450034748746,61.48,264.0,41.0529289000695
Panic Disorde,Bupropion,6.857142857142857,0.11337846291715338,65.71428571428571,1022.0,118.3124712115486
Panic Disorde,Buspirone,5.791666666666667,0.026474577975052704,47.104166666666664,471.0,58.89044915595011
Panic Disorde,Celexa,8.0,0.11907696759259259,50.125,491.0,62.563153935185184
Panic Disorde,Citalopram,7.72093023255814,0.1225098533163231,39.372093023255815,995.0,110.70781040430707
Panic Disorde,Clomipramine,9.125,0.06820628156565658,52.125,75.0,21.711412563131315
Panic Disorde,Clonazepam,9.095238095238095,0.0838364215556828,37.94179894179894,831.0,94.4941278695664
Panic Disorde,Desvenlafaxine,8.75,0.15928096064814815,10.25,582.0,64.0685619212963
Panic Disorde,Effexor XR,7.75,0.1742525443994938,37.3125,399.0,50.81100508879899
Panic Disorde,Fluoxetine,8.162790697674419,0.09111021272013688,46.58139534883721,766.0,89.36361577427749
Panic Disorde,Imipramine,8.181818181818182,-0.024062270913875184,49.45454545454545,28.0,15.915511821808614
Panic Disorde,Klonopin,9.0,0.06562820243227907,57.91150442477876,432.0,58.51355728982031
Panic Disorde,Klonopin Wafer,9.666666666666666,0.24974747474747475,15.333333333333334,12.0,8.632828282828282
Panic Disorde,Lorazepam,8.951219512195122,0.16926352857094729,46.0,429.0,56.01901486201995
Panic Disorde,Lorazepam Intensol,8.0,-0.012857142857142848,37.0,6.0,11.174285714285714
Panic Disorde,Ludiomil,9.0,0.21574074074074076,47.0,2.0,13.631481481481481
Panic Disorde,Maprotiline,7.333333333333333,0.19524691358024693,19.666666666666668,5.0,7.757160493827161
Panic Disorde,Nefazodone,10.0,0.8,14.0,22.0,10.600000000000001
Panic Disorde,Niravam,10.0,0.0,50.0,7.0,14.7
Panic Disorde,Nortriptyline,9.5,0.1909722222222222,66.0,241.0,41.48194444444445
Panic Disorde,Paroxetine,7.734375,0.1314586510978739,26.21875,645.0,73.10041730219575
Panic Disorde,Paxil,8.021739130434783,0.13887193635139608,31.23913043478261,457.0,55.43426561183323
Panic Disorde,Paxil CR,5.666666666666667,0.15597643097643096,21.0,24.0,9.17861952861953
Panic Disorde,Pristiq,7.833333333333333,0.1555816598524932,9.5,548.0,60.144496653038324
Panic Disorde,Propranolol,8.117647058823529,0.18570238566807196,27.764705882352942,467.0,55.871404771336145
Panic Disorde,Prozac,8.25,0.1178530672588577,68.85714285714286,472.0,64.5071347059463
Panic Disorde,Sertraline,7.932038834951456,0.06703276345038907,41.33980582524272,1360.0,147.5748422259299
Panic Disorde,Serzone,9.0,-0.012760416666666658,53.0,9.0,15.074479166666668
Panic Disorde,Tofranil,10.0,0.09299632352941176,109.75,7.0,26.835992647058827
Panic Disorde,Venlafaxine,7.3478260869565215,0.14253148975682736,27.26086956521739,1016.0,110.27636732733976
Panic Disorde,Wellbutrin,7.5,0.04780505952380952,124.0,281.0,55.995610119047626
Panic Disorde,Wellbutrin SR,9.5,-0.06189102564102564,116.0,73.0,34.17621794871795
Panic Disorde,Xanax,9.186440677966102,0.09120174560937773,53.53389830508475,456.0,60.16375942342215
Panic Disorde,Xanax XR,9.076923076923077,0.08361920270170109,39.76923076923077,38.0,15.551853790018788
Panic Disorde,Zoloft,7.884146341463414,0.07100396604831445,47.542682926829265,805.0,93.30420305404785
"Paragonimus westermani, Lung Fluke",Praziquantel,7.0,0.2857142857142857,2.0,2.0,3.971428571428572
Paranoid Disorde,Clozapine,9.0,0.2333333333333333,30.0,20.0,12.066666666666666
Paranoid Disorde,Geodon,5.0,0.12604166666666666,9.0,165.0,20.552083333333332
Paranoid Disorde,Olanzapine,6.555555555555555,0.16156862273528938,14.666666666666666,278.0,33.67869280102614
Paranoid Disorde,Quetiapine,7.0,0.1462350689434023,15.444444444444445,831.0,89.2813590267757
Paranoid Disorde,Risperdal,1.5,0.3,13.0,116.0,15.400000000000002
Paranoid Disorde,Risperidone,2.2,0.18562499999999998,8.2,240.0,26.89125
Paranoid Disorde,Seroquel,9.0,0.11916666666666667,31.5,334.0,43.538333333333334
Paranoid Disorde,Seroquel XR,9.0,0.125,25.0,126.0,21.450000000000003
Paranoid Disorde,Ziprasidone,6.333333333333333,0.10339616402116401,6.0,178.0,21.74012566137566
Paranoid Disorde,Zyprexa,4.8,0.1304,21.6,167.0,23.2008
Parkinson's Disease,Amantadine,7.142857142857143,0.06501494537208823,18.0,20.0,8.587172747887035
Parkinson's Disease,Apokyn,6.5,0.24583333333333335,9.0,2.0,5.091666666666667
Parkinson's Disease,Apomorphine,9.0,0.2416666666666667,13.0,1.0,6.783333333333333
Parkinson's Disease,Artane,3.3333333333333335,-0.12777777777777777,15.333333333333334,6.0,4.744444444444445
Parkinson's Disease,Azilect,6.0,0.06885841836734694,40.25,4.0,10.987716836734695
Parkinson's Disease,Benztropine,1.0,0.0,0.0,10.0,1.4
Parkinson's Disease,Carbidopa / entacapone / levodopa,5.666666666666667,0.14652777777777778,8.5,6.0,4.8597222222222225
Parkinson's Disease,Carbidopa / levodopa,6.222222222222222,0.05026488737599849,36.55555555555556,33.0,13.200529774751999
Parkinson's Disease,Comtan,4.75,-0.2223578042328042,6.0,4.0,3.055284391534392
Parkinson's Disease,Entacapone,4.0,-0.401875,8.0,2.0,2.5962500000000004
Parkinson's Disease,Exelon,1.0,0.275,54.0,11.0,12.85
Parkinson's Disease,Kemadrin,9.0,0.0,4.0,1.0,4.5
Parkinson's Disease,Mirapex,6.333333333333333,-0.0006782106782106806,54.333333333333336,67.0,20.09864357864358
Parkinson's Disease,Mirapex ER,8.5,0.07698412698412699,17.0,2.0,7.153968253968254
Parkinson's Disease,Neupro,5.857142857142857,0.1508999333999334,23.857142857142858,25.0,9.916085581085582
Parkinson's Disease,Pramipexole,4.833333333333333,0.0531000481000481,24.666666666666668,96.0,16.572866762866767
Parkinson's Disease,Procyclidine,9.0,0.0,4.0,4.0,4.800000000000001
Parkinson's Disease,Rasagiline,6.142857142857143,0.053911159701976026,36.142857142857146,7.0,10.493536605118239
Parkinson's Disease,Requip,2.6666666666666665,-0.12,30.666666666666668,60.0,12.96
Parkinson's Disease,Requip XL,7.333333333333333,0.2068981481481482,14.666666666666666,3.0,6.580462962962963
Parkinson's Disease,Rivastigmine,8.0,0.195,19.0,11.0,8.49
Parkinson's Disease,Ropinirole,6.333333333333333,0.14000000000000004,21.0,133.0,20.313333333333333
Parkinson's Disease,Rotigotine,6.8,0.09018939393939393,22.6,26.0,10.020378787878789
Parkinson's Disease,Rytary,3.625,0.017449727355977357,26.75,8.0,7.634899454711955
Parkinson's Disease,Selegiline,9.666666666666666,0.27424242424242423,25.0,26.0,12.015151515151514
Parkinson's Disease,Sinemet,7.8,0.1267478354978355,61.2,14.0,17.013495670995674
Parkinson's Disease,Sinemet CR,7.5,-0.21999999999999992,34.5,2.0,9.66
Parkinson's Disease,Stalevo,4.0,0.13416666666666666,11.333333333333334,3.0,4.4350000000000005
Parkinson's Disease,Stalevo 150,5.0,0.0,1.0,1.0,2.3000000000000003
Parkinson's Disease,Stalevo 200,9.0,0.41666666666666674,1.0,1.0,4.733333333333333
Parkinson's Disease,Symmetrel,6.5,0.026388888888888885,18.0,2.0,6.452777777777778
Parkinson's Disease,Trihexyphenidyl,5.0,-0.03541666666666666,14.666666666666666,8.0,5.6625000000000005
Parkinson's Disease,Zelapar,9.0,0.06363636363636363,30.0,1.0,9.827272727272726
Parkinsonian Trem,Scopolamine,8.0,-0.15,3.0,80.0,11.5
Parkinsonism,Procyclidine,10.0,0.8,8.0,4.0,7.6
Paroxysmal Supraventricular Tachycardia,Flecainide,10.0,-0.022470238095238085,27.25,63.0,15.705059523809524
Patent Ductus Arteriosus,Ibuprofen,5.0,0.0,3.0,85.0,11.1
Pathological Hypersecretory Conditions,Ranitidine,8.0,-0.07515873015873016,7.0,57.0,10.14968253968254
Pathological Hypersecretory Conditions,Zantac 150,8.0,-0.07515873015873016,7.0,18.0,6.2496825396825395
Pe,Propranolol,8.4,0.18595238095238095,75.2,467.0,65.47190476190477
Pediatric Growth Hormone Deficiency,Humatrope,10.0,0.16333333333333333,32.5,6.0,11.426666666666666
Pediatric Growth Hormone Deficiency,Somatropin,7.5,0.13791666666666666,21.5,16.0,9.175833333333333
Pediatric Growth Hormone Deficiency,Tev-Tropin,5.5,0.2375,11.5,2.0,5.175000000000001
Pelvic Inflammatory Disease,Ceftriaxone,3.0,-0.0910830999066293,0.0,52.0,6.2178338001867415
Pelvic Inflammatory Disease,Doxycycline,7.0,0.2037037037037037,2.0,627.0,66.30740740740741
Pelvic Inflammatory Disease,Metronidazole,4.714285714285714,-0.19196359734369936,4.0,922.0,94.50178709102688
Pemphigoid,Rituximab,10.0,0.44000000000000006,2.0,58.0,11.080000000000002
Pemphigus,Prednisone,10.0,0.11907968574635243,1.0,289.0,33.33815937149271
Pemphigus,Rituxan,8.0,0.125,33.0,17.0,11.75
Pemphigus,Rituximab,8.0,0.042708333333333334,3.0,58.0,9.685416666666669
Peptic Ulce,Librax,8.0,0.2,12.0,25.0,8.5
Peptic Ulce,Pantoprazole,10.0,-0.03333333333333333,5.0,94.0,14.333333333333334
Peptic Ulce,Pepcid,7.0,0.9099999999999999,11.0,6.0,7.42
Peptic Ulce,Protonix,9.5,0.016435185185185185,56.0,35.0,18.53287037037037
Percutaneous Coronary Intervention,Bivalirudin,10.0,1.0,0.0,1.0,6.1
Percutaneous Coronary Intervention,Plavix,7.0,0.09166666666666667,37.0,26.0,12.983333333333333
Performance Anxiety,Inderal,8.285714285714286,0.2021205148726157,59.285714285714285,44.0,19.975669601173806
Perimenopausal Symptoms,Catapres,10.0,0.20542929292929296,63.0,33.0,20.310858585858586
Perimenopausal Symptoms,Clonidine,6.904761904761905,0.06432362366044049,37.214285714285715,315.0,41.83340915208279
Perimenopausal Symptoms,Progesterone,7.0,0.06249098124098125,26.75,23.0,10.574981962481964
Perimenopausal Symptoms,Prometrium,7.666666666666667,0.09211760461760461,35.666666666666664,17.0,12.08423520923521
Period Pain,Advil Liqui-Gels,9.5,-0.06895833333333333,13.0,8.0,7.062083333333334
Period Pain,Aleve,7.8,0.06773082010582011,20.2,66.0,13.895461640211641
Period Pain,Anaprox-DS,6.5,-0.046904761904761894,34.0,5.0,9.806190476190476
Period Pain,Bextra,10.0,0.22045454545454543,3.0,5.0,5.540909090909091
Period Pain,Cataflam,8.555555555555555,0.08133832120811288,14.88888888888889,21.0,8.662676642416226
Period Pain,Celebrex,7.0,-0.29166666666666663,24.0,97.0,16.71666666666667
Period Pain,Celecoxib,8.0,-0.1261363636363636,12.5,109.0,16.347727272727273
Period Pain,Diclofenac,7.7,0.02968821779658834,14.45,482.0,54.22937643559318
Period Pain,Flurbiprofen,8.0,0.33333333333333337,2.0,6.0,4.866666666666667
Period Pain,Ibuprofen,7.0,0.0014267676767676838,8.454545454545455,85.0,12.993762626262626
Period Pain,Mefenamic acid,6.75,0.09577050157184086,12.428571428571429,31.0,8.477255288857968
Period Pain,Midol Extended Relief,10.0,0.16666666666666666,17.0,1.0,7.833333333333333
Period Pain,Motrin,8.5,0.1,14.0,8.0,7.2
Period Pain,Motrin IB,10.0,0.2625,6.0,2.0,5.925000000000001
Period Pain,Naproxen,8.113636363636363,0.06993071291082655,22.25,308.0,38.6353159712762
Period Pain,Ponstel,7.142857142857143,0.09053808493094208,14.142857142857142,7.0,6.566790455576171
Period Pain,Valdecoxib,10.0,0.22045454545454543,3.0,9.0,5.940909090909091
Period Pain,Voltaren,9.0,0.08579365079365081,35.5,89.0,19.771587301587303
Periodic Limb Movement Disorde,Baclofen,7.0,0.09840000000000002,20.8,159.0,23.056800000000003
Periodic Limb Movement Disorde,Clonazepam,8.727272727272727,0.1289416759587214,22.363636363636363,831.0,91.32151971555382
Periodic Limb Movement Disorde,Klonopin,9.0,0.07229166666666666,20.5,432.0,51.044583333333335
Periodic Limb Movement Disorde,Mirapex,7.0,-0.21387037037037038,18.333333333333332,67.0,12.738925925925926
Periodic Limb Movement Disorde,Neurontin,7.0,0.1,12.0,140.0,19.4
Periodic Limb Movement Disorde,Pramipexole,7.5,-0.16040277777777778,17.5,96.0,15.779194444444446
Periodic Limb Movement Disorde,Requip,4.714285714285714,0.07879870129870128,21.857142857142858,60.0,12.41474025974026
Periodic Limb Movement Disorde,Ropinirole,2.5,0.024999999999999994,16.166666666666668,133.0,17.583333333333336
Periodontitis,Chlorhexidine,7.0,0.13345049264971143,9.75,10.0,6.016900985299423
Periodontitis,Minocycline,7.0,0.16666666666666666,14.0,257.0,31.633333333333336
Perioral Dermatitis,Elidel,10.0,0.0596938775510204,9.0,23.0,8.21938775510204
Perioral Dermatitis,Metronidazole,8.0,-0.01666666666666668,15.0,922.0,98.36666666666667
Perioral Dermatitis,Pimecrolimus,6.666666666666667,-0.11697072768501342,4.0,21.0,5.332725211296641
Perioral Dermatitis,Tacrolimus,6.5,-0.19934275793650794,4.5,49.0,8.001314484126985
Peripheral Arterial Disease,Clopidogrel,8.666666666666666,0.15165079365079365,59.333333333333336,38.0,19.436634920634923
Peripheral Arterial Disease,Plavix,10.0,0.15547619047619046,89.0,26.0,24.710952380952385
Peripheral Neuropathy,Capsaicin,7.4,0.023910089910089923,27.0,36.0,12.00782017982018
Peripheral Neuropathy,Carbamazepine,6.5,0.02341541477702193,17.375,163.0,22.421830829554047
Peripheral Neuropathy,Cymbalta,7.0,0.06499454775022956,42.90909090909091,864.0,97.91180727731864
Peripheral Neuropathy,Dilantin,1.0,-0.10787037037037035,12.0,40.0,6.58425925925926
Peripheral Neuropathy,Duloxetine,5.866666666666666,0.05122864172864173,33.6,934.0,102.56912395012395
Peripheral Neuropathy,Epitol,8.0,0.036805555555555564,22.0,16.0,9.273611111111112
Peripheral Neuropathy,Gabapentin,6.8977272727272725,0.07183194741228222,57.96590909090909,1047.0,119.19593662209729
Peripheral Neuropathy,L-Carnitine,8.0,0.26125000000000004,13.0,1.0,6.422499999999999
Peripheral Neuropathy,Lyrica,6.444444444444445,0.07828352974186308,24.666666666666668,441.0,51.76767817059484
Peripheral Neuropathy,Neurontin,6.833333333333333,0.12793600689434023,63.72222222222222,140.0,29.73364979156646
Peripheral Neuropathy,Pregabalin,7.6,0.08325318662818663,18.933333333333334,632.0,70.19317303992304
Peripheral Neuropathy,Qutenza,1.0,-0.06046176046176045,5.0,1.0,1.3790764790764793
Peripheral Neuropathy,Tegretol,8.0,0.07365079365079365,32.0,77.0,17.447301587301588
Peripheral T-cell Lymphoma,Folotyn,1.0,-0.0024358974358974325,0.0,1.0,0.4951282051282052
Peripheral T-cell Lymphoma,Istodax,1.0,0.0,0.0,1.0,0.5
Peripheral T-cell Lymphoma,Pralatrexate,1.0,-0.0024358974358974325,0.0,1.0,0.4951282051282052
Peripheral T-cell Lymphoma,Romidepsin,1.0,0.0,0.0,1.0,0.5
Peritonitis,Clindamycin,9.333333333333334,-0.1420030864197531,22.666666666666668,385.0,46.48266049382716
Persistent Depressive Disorde,Amitriptyline,9.0,0.20833333333333334,53.0,695.0,84.11666666666667
Persistent Depressive Disorde,Bupropion,5.666666666666667,0.002948466142910583,3.6666666666666665,1022.0,105.20589693228582
Persistent Depressive Disorde,Citalopram,8.0,0.03203125,1.0,995.0,102.9640625
Persistent Depressive Disorde,Duloxetine,10.0,0.3047727272727273,16.0,934.0,101.20954545454546
Persistent Depressive Disorde,Elavil,9.0,0.20833333333333334,53.0,116.0,26.21666666666667
Persistent Depressive Disorde,Fluoxetine,7.0,-0.15555555555555556,7.0,766.0,80.4888888888889
Persistent Depressive Disorde,Fluvoxamine,10.0,0.375,6.0,116.0,17.55
Persistent Depressive Disorde,Sertraline,8.0,-0.005138888888888887,21.0,1360.0,143.38972222222222
Persistent Depressive Disorde,Zoloft,8.0,-0.021666666666666664,33.0,805.0,90.25666666666666
Pertussis,Clarithromycin,7.5,-0.16848958333333333,3.0,291.0,32.36302083333334
Peyronie's Disease,Collagenase clostridium histolyticum,4.0,0.0,0.0,2.0,1.8
Peyronie's Disease,Xiaflex,4.0,0.0,0.0,3.0,1.9000000000000001
Pharyngitis,Azithromycin,8.75,0.09972222222222223,3.0,548.0,59.09944444444445
Pharyngitis,Azithromycin Dose Pack,9.0,0.075,3.5,28.0,7.25
Pharyngitis,Biaxin,9.0,0.375,7.0,44.0,10.15
Pharyngitis,Cephalexin,4.5,0.08666666666666666,4.5,155.0,18.373333333333335
Pharyngitis,Clarithromycin,9.0,-0.15140306122448982,6.25,291.0,33.64719387755102
Pharyngitis,Erythromycin,7.666666666666667,0.2627777777777778,6.0,19.0,6.692222222222223
Pharyngitis,Prednisone,8.625,-0.06868098481379732,17.0,289.0,35.61263803037241
Photoaging of the Skin,Atralin,9.666666666666666,0.20205439814814818,97.0,28.0,26.470775462962965
Photoaging of the Skin,Retin-A,9.0,0.39006734006734006,162.66666666666666,35.0,40.41346801346801
Photoaging of the Skin,Tretinoin,8.380952380952381,0.19073391307766308,66.52380952380952,250.0,42.03861068329818
Pinworm Infection (Enterobius vermicularis),Albendazole,8.0,0.004974489795918365,28.0,4.0,9.209948979591838
Pinworm Infection (Enterobius vermicularis),Pin-X,7.0,0.1,10.0,1.0,5.1
Pinworm Infection (Enterobius vermicularis),Pyrantel,6.75,0.01069444444444445,10.75,4.0,5.27138888888889
Pinworm Infection (Enterobius vermicularis),Reese's Pinworm Medicine,1.0,0.0,0.0,1.0,0.5
Pityriasis rubra pilaris,Kenalog-10,10.0,-0.24,3.0,11.0,5.220000000000001
Pityriasis rubra pilaris,Triamcinolone,10.0,-0.24,3.0,110.0,15.120000000000001
Plaque Psoriasis,Adalimumab,7.636363636363637,0.08050554728379443,16.636363636363637,295.0,36.042829276385774
Plaque Psoriasis,Apremilast,5.8936170212765955,0.01782878695515215,21.46808510638298,145.0,21.18672140369754
Plaque Psoriasis,Betamethasone / calcipotriene,7.0,0.00706439393939394,2.25,30.0,6.264128787878788
Plaque Psoriasis,Brodalumab,10.0,-0.0742857142857143,25.0,2.0,9.05142857142857
Plaque Psoriasis,Calcipotriene,8.0,0.1,11.0,10.0,6.6000000000000005
Plaque Psoriasis,Cosentyx,8.157894736842104,0.11249184569085885,17.05263157894737,32.0,10.098667901908033
Plaque Psoriasis,Dovonex,8.0,0.1,11.0,11.0,6.700000000000001
Plaque Psoriasis,Enbrel,8.428571428571429,0.09568171292085859,20.714285714285715,144.0,22.105649140127433
Plaque Psoriasis,Enstilar,3.0,-0.024553571428571418,3.0,3.0,2.0508928571428573
Plaque Psoriasis,Etanercept,8.428571428571429,0.07226901450816017,25.857142857142858,152.0,23.887395171873465
Plaque Psoriasis,Humira,5.7272727272727275,0.01120234353188898,13.909090909090908,295.0,34.59513195979105
Plaque Psoriasis,Ixekizumab,7.2,0.10025985530673032,12.95,20.0,7.670519710613461
Plaque Psoriasis,Otezla,5.851485148514851,0.011380661871690852,21.128712871287128,140.0,20.58909795740675
Plaque Psoriasis,Secukinumab,8.038461538461538,0.11263874222489825,19.5,37.0,11.040662099834414
Plaque Psoriasis,Siliq,10.0,0.07497271825396826,9.5,2.0,6.249945436507937
Plaque Psoriasis,Taclonex,9.0,0.1125,7.0,27.0,7.925000000000001
Plaque Psoriasis,Taclonex Scalp,10.0,0.12261904761904761,0.0,2.0,4.445238095238095
Plaque Psoriasis,Taltz,7.304347826086956,0.08711807063709238,12.652173913043478,23.0,7.926410054317664
Platelet Aggregation Inhibition,Plavix,8.5,0.1388888888888889,27.5,26.0,11.777777777777777
Pneumococcal Disease Prophylaxis,Pneumococcal 13-valent vaccine,4.166666666666667,-0.06688265958578458,3.25,12.0,3.382901347495098
Pneumococcal Disease Prophylaxis,Pneumococcal 23-polyvalent vaccine,1.0,-0.42699999999999994,11.0,1.0,1.8460000000000005
Pneumococcal Disease Prophylaxis,Prevnar 13,3.3636363636363638,-0.060292821446230535,6.545454545454546,11.0,3.633959811652994
Pneumonia,Amoxicillin,9.0,0.0007517482517482542,20.0,115.0,19.101503496503497
Pneumonia,Amoxicillin / clavulanate,7.0,0.375,53.5,321.0,46.35
Pneumonia,Amoxil,8.0,-0.09699300699300699,8.0,16.0,6.206013986013986
Pneumonia,Augmentin,6.0,0.2765151515151515,50.0,169.0,29.853030303030305
Pneumonia,Avelox,8.851851851851851,0.14197864939026555,22.51851851851852,102.0,18.528401743224975
Pneumonia,Azithromycin,6.090909090909091,0.1101187579255761,17.272727272727273,548.0,60.91114660676025
Pneumonia,Azithromycin Dose Pack,4.5,0.09710436168769501,35.5,28.0,11.89420872337539
Pneumonia,Biaxin,9.0,0.0,20.0,44.0,12.0
Pneumonia,Biaxin XL,9.5,0.175,25.0,5.0,9.65
Pneumonia,Cefdinir,6.333333333333333,-0.07794301994301994,11.0,138.0,18.377447293447293
Pneumonia,Cefixime,10.0,0.15,6.0,7.0,6.2
Pneumonia,Cefpodoxime,8.0,0.2,12.0,3.0,6.3
Pneumonia,Cefprozil,4.0,-0.21666666666666667,4.0,17.0,3.666666666666667
Pneumonia,Ceftin,9.0,0.3344444444444445,47.0,25.0,16.16888888888889
Pneumonia,Ceftriaxone,8.636363636363637,0.042295734568461855,25.727272727272727,52.0,13.884591469136925
Pneumonia,Cefuroxime,4.0,-0.12518518518518515,28.666666666666668,53.0,12.382962962962964
Pneumonia,Cefzil,10.0,0.5,22.0,8.0,10.200000000000001
Pneumonia,Clarithromycin,7.95,0.031881033896658896,11.85,291.0,34.71376206779332
Pneumonia,Doxycycline,5.095238095238095,0.055565238972573164,18.904761904761905,627.0,68.63017809699276
Pneumonia,Factive,3.5,0.23578042328042326,0.0,4.0,2.271560846560847
Pneumonia,Gemifloxacin,3.5,0.23578042328042326,0.0,5.0,2.371560846560847
Pneumonia,Levaquin,4.6,-0.04025187492864731,32.42857142857143,202.0,28.445210535856994
Pneumonia,Levofloxacin,5.104477611940299,0.011446296859767521,22.17910447761194,327.0,39.200504534018044
Pneumonia,Linezolid,10.0,-0.044642857142857144,38.0,16.0,13.110714285714286
Pneumonia,Moxifloxacin,8.333333333333334,0.1219980463560009,20.133333333333333,126.0,20.203996092712003
Pneumonia,Omnicef,5.0,-0.07588888888888888,11.5,28.0,6.948222222222222
Pneumonia,Penicillin VK,10.0,0.43333333333333335,12.0,5.0,7.7666666666666675
Pneumonia,Penicillin v potassium,10.0,0.43333333333333335,12.0,12.0,8.466666666666669
Pneumonia,Rocephin,8.75,0.005065375541566024,21.25,52.0,12.960130751083131
Pneumonia,Vancomycin,9.0,0.04479166666666667,7.5,18.0,6.989583333333333
Pneumonia,Zithromax,5.5,0.125,25.5,79.0,15.450000000000001
Pneumonia,Zyvox,10.0,-0.044642857142857144,38.0,17.0,13.210714285714285
Polycystic Ovary Syndrome,Alesse,6.5,0.0035681818181818176,6.0,109.0,14.707136363636364
Polycystic Ovary Syndrome,Apri,1.0,7.93016446160826e-18,3.0,218.0,22.8
Polycystic Ovary Syndrome,Aviane,1.0,0.09791666666666665,14.0,249.0,28.295833333333334
Polycystic Ovary Syndrome,Chateal,6.0,0.04459235209235209,2.6666666666666665,113.0,14.322518037518039
Polycystic Ovary Syndrome,Desogen,10.0,0.0,15.0,22.0,9.2
Polycystic Ovary Syndrome,Desogestrel / ethinyl estradiol,8.1,0.12604478615520281,10.0,522.0,57.69208957231041
Polycystic Ovary Syndrome,Drospirenone / ethinyl estradiol,6.666666666666667,0.01633192628903414,11.666666666666666,890.0,94.03266385257807
Polycystic Ovary Syndrome,Drospirenone / ethinyl estradiol / levomefolate calcium,10.0,0.2034090909090909,0.0,153.0,19.706818181818182
Polycystic Ovary Syndrome,Ethinyl estradiol / levonorgestrel,5.111111111111111,-0.03165162050051119,3.6666666666666665,1888.0,191.51447453677676
Polycystic Ovary Syndrome,Ethinyl estradiol / norethindrone,6.320754716981132,0.03810019152004578,10.641509433962264,2850.0,289.732804156625
Polycystic Ovary Syndrome,Falmina,8.0,0.10662698412698414,2.0,28.0,6.613253968253969
Polycystic Ovary Syndrome,Gianvi,9.0,-0.049999999999999996,19.0,133.0,20.6
Polycystic Ovary Syndrome,Gildess Fe 1 / 20,4.5,-0.04510897435897437,4.0,175.0,20.009782051282052
Polycystic Ovary Syndrome,Glucophage,8.25,0.36475694444444445,93.5,26.0,25.32951388888889
Polycystic Ovary Syndrome,Glucophage XR,8.0,0.012797619047619077,20.0,4.0,7.625595238095238
Polycystic Ovary Syndrome,Jolessa,2.0,-0.65,7.0,80.0,8.9
Polycystic Ovary Syndrome,Junel Fe 1 / 20,6.0,0.08833754208754209,12.75,220.0,27.126675084175083
Polycystic Ovary Syndrome,Levora,6.0,-0.028250000000000004,0.0,122.0,14.543500000000002
Polycystic Ovary Syndrome,LoSeasonique,5.8,0.22097825659189296,5.4,73.0,11.141956513183786
Polycystic Ovary Syndrome,Loestrin 24 Fe,7.15,0.029027947498929646,18.05,486.0,55.128055894997864
Polycystic Ovary Syndrome,Loestrin Fe 1 / 20,1.0,-0.06666666666666667,1.0,8.0,1.2666666666666668
Polycystic Ovary Syndrome,Lutera,5.0,-0.05690836940836941,5.0,205.0,23.386183261183263
Polycystic Ovary Syndrome,Metformin,7.8161764705882355,0.045149567063844466,40.580882352941174,268.0,38.132946192951216
Polycystic Ovary Syndrome,Microgestin 1 / 20,9.0,-0.01181818181818181,14.0,38.0,10.176363636363638
Polycystic Ovary Syndrome,Microgestin Fe 1 / 20,4.142857142857143,-0.011692918192918194,9.714285714285714,392.0,42.77661416361417
Polycystic Ovary Syndrome,Microgestin Fe 1.5 / 30,5.5,0.012902336860670188,15.0,57.0,10.925804673721341
Polycystic Ovary Syndrome,Mircette,8.0,0.13400000000000004,17.0,6.0,7.468
Polycystic Ovary Syndrome,Necon 1 / 35,6.0,0.11600274725274726,8.5,24.0,6.732005494505495
Polycystic Ovary Syndrome,Ocella,9.0,-0.012499999999999997,15.0,95.0,16.075
Polycystic Ovary Syndrome,Orsythia,3.0,-0.06166666666666667,2.0,149.0,16.37666666666667
Polycystic Ovary Syndrome,Ortho-Novum 1 / 35,10.0,0.1775113636363636,5.0,5.0,5.855022727272727
Polycystic Ovary Syndrome,Seasonique,6.0,-0.0016789965986394539,6.6,220.0,25.716642006802722
Polycystic Ovary Syndrome,Sronyx,4.5,0.06210317460317462,7.5,88.0,12.22420634920635
Polycystic Ovary Syndrome,Wera,7.0,0.032083333333333366,0.0,1.0,2.9641666666666673
Polycystic Ovary Syndrome,Yasmin,10.0,0.020000000000000018,39.0,171.0,28.94
Polycystic Ovary Syndrome,Yaz,5.0,0.007769607843137263,10.5,344.0,38.515539215686275
Polycythemia Vera,Hydroxyurea,1.0,0.015682773109243698,46.5,10.0,10.731365546218488
Polycythemia Vera,Jakafi,7.6,0.005550925925925933,6.0,5.0,4.7511018518518515
Polycythemia Vera,Ruxolitinib,9.25,0.022129629629629638,6.75,5.0,5.5942592592592595
Porphyria,Chlorpromazine,7.0,0.2544444444444444,3.0,33.0,7.20888888888889
Porphyria,Hemin,10.0,0.015769230769230765,3.0,1.0,4.731538461538461
Porphyria,Panhematin,10.0,0.015769230769230765,3.0,1.0,4.731538461538461
Porphyria,Thorazine,7.0,0.2544444444444444,3.0,25.0,6.408888888888889
Portal Hypertension,Propranolol,10.0,-0.03333333333333332,6.0,467.0,51.833333333333336
Post Traumatic Stress Disorde,Abilify,8.0,0.15000000000000002,9.0,446.0,49.9
Post Traumatic Stress Disorde,Abilify Discmelt,8.0,0.12166666666666667,11.0,2.0,5.843333333333334
Post Traumatic Stress Disorde,Amitriptyline,9.5,0.10482007575757575,17.166666666666668,695.0,76.94297348484848
Post Traumatic Stress Disorde,Aripiprazole,6.5,0.0818014705882353,7.75,500.0,54.31360294117647
Post Traumatic Stress Disorde,Asenapine,8.571428571428571,0.17558834150543334,17.285714285714285,194.0,26.636890968725154
Post Traumatic Stress Disorde,Celexa,10.0,0.030208333333333337,22.0,491.0,57.56041666666667
Post Traumatic Stress Disorde,Citalopram,10.0,0.030208333333333337,22.0,995.0,107.96041666666667
Post Traumatic Stress Disorde,Desvenlafaxine,9.1,0.06533400924472355,17.7,582.0,65.51066801848945
Post Traumatic Stress Disorde,Dronabinol,8.4,0.10733383723859916,15.8,26.0,9.334667674477199
Post Traumatic Stress Disorde,Elavil,9.0,0.20895833333333333,22.0,116.0,20.017916666666668
Post Traumatic Stress Disorde,Fluvoxamine,5.333333333333333,0.042883967883967894,9.0,116.0,15.619101269101272
Post Traumatic Stress Disorde,Lamictal,9.0,0.12537878787878787,94.0,339.0,56.55075757575757
Post Traumatic Stress Disorde,Lamotrigine,8.8,0.12338906232656233,36.3,591.0,70.12677812465313
Post Traumatic Stress Disorde,Luvox,1.0,-0.27499999999999997,14.0,60.0,8.65
Post Traumatic Stress Disorde,Luvox CR,8.0,0.335,20.0,7.0,8.57
Post Traumatic Stress Disorde,Minipress,8.75,0.35887037037037034,49.25,7.0,14.767740740740742
Post Traumatic Stress Disorde,Mirtazapine,6.875,0.08541700675640626,20.5,546.0,61.62083401351281
Post Traumatic Stress Disorde,Paroxetine,7.214285714285714,-0.04934340659340659,21.928571428571427,645.0,71.67274175824176
Post Traumatic Stress Disorde,Paxil,6.533333333333333,-0.023021693121693117,24.866666666666667,457.0,53.240623280423286
Post Traumatic Stress Disorde,Prazosin,7.527777777777778,0.031319855716557106,34.111111111111114,69.0,16.79597304476645
Post Traumatic Stress Disorde,Pristiq,9.0,0.08131227651316937,23.875,548.0,63.337624553026345
Post Traumatic Stress Disorde,Quetiapine,7.461538461538462,0.06023548419016462,17.692307692307693,831.0,89.74354789145727
Post Traumatic Stress Disorde,Risperdal,9.0,0.009599773242630371,25.0,116.0,20.219199546485264
Post Traumatic Stress Disorde,Risperidone,6.857142857142857,0.06385200921999391,22.428571428571427,240.0,31.356275447011416
Post Traumatic Stress Disorde,Saphris,8.75,0.18489117095701918,32.75,181.0,28.51978234191404
Post Traumatic Stress Disorde,Seroquel,7.5,0.10956349206349206,44.25,334.0,45.46912698412698
Post Traumatic Stress Disorde,Seroquel XR,9.333333333333334,0.243260582010582,43.333333333333336,126.0,25.486521164021166
Post Traumatic Stress Disorde,Sertraline,7.166666666666667,0.05340282184703593,29.354166666666668,1360.0,144.84430564369407
Post Traumatic Stress Disorde,Venlafaxine,6.333333333333333,0.09892208014893202,4.777777777777778,1016.0,105.28673304918676
Post Traumatic Stress Disorde,Zoloft,7.463414634146342,0.03725528888763368,39.75609756097561,805.0,91.51109594362893
Post-Cholecystectomy Diarrhea,Cholestyramine,8.25,-0.03965431944598611,7.0,51.0,9.720691361108027
Postherpetic Neuralgia,Capsaicin,6.0,0.025666666666666667,24.333333333333332,36.0,10.918000000000001
Postherpetic Neuralgia,Capzasin-HP,8.0,0.0,7.0,4.0,5.000000000000001
Postherpetic Neuralgia,Gabapentin,7.619047619047619,0.07939746235463614,40.476190476190474,1047.0,116.00165206756643
Postherpetic Neuralgia,Gabapentin enacarbil,9.333333333333334,-0.1405753968253968,5.333333333333333,15.0,6.0188492063492065
Postherpetic Neuralgia,Gralise,8.0,0.0799080554586507,48.333333333333336,4.0,13.426482777583969
Postherpetic Neuralgia,Horizant,9.0,-0.1327380952380952,4.5,15.0,5.73452380952381
Postherpetic Neuralgia,Lidocaine,2.3333333333333335,-0.3597222222222222,12.0,95.0,12.113888888888889
Postherpetic Neuralgia,Lidoderm,4.333333333333333,-0.30952380952380953,18.0,32.0,7.914285714285715
Postherpetic Neuralgia,Lyrica,7.0,-0.0328371759688724,32.3,441.0,53.294325648062255
Postherpetic Neuralgia,Neurontin,9.0,0.04478373015873016,82.8,140.0,34.24956746031746
Postherpetic Neuralgia,Nortriptyline,10.0,0.06666666666666667,34.0,241.0,35.03333333333333
Postherpetic Neuralgia,Pregabalin,6.545454545454546,-0.020659157085699296,34.27272727272727,632.0,72.63140895855588
Postmenopausal Symptoms,Activella,9.0,0.15092592592592594,26.0,2.0,9.30185185185185
Postmenopausal Symptoms,Angeliq,7.571428571428571,0.06946623041861137,27.0,14.0,9.967503889408652
Postmenopausal Symptoms,Bazedoxifene / conjugated estrogens,10.0,0.165,14.0,5.0,7.630000000000001
Postmenopausal Symptoms,Brisdelle,7.0,0.15,9.0,21.0,7.0
Postmenopausal Symptoms,Climara,7.0,0.06577259931426599,37.111111111111114,13.0,11.653767420850755
Postmenopausal Symptoms,Climara Pro,4.833333333333333,0.13994665669298023,6.416666666666667,13.0,4.796559980052627
Postmenopausal Symptoms,CombiPatch,7.125,0.06406374007936508,12.25,8.0,6.22812748015873
Postmenopausal Symptoms,Conjugated estrogens,8.368421052631579,0.07943789694406471,33.8421052631579,42.0,14.474665267572341
Postmenopausal Symptoms,Conjugated estrogens / medroxyprogesterone,5.818181818181818,0.015376082251082264,23.818181818181817,12.0,8.321661255411257
Postmenopausal Symptoms,Desvenlafaxine,10.0,-0.06588888888888889,14.5,582.0,64.96822222222222
Postmenopausal Symptoms,Divigel,5.5,-0.03641975308641976,28.0,2.0,7.927160493827161
Postmenopausal Symptoms,Drospirenone / estradiol,7.7272727272727275,0.07714500426621639,36.09090909090909,11.0,11.563380917623343
Postmenopausal Symptoms,Duavee,7.0,-0.07757575757575759,11.0,7.0,5.544848484848486
Postmenopausal Symptoms,Elestrin,9.333333333333334,0.4624826388888889,48.333333333333336,3.0,14.624965277777779
Postmenopausal Symptoms,Enjuvia,10.0,0.08888888888888886,1.0,2.0,4.577777777777778
Postmenopausal Symptoms,Esterified estrogens,8.0,0.375,8.0,2.0,5.750000000000001
Postmenopausal Symptoms,Esterified estrogens / methyltestosterone,8.0,0.125,6.0,8.0,5.45
Postmenopausal Symptoms,Estrace,5.5,0.103125,100.5,5.0,23.00625
Postmenopausal Symptoms,Estraderm,10.0,0.855,20.0,1.0,9.81
Postmenopausal Symptoms,Estradiol,7.46875,0.07389296518940298,35.96875,241.0,34.42903593037881
Postmenopausal Symptoms,Estradiol / levonorgestrel,4.714285714285714,0.16069407308377895,6.857142857142857,14.0,4.978531003310415
Postmenopausal Symptoms,Estradiol / norethindrone,7.363636363636363,0.18048199485699487,12.909090909090908,11.0,6.988236716986718
Postmenopausal Symptoms,Estradiol Patch,2.8,-0.16758270202020203,24.6,10.0,6.704834595959596
Postmenopausal Symptoms,Estrasorb,7.0,0.0,4.0,1.0,3.7000000000000006
Postmenopausal Symptoms,Estropipate,10.0,0.11055440771349861,14.0,2.0,7.221108815426997
Postmenopausal Symptoms,Ethinyl estradiol / norethindrone,6.4,0.1254074074074074,14.8,2850.0,290.7708148148148
Postmenopausal Symptoms,Evamist,8.5,0.14176025583213084,40.4,10.0,12.763520511664263
Postmenopausal Symptoms,Femring,8.153846153846153,0.13901481197755236,16.23076923076923,15.0,8.285721931647412
Postmenopausal Symptoms,Femtrace,10.0,0.145,24.0,1.0,9.19
Postmenopausal Symptoms,Junel Fe 1 / 20,8.0,0.525,12.0,220.0,28.65
Postmenopausal Symptoms,Loestrin 21 1 / 20,10.0,-0.013888888888888895,18.0,16.0,9.172222222222222
Postmenopausal Symptoms,Menest,9.0,0.2875,10.0,2.0,6.375
Postmenopausal Symptoms,Minivelle,7.0,0.26087962962962963,44.5,2.0,12.42175925925926
Postmenopausal Symptoms,Ogen,10.0,0.11055440771349861,14.0,2.0,7.221108815426997
Postmenopausal Symptoms,Paroxetine,7.5,0.12382305194805195,3.0,645.0,68.34764610389611
Postmenopausal Symptoms,Paxil,4.666666666666667,0.10325396825396826,1.3333333333333333,457.0,48.039841269841276
Postmenopausal Symptoms,Premarin,8.692307692307692,0.07849074536574537,51.46153846153846,29.0,16.82621225996226
Postmenopausal Symptoms,Premarin Vaginal,8.0,0.0037499999999999977,5.5,2.0,4.5075
Postmenopausal Symptoms,Premphase,10.0,0.19642857142857142,8.0,1.0,6.092857142857143
Postmenopausal Symptoms,Prempro,7.0,0.11374131944444446,27.625,10.0,9.55248263888889
Postmenopausal Symptoms,Pristiq,10.0,0.001125000000000008,19.5,548.0,62.70225000000001
Postmenopausal Symptoms,Vivelle,10.0,0.1244973544973545,52.5,2.0,14.948994708994707
Postmenopausal Symptoms,Vivelle-Dot,8.454545454545455,0.06186786698150335,39.81818181818182,17.0,13.169190279417553
Postmenopausal Symptoms,femhrt,10.0,0.06500000000000002,42.0,3.0,12.830000000000002
Postoperative Increased Intraocular Pressure,Nepafenac,9.0,0.0,5.0,4.0,5.0
Postoperative Ocular Inflammation,Bromfenac,7.5,0.26875,8.5,2.0,5.437500000000001
Postoperative Ocular Inflammation,Dexamethasone / tobramycin,8.0,0.06944444444444446,10.0,6.0,5.938888888888888
Postoperative Ocular Inflammation,Difluprednate,6.0,-0.010000000000000009,17.0,3.0,6.080000000000001
Postoperative Ocular Inflammation,Durezol,8.0,0.10124999999999999,21.5,5.0,8.2025
Postoperative Ocular Inflammation,Ilevro,5.5,0.2315972222222222,4.0,2.0,3.6631944444444446
Postoperative Ocular Inflammation,Ketorolac,5.0,0.17777777777777778,3.5,164.0,19.45555555555556
Postoperative Ocular Inflammation,Lotemax,8.0,0.18222222222222223,20.0,6.0,8.164444444444445
Postoperative Ocular Inflammation,Loteprednol,8.333333333333334,0.07148148148148149,19.0,12.0,8.476296296296297
Postoperative Ocular Inflammation,Nepafenac,6.0,0.17939814814814814,4.333333333333333,4.0,4.025462962962964
Postoperative Ocular Inflammation,Nevanac,7.0,0.075,5.0,1.0,4.05
Postoperative Ocular Inflammation,Prednisolone,2.0,0.046008715986394555,17.333333333333332,20.0,6.358684098639456
Postoperative Ocular Inflammation,Prolensa,10.0,0.3,5.0,1.0,5.699999999999999
Postoperative Ocular Inflammation,TobraDex,8.0,0.06944444444444446,10.0,4.0,5.738888888888889
Postoperative Pain,Bupivacaine,10.0,-0.04979338842975207,1.0,3.0,4.400413223140496
Postoperative Pain,Duragesic,7.0,0.22828282828282828,10.0,54.0,10.656565656565657
Postoperative Pain,Fentanyl,6.0,0.29626515151515154,7.25,226.0,27.042530303030304
Postoperative Pain,Ketorolac,7.473684210526316,0.14379751461988305,10.052631578947368,164.0,21.68759502923977
Postoperative Pain,Sublimaze,7.0,0.8,13.0,5.0,7.5
Postoperative Pain,Toradol,6.3,0.0898888888888889,17.8,117.0,17.95977777777778
Postoperative Pain,Toradol IV / IM,9.0,0.08420138888888888,7.5,9.0,6.168402777777779
Postpartum Breast Pain,Testosterone,10.0,-0.01735479797979798,2.0,278.0,32.165290404040405
Postpartum Depression,Celexa,7.333333333333333,0.022611685189810198,30.833333333333332,491.0,58.24522337037962
Postpartum Depression,Citalopram,7.529411764705882,0.03135455108616875,25.823529411764707,995.0,107.73917969040764
Postpartum Depression,Effexor XR,7.875,0.1391419452396343,11.625,399.0,45.65328389047927
Postpartum Depression,Fluoxetine,10.0,0.2772222222222222,20.666666666666668,766.0,85.28777777777779
Postpartum Depression,Paroxetine,6.6,0.11518253968253969,8.2,645.0,69.01036507936507
Postpartum Depression,Paxil,6.2,0.17734704184704184,16.6,457.0,51.854694083694085
Postpartum Depression,Prozac,10.0,0.4125,28.5,472.0,57.725
Postpartum Depression,Sertraline,8.4,0.06690399877899879,27.3,1360.0,144.953807997558
Postpartum Depression,Venlafaxine,6.363636363636363,0.07189302883591547,10.818181818181818,1016.0,106.45287696676274
Postpartum Depression,Zoloft,8.727272727272727,0.10177134237290487,26.545454545454547,805.0,89.50354268474581
Postural Orthostatic Tachycardia Syndrome,Bupropion,8.5,0.16502525252525252,16.5,1022.0,109.23005050505051
Postural Orthostatic Tachycardia Syndrome,Clonidine,9.0,0.5075000000000001,23.0,315.0,40.715
Postural Orthostatic Tachycardia Syndrome,Florinef,8.333333333333334,0.19305555555555554,16.0,4.0,7.3194444444444455
Postural Orthostatic Tachycardia Syndrome,Florinef Acetate,10.0,0.12541035353535354,14.0,2.0,7.250820707070708
Postural Orthostatic Tachycardia Syndrome,Fludrocortisone,6.833333333333333,0.01523700547138048,10.0,9.0,5.663807344276094
Postural Orthostatic Tachycardia Syndrome,Methylphenidate,8.0,0.024999999999999998,5.0,456.0,49.85
Postural Orthostatic Tachycardia Syndrome,Midodrine,6.5,-0.009995039682539675,21.833333333333332,13.0,8.246676587301588
Postural Orthostatic Tachycardia Syndrome,Orvaten,9.0,0.02708333333333334,27.0,1.0,9.154166666666667
Postural Orthostatic Tachycardia Syndrome,ProAmatine,6.0,0.05899722222222222,26.0,7.0,8.417994444444444
Pre-Exposure Prophylaxis,Emtricitabine / tenofovir,8.5,-0.012633547008546998,16.0,11.0,7.674732905982907
Pre-Exposure Prophylaxis,Truvada,9.0,-0.025089031339031332,12.666666666666666,10.0,7.08315527065527
Precocious Puberty,Histrelin,2.0,0.16874999999999998,7.0,1.0,2.6375
Precocious Puberty,Leuprolide,6.923076923076923,0.06184459690141509,19.76923076923077,155.0,22.346766116879756
Precocious Puberty,Lupron Depot-PED,6.0,0.04765988073374437,23.6,10.0,8.215319761467489
Precocious Puberty,Supprelin LA,9.0,0.39,13.0,1.0,7.08
Premature Lab,Brethine,7.0,-0.235813492063492,10.5,2.0,4.6283730158730165
Premature Lab,Hydroxyprogesterone,6.387096774193548,0.06596768074866192,8.838709677419354,31.0,7.554516006658615
Premature Lab,Makena,7.333333333333333,0.08337316799334772,9.0,33.0,8.20007966932003
Premature Lab,Nifedipine,7.5,0.11949404761904761,6.0,45.0,8.938988095238095
Premature Lab,Progesterone,6.0,-0.054126984126984135,1.0,23.0,4.791746031746033
Premature Lab,Prometrium,8.0,0.07686507936507936,14.666666666666666,17.0,7.987063492063492
Premature Lab,Terbutaline,6.0,-0.0833726551226551,5.5,6.0,3.9332546897546905
Premature Ventricular Depolarizations,Bisoprolol,9.0,0.23416666666666666,56.0,12.0,16.468333333333334
Premature Ventricular Depolarizations,Metoprolol,7.0,0.11034764309764311,20.8,215.0,28.680695286195288
Premenstrual Dysphoric Disorde,Beyaz,8.625,0.021673985736485733,19.625,94.0,16.818347971472974
Premenstrual Dysphoric Disorde,Bupropion,9.0,-0.027500000000000004,15.0,1022.0,108.745
Premenstrual Dysphoric Disorde,Citalopram,9.363636363636363,0.09290961316362387,33.09090909090909,995.0,110.04945558996361
Premenstrual Dysphoric Disorde,Drospirenone / ethinyl estradiol,7.475409836065574,0.07479117411020479,19.852459016393443,890.0,96.11023808592533
Premenstrual Dysphoric Disorde,Drospirenone / ethinyl estradiol / levomefolate calcium,8.5,0.02349893162393163,20.375,153.0,22.821997863247866
Premenstrual Dysphoric Disorde,Effexor,9.0,0.06666666666666668,36.0,265.0,37.43333333333334
Premenstrual Dysphoric Disorde,Effexor XR,9.0,0.3375,39.0,399.0,51.97500000000001
Premenstrual Dysphoric Disorde,Escitalopram,9.166666666666666,0.11209845693327837,45.666666666666664,1292.0,142.22419691386656
Premenstrual Dysphoric Disorde,Evening Primrose Oil,9.5,0.13839285714285715,13.0,5.0,7.176785714285714
Premenstrual Dysphoric Disorde,Fluoxetine,8.433962264150944,0.05243962016300674,38.64150943396226,766.0,87.80676603277885
Premenstrual Dysphoric Disorde,Gianvi,7.0,-0.015535789759690857,10.846153846153847,133.0,18.23815918971139
Premenstrual Dysphoric Disorde,Lexapro,9.333333333333334,0.17685185185185184,72.66666666666667,952.0,113.82037037037037
Premenstrual Dysphoric Disorde,Loryna,1.0,-0.031411435786435786,3.5,43.0,5.337177128427128
Premenstrual Dysphoric Disorde,Ocella,7.0,0.075,11.0,95.0,14.65
Premenstrual Dysphoric Disorde,Paroxetine,10.0,0.01999999999999999,15.0,645.0,71.54
Premenstrual Dysphoric Disorde,Paxil CR,9.0,0.06649659863945578,21.0,24.0,10.332993197278913
Premenstrual Dysphoric Disorde,Prozac,7.111111111111111,0.04419968534551869,49.111111111111114,472.0,59.95506603735771
Premenstrual Dysphoric Disorde,Sarafem,8.764705882352942,0.01316216381790055,62.35294117647059,17.0,17.702794915871095
Premenstrual Dysphoric Disorde,Sertraline,8.857142857142858,0.00925236769962313,47.964285714285715,1360.0,149.15421902111353
Premenstrual Dysphoric Disorde,Tryptophan,10.0,0.09375,8.0,6.0,6.387499999999999
Premenstrual Dysphoric Disorde,Venlafaxine,9.333333333333334,0.23472222222222225,26.666666666666668,1016.0,111.13611111111112
Premenstrual Dysphoric Disorde,Yasmin,5.75,0.06284579425204426,22.5,171.0,24.02569158850409
Premenstrual Dysphoric Disorde,Yaz,7.225,0.0896257036699198,23.075,344.0,42.084251407339835
Premenstrual Dysphoric Disorde,Zoloft,8.409090909090908,0.008537502323013693,50.40909090909091,805.0,93.96252955010057
Premenstrual Syndrome,Acetaminophen / caffeine / pyrilamine,5.0,0.0,0.0,1.0,2.1
Premenstrual Syndrome,Acetaminophen / pamabrom / pyrilamine,9.0,0.05000000000000002,0.0,1.0,3.8000000000000003
Premenstrual Syndrome,Chateal,3.0,0.015051020408163264,1.0,113.0,12.730102040816327
Premenstrual Syndrome,Ethinyl estradiol / levonorgestrel,3.5,0.003318695296931906,1.0,1888.0,190.4066373905939
Premenstrual Syndrome,LoSeasonique,2.0,0.10476190476190476,0.0,73.0,8.30952380952381
Prevention of Atherothrombotic Events,Brilinta,6.0,0.05213860544217687,1.0,14.0,4.104277210884354
Prevention of Atherothrombotic Events,Ticagrelor,5.0,0.03475907029478458,2.0,19.0,4.3695181405895696
Prevention of Bladder infection,Bactrim,10.0,-0.09999999999999998,59.0,212.0,36.800000000000004
Prevention of Bladder infection,Hiprex,9.5,-0.013541666666666646,86.5,12.0,22.272916666666667
Prevention of Bladder infection,Macrobid,6.25,0.010143484161341318,44.083333333333336,238.0,35.136953634989354
Prevention of Bladder infection,Macrodantin,7.6,0.29595555555555564,48.8,14.0,14.79191111111111
Prevention of Bladder infection,Mandelamine,9.5,0.053333333333333316,44.0,2.0,12.906666666666666
Prevention of Bladder infection,Methenamine,9.833333333333334,0.16333964646464647,37.5,18.0,13.560012626262626
Prevention of Bladder infection,Nitrofurantoin,7.111111111111111,0.0349062950937951,37.97222222222222,500.0,60.50870147907648
Prevention of Bladder infection,Sulfamethoxazole / trimethoprim,6.0,-0.06432291666666666,27.25,527.0,60.421354166666674
Prevention of Cardiovascular Disease,Atorvastatin,3.25,0.14692325036075035,43.0,85.0,18.6938465007215
Prevention of Cardiovascular Disease,Crestor,2.0,-0.2916666666666667,14.0,51.0,8.116666666666667
Prevention of Cardiovascular Disease,Lipitor,5.0,0.013293650793650783,71.33333333333333,36.0,19.89325396825397
Prevention of Cardiovascular Disease,Rosuvastatin,6.0,0.08083333333333331,20.0,61.0,12.661666666666669
Prevention of Cardiovascular Disease,Telmisartan,6.0,-0.12291666666666667,19.0,22.0,8.154166666666669
Prevention of Dental Caries,Clinpro 5000,10.0,0.53125,3.0,1.0,5.762499999999999
Prevention of Dental Caries,Fluoride,7.5,0.1719722673160173,5.25,8.0,5.193944534632035
Prevention of Dental Caries,Pro-Den Rx,1.0,0.11250000000000002,0.0,1.0,0.725
Prevention of Hypokalemia,Klor-Con,5.333333333333333,0.23750000000000002,19.666666666666668,5.0,7.041666666666667
Prevention of Hypokalemia,Potassium chloride,6.571428571428571,0.13339710884353742,13.428571428571429,10.0,6.5810799319727895
Prevention of Osteoporosis,Alendronate,2.6666666666666665,-0.12233087679516251,63.166666666666664,22.0,15.655338246409674
Prevention of Osteoporosis,Boniva,2.0,0.009999999999999992,63.0,19.0,15.320000000000002
Prevention of Osteoporosis,Fosamax,1.0,0.022959183673469385,194.0,12.0,40.44591836734695
Prevention of Osteoporosis,Ibandronate,5.5,0.015555555555555555,30.5,23.0,10.631111111111112
Prevention of Osteoporosis,Raloxifene,4.0,0.08804390054390053,15.5,5.0,5.3760878010878015
Prevention of Osteoporosis,Reclast,8.333333333333334,0.12883597883597883,54.333333333333336,33.0,17.75767195767196
Prevention of Osteoporosis,Risedronate,1.0,0.06987179487179487,9.0,17.0,4.0397435897435905
Prevention of Osteoporosis,Zoledronic acid,8.333333333333334,0.12883597883597883,54.333333333333336,47.0,19.15767195767196
Prevention of Perinatal Group B Streptococcal Disease,Clindamycin,9.0,0.225,8.0,385.0,44.15
Prevention of Thromboembolism in Atrial Fibrillation,Apixaban,6.0625,-0.0015985805622754142,38.375,45.0,14.596802838875451
Prevention of Thromboembolism in Atrial Fibrillation,Coumadin,10.0,0.3333333333333333,149.0,11.0,35.56666666666667
Prevention of Thromboembolism in Atrial Fibrillation,Dabigatran,7.6,0.06552087331860058,42.96,58.0,17.563041746637204
Prevention of Thromboembolism in Atrial Fibrillation,Eliquis,7.0,-0.036125767800233036,47.77272727272727,31.0,15.382293918944988
Prevention of Thromboembolism in Atrial Fibrillation,Jantoven,9.0,-0.016666666666666663,46.0,1.0,12.866666666666667
Prevention of Thromboembolism in Atrial Fibrillation,Pradaxa,7.25,0.07500261912785587,46.75,55.0,17.900005238255712
Prevention of Thromboembolism in Atrial Fibrillation,Rivaroxaban,1.0,-0.11666666666666665,28.0,83.0,14.066666666666668
Prevention of Thromboembolism in Atrial Fibrillation,Warfarin,7.0,0.0537037037037037,56.666666666666664,27.0,16.94074074074074
Prevention of Thromboembolism in Atrial Fibrillation,Xarelto,3.0,-0.11506944444444445,21.5,76.0,12.869861111111112
Primary Hyperaldosteronism,Aldactone,9.0,0.134375,46.0,12.0,14.26875
Primary Hyperaldosteronism,Spironolactone,9.25,0.1742680224867725,39.0,239.0,35.74853604497355
Primary Hyperaldosteronism Diagnosis,Spironolactone,10.0,0.03749999999999999,7.0,239.0,29.375000000000004
Primary Immunodeficiency Syndrome,Cuvitru,9.0,0.2916666666666667,4.0,1.0,5.083333333333333
Primary Immunodeficiency Syndrome,Gammagard,7.0,0.17222222222222222,3.0,2.0,3.944444444444445
Primary Immunodeficiency Syndrome,Gamunex,10.0,-0.09999999999999999,16.5,2.0,7.3
Primary Immunodeficiency Syndrome,Hizentra,6.285714285714286,0.09999878522837706,14.142857142857142,7.0,6.242854713313897
Primary Immunodeficiency Syndrome,Immune globulin intravenous,9.333333333333334,-0.10625,15.0,5.0,7.020833333333334
Primary Immunodeficiency Syndrome,Immune globulin intravenous and subcutaneous,10.0,0.2,0.0,2.0,4.6000000000000005
Primary Immunodeficiency Syndrome,Immune globulin subcutaneous,6.857142857142857,0.07078235964715557,8.571428571428571,14.0,5.998707576437169
Primary Immunodeficiency Syndrome,Octagam,8.0,-0.11875,12.0,1.0,5.4625
Primary Immunodeficiency Syndrome,Privigen,10.0,0.0,7.0,1.0,5.5
Primary Immunodeficiency Syndrome,Vivaglobin,9.5,-0.06017628205128203,3.25,4.0,4.729647435897436
Primary Nocturnal Enuresis,Desmopressin,9.0,0.06641865079365081,48.5,13.0,14.732837301587303
Primary Nocturnal Enuresis,Imipramine,3.0,0.35,20.0,28.0,8.700000000000001
Primary Nocturnal Enuresis,Nortriptyline,8.0,0.2,2.0,241.0,28.1
Primary Nocturnal Enuresis,Tofranil,3.0,0.35,20.0,7.0,6.6000000000000005
Primary Ovarian Failure,Conjugated estrogens,7.333333333333333,0.1890873015873016,32.666666666666664,42.0,14.044841269841271
Primary Ovarian Failure,Estrace,7.0,0.2480769230769231,14.0,5.0,6.596153846153847
Primary Ovarian Failure,Estradiol,8.2,0.06995522533022533,18.8,241.0,31.279910450660452
Primary Ovarian Failure,Estradiol Patch,8.0,0.1310416666666667,25.0,10.0,9.462083333333334
Primary Ovarian Failure,Premarin,7.5,0.2657738095238096,39.0,29.0,14.23154761904762
Primary Ovarian Failure,Vivelle-Dot,7.0,0.0014941077441077422,15.666666666666666,17.0,7.63632154882155
Progesterone Insufficiency,Crinone,4.0,-0.39999999999999997,8.0,1.0,2.5000000000000004
Progesterone Insufficiency,Progesterone,6.454545454545454,0.02083075888757708,16.727272727272727,23.0,8.268934245047882
Progesterone Insufficiency,Prometrium,8.5,0.0990767195767196,39.0,17.0,13.098153439153439
Prostate Cance,Abiraterone,9.11111111111111,0.0246039094650206,40.0,9.0,12.593652263374485
Prostate Cance,Bicalutamide,7.6,0.11572486772486772,82.0,5.0,20.171449735449738
Prostate Cance,Casodex,7.25,0.022156084656084655,92.0,4.0,21.74431216931217
Prostate Cance,Degarelix,9.0,-0.08333934583934582,31.333333333333332,3.0,9.999987974987976
Prostate Cance,Eligard,7.0,0.09928236446093588,11.0,4.0,5.598564728921873
Prostate Cance,Enzalutamide,1.0,-0.20420833333333333,5.666666666666667,3.0,1.424916666666667
Prostate Cance,Firmagon,9.25,-0.03176542207792207,49.0,4.0,13.836469155844158
Prostate Cance,Goserelin,7.8,0.015289351851851856,48.0,23.0,15.050578703703707
Prostate Cance,Leuprolide,6.361111111111111,0.019342284442482857,49.333333333333336,155.0,27.94979567999608
Prostate Cance,Lupron,6.842105263157895,0.05497625133151449,71.63157894736842,38.0,20.973110397399875
Prostate Cance,Lupron Depot,6.2,-0.10106349206349205,34.8,85.0,17.737873015873017
Prostate Cance,Provenge,8.0,0.15318181818181817,19.666666666666668,3.0,7.739696969696969
Prostate Cance,Sipuleucel-T,7.5,0.08884469696969696,14.75,4.0,6.5276893939393945
Prostate Cance,Trelstar,7.0,0.08787878787878789,6.0,2.0,4.375757575757576
Prostate Cance,Trelstar LA,8.0,0.0673076923076923,22.0,1.0,7.834615384615384
Prostate Cance,Triptorelin,8.5,0.10069930069930069,12.5,2.0,6.301398601398602
Prostate Cance,Xtandi,1.0,-0.20420833333333333,5.666666666666667,3.0,1.424916666666667
Prostate Cance,Zoladex,7.25,0.02194733796296297,51.25,23.0,15.493894675925926
Prostate Cance,Zytiga,9.714285714285714,0.06307539682539684,44.714285714285715,7.0,13.654722222222222
Prostatitis,Avelox,7.0,0.009861111111111098,64.66666666666667,102.0,25.953055555555558
Prostatitis,Bactrim,2.8,0.06892857142857142,16.4,212.0,25.737857142857145
Prostatitis,Bactrim DS,5.5,0.21875,15.25,136.0,19.2875
Prostatitis,Cipro,3.923076923076923,0.08843673687423687,22.0,165.0,22.64610424297924
Prostatitis,Ciprofloxacin,3.9642857142857144,0.0015534071583178705,14.678571428571429,361.0,40.62453538574521
Prostatitis,Ditropan XL,8.0,0.07179487179487183,24.0,2.0,8.343589743589744
Prostatitis,Doxy 100,10.0,-0.03199999999999999,5.0,14.0,6.336
Prostatitis,Doxycycline,7.333333333333333,0.05732275132275133,13.0,627.0,68.34797883597884
Prostatitis,Levaquin,4.833333333333333,0.06790801790801791,21.333333333333332,202.0,26.53581603581604
Prostatitis,Levofloxacin,3.6666666666666665,0.07847307013973681,14.88888888888889,327.0,37.30139058472392
Prostatitis,Moxifloxacin,7.0,0.009861111111111098,64.66666666666667,126.0,28.35305555555556
Prostatitis,SMZ-TMP DS,7.0,0.13052328843995512,6.666666666666667,15.0,5.894379910213244
Prostatitis,Septra DS,1.0,0.11818181818181818,8.0,19.0,4.136363636363637
Prostatitis,Sulfamethoxazole / trimethoprim,4.636363636363637,0.0845338121474485,10.181818181818182,527.0,56.75997671520399
"Prosthetic Heart Valves, Mechanical Valves - Thrombosis Prophylaxis",Warfarin,9.75,0.09791666666666667,8.5,27.0,8.495833333333334
"Prosthetic Heart Valves, Tissue Valves - Thrombosis Prophylaxis",Coumadin,9.0,0.0,45.0,11.0,13.7
"Prosthetic Heart Valves, Tissue Valves - Thrombosis Prophylaxis",Warfarin,9.0,0.0,45.0,27.0,15.3
Pruritus,Atarax,10.0,0.12083333333333335,77.0,70.0,26.641666666666666
Pruritus,Benzocaine,10.0,1.0,2.0,8.0,7.2
Pruritus,Calamine,8.0,-0.033333333333333326,38.0,1.0,10.833333333333334
Pruritus,Crotamiton,10.0,0.8,8.0,1.0,7.299999999999999
Pruritus,Diphenhydramine / hydrocortisone,10.0,0.1875,2.0,2.0,4.9750000000000005
Pruritus,Doxepin,9.0,0.085,1.0,171.0,21.07
Pruritus,Eurax,9.5,0.38181818181818183,5.0,2.0,5.763636363636365
Pruritus,Gabapentin,7.0,0.08750000000000001,12.5,1047.0,110.175
Pruritus,HC-Derma-Pax,10.0,0.1875,2.0,2.0,4.9750000000000005
Pruritus,Hydrocortisone,7.5,-0.11583333333333332,4.5,34.0,7.068333333333333
Pruritus,Hydroxyzine,6.857142857142857,0.03510942617787856,24.19047619047619,448.0,52.451171233308145
Pruritus,Lanacane,9.0,0.1870535714285714,4.5,3.0,5.174107142857143
Pruritus,Pramoxine,9.0,0.030000000000000006,1.5,17.0,5.66
Pruritus,Prax,8.0,0.0,0.0,1.0,3.3000000000000003
Pruritus,Sarna Sensitive,10.0,0.11452380952380953,3.5,2.0,5.129047619047619
Pruritus,Skeeter Stik,10.0,1.0,2.0,1.0,6.5
Pruritus of Partial Biliary Obstruction,Cholestyramine,10.0,-0.33125,20.0,51.0,12.4375
Pseudobulbar Affect,Dextromethorphan / quinidine,8.9,0.02690270854286005,43.4,10.0,13.293805417085721
Pseudobulbar Affect,Nuedexta,9.125,0.02833473739013511,42.625,8.0,13.031669474780271
"Pseudogout, Prophylaxis",Colchicine,10.0,0.02500000000000005,7.0,45.0,9.95
Pseudomembranous Colitis,Metronidazole,7.0,-0.4110863095238095,2.0,922.0,94.57782738095239
Pseudotumor Cerebri,Acetazolamide,6.7272727272727275,0.023060371108947698,15.068181818181818,67.0,12.45066619676335
Pseudotumor Cerebri,Diamox,6.8125,0.049848205696419984,23.25,25.0,9.974696411392841
Pseudotumor Cerebri,Diamox Sequels,9.0,0.06627029220779221,16.0,4.0,7.332540584415585
Psoriasis,Acitretin,7.545454545454546,0.1263353502558048,30.454545454545453,11.0,10.461761609602519
Psoriasis,Adalimumab,7.762711864406779,0.0953955401452753,28.74576271186441,295.0,38.545028368426145
Psoriasis,Alclometasone,8.0,0.30238095238095236,13.0,1.0,6.504761904761905
Psoriasis,Alefacept,10.0,0.05486111111111112,3.0,1.0,4.809722222222222
Psoriasis,Amevive,10.0,0.05486111111111112,3.0,1.0,4.809722222222222
Psoriasis,Anucort-HC,2.0,-0.125,8.0,1.0,2.2500000000000004
Psoriasis,Betamethasone / calcipotriene,7.461538461538462,0.117630263294344,10.423076923076923,30.0,8.304491295819457
Psoriasis,Calcipotriene,7.111111111111111,0.04616402116402117,19.333333333333332,10.0,7.803439153439154
Psoriasis,Calcitriol,7.666666666666667,0.046269841269841266,4.333333333333333,8.0,4.825873015873015
Psoriasis,Clobetasol,8.655172413793103,0.1465966553777152,22.93103448275862,60.0,14.341469172824397
Psoriasis,Clobex,8.764705882352942,0.05203193048781284,32.05882352941177,24.0,12.421710919799157
Psoriasis,Clocortolone,9.0,0.01666666666666667,16.0,3.0,7.133333333333334
Psoriasis,Cloderm,9.0,0.01666666666666667,16.0,2.0,7.033333333333334
Psoriasis,Coal tar,9.555555555555555,0.1812017349452245,14.222222222222221,13.0,8.329070136557117
Psoriasis,Coal tar / salicylic acid / sulfur,9.0,-0.052380952380952375,0.0,1.0,3.5952380952380953
Psoriasis,Cordran Tape,10.0,0.1592592592592593,12.333333333333334,6.0,7.385185185185186
Psoriasis,Cyclosporine,10.0,0.19444444444444448,36.5,34.0,15.08888888888889
Psoriasis,DesOwen,8.0,-0.0625,49.0,3.0,13.175
Psoriasis,Desonide,8.5,0.1625,37.0,24.0,13.525
Psoriasis,Desoximetasone,8.375,0.0964261878994022,11.625,17.0,7.567852375798805
Psoriasis,Dovonex,6.7,0.038626984126984135,25.4,11.0,8.937253968253968
Psoriasis,Elocon,9.875,0.1296772829443284,31.5,22.0,12.709354565888656
Psoriasis,Embeline,8.0,0.2,14.0,1.0,6.5
Psoriasis,Enbrel,7.842105263157895,0.04115559574441154,13.368421052631579,144.0,20.2928375072783
Psoriasis,Enstilar,4.5,-0.20412808641975308,2.5,3.0,2.1917438271604937
Psoriasis,Etanercept,8.157894736842104,0.05916781378952432,12.052631578947368,152.0,20.992019838105364
Psoriasis,Fluocinonide,7.769230769230769,0.13398479992229992,18.76923076923077,26.0,9.729508061383061
Psoriasis,Flurandrenolide,10.0,0.019259259259259254,12.0,6.0,7.038518518518519
Psoriasis,Halobetasol,8.125,0.11747159090909091,6.5,15.0,6.284943181818182
Psoriasis,Humira,7.6,0.08949519200810344,27.933333333333334,295.0,38.305657050682875
Psoriasis,Hydrocortisone,10.0,0.48888888888888893,0.0,34.0,8.377777777777778
Psoriasis,Infliximab,9.666666666666666,0.0015572390572390626,16.666666666666668,109.0,18.103114478114477
Psoriasis,Kenalog,8.666666666666666,-0.20866013071895426,12.666666666666666,7.0,6.282679738562092
Psoriasis,Kenalog-10,10.0,0.0,12.0,11.0,7.5
Psoriasis,Kenalog-40,9.0,-0.04999999999999999,10.0,12.0,6.7
Psoriasis,Lidex,5.0,0.1768229166666667,41.0,4.0,10.953645833333335
Psoriasis,MG217 Medicated Tar,9.0,0.3125,7.0,1.0,5.725
Psoriasis,Methotrexate,8.6,0.034918491830177104,51.36,121.0,25.881836983660357
Psoriasis,Mometasone,9.454545454545455,0.13522164589313349,31.636363636363637,77.0,18.079534200877177
Psoriasis,Neoral,10.0,0.1138888888888889,70.0,3.0,18.52777777777778
Psoriasis,Olux,9.666666666666666,0.1572192390942391,13.5,8.0,7.681105144855145
Psoriasis,Prednisone,10.0,-0.4071875,9.0,289.0,33.885625000000005
Psoriasis,Psoriasin,10.0,0.19420044293091165,9.0,4.0,6.588400885861824
Psoriasis,Remicade,9.5,-0.0625,25.0,104.0,19.075000000000003
Psoriasis,Scytera,10.0,0.029999999999999992,7.0,1.0,5.56
Psoriasis,Soriatane,7.571428571428571,0.13459840754483612,39.714285714285715,7.0,11.940625386518242
Psoriasis,Stelara,8.721311475409836,0.11054689507995848,32.24590163934426,72.0,17.358798708192705
Psoriasis,Taclonex,7.961538461538462,0.15742522497494088,12.0,27.0,8.599465834565267
Psoriasis,Taclonex Scalp,9.0,0.5,9.0,2.0,6.6
Psoriasis,Tazarotene,9.5,0.37798323471400397,15.0,14.0,8.955966469428008
Psoriasis,Tazorac,9.5,0.37798323471400397,15.0,10.0,8.555966469428007
Psoriasis,Temovate,10.0,0.22499999999999998,31.0,2.0,10.85
Psoriasis,Topicort,9.0,0.05499684343434345,4.5,5.0,5.1099936868686875
Psoriasis,Topicort LP,10.0,0.20000000000000004,20.0,1.0,8.5
Psoriasis,Triamcinolone,7.75,0.10977328431372549,10.25,110.0,16.369546568627452
Psoriasis,Ultravate,9.0,0.2555555555555556,2.0,6.0,5.1111111111111125
Psoriasis,Ustekinumab,8.328358208955224,0.09536173545884441,33.16417910447761,77.0,17.8549025753953
Psoriasis,Vectical,9.333333333333334,0.12543650793650793,4.0,3.0,5.084206349206349
Psoriatic Arthritis,Adalimumab,7.2272727272727275,0.07978595534807621,28.65909090909091,295.0,38.282299183423426
Psoriatic Arthritis,Apremilast,5.08,0.016273904805255427,20.32,145.0,20.62854780961051
Psoriatic Arthritis,Certolizumab,4.8,0.0030714285714285782,7.2,18.0,5.166142857142857
Psoriatic Arthritis,Cimzia,4.666666666666667,-0.11488095238095238,3.6666666666666665,14.0,3.7702380952380956
Psoriatic Arthritis,Cosentyx,3.0,-0.035762648809523796,9.25,32.0,6.178474702380953
Psoriatic Arthritis,Enbrel,8.0,0.1020159613047771,24.2,144.0,22.644031922609557
Psoriatic Arthritis,Etanercept,8.32,0.12027997645629224,22.68,152.0,23.304559952912584
Psoriatic Arthritis,Golimumab,6.444444444444445,0.091437103460913,18.22222222222222,50.0,11.405096429144049
Psoriatic Arthritis,Humira,7.375,0.04458971183304478,27.7,295.0,38.07917942366609
Psoriatic Arthritis,Infliximab,8.571428571428571,0.07110235003092145,19.714285714285715,109.0,18.413633271490415
Psoriatic Arthritis,Leflunomide,8.0,0.19999999999999998,21.0,30.0,10.8
Psoriatic Arthritis,Methotrexate,5.818181818181818,-0.03532386636932091,13.181818181818182,121.0,16.992988630897724
Psoriatic Arthritis,Mycophenolate mofetil,10.0,0.0,0.0,31.0,7.1
Psoriatic Arthritis,Otezla,4.948717948717949,0.020701836257520815,23.076923076923077,140.0,20.636275467386838
Psoriatic Arthritis,Prednisone,4.5,-0.090625,13.0,289.0,33.118750000000006
Psoriatic Arthritis,Remicade,8.666666666666666,0.19098785473785473,18.77777777777778,104.0,18.00419793169793
Psoriatic Arthritis,Secukinumab,3.5,0.08650628306878307,9.333333333333334,37.0,7.139679232804234
Psoriatic Arthritis,Simponi,6.0,0.0828248556998557,20.1,42.0,10.785649711399714
Psoriatic Arthritis,Stelara,6.2727272727272725,0.02114624913326213,16.0,72.0,12.951383407357433
Psoriatic Arthritis,Sulfasalazine,5.0,-0.02495023106367644,22.333333333333332,47.0,11.116766204539314
Psoriatic Arthritis,Ustekinumab,5.777777777777778,-0.04596528398115699,15.88888888888889,77.0,13.096958320926575
Psychosis,Chlorpromazine,6.0,0.24271604938271604,3.0,33.0,6.785432098765433
Psychosis,Compazine,9.0,-0.08169753086419752,6.0,44.0,9.036604938271605
Psychosis,Fanapt,7.4,0.08660829725829725,18.6,16.0,8.453216594516595
Psychosis,Fluphenazine,5.6,0.02022500000000001,13.0,5.0,5.38045
Psychosis,Haldol,8.571428571428571,0.025134382424298392,49.57142857142857,19.0,15.293125907705742
Psychosis,Haldol Decanoate,8.0,0.2857142857142857,8.0,1.0,5.4714285714285715
Psychosis,Haloperidol,7.448275862068965,0.02778322040963579,19.724137931034484,49.0,11.879704371853755
Psychosis,Iloperidone,6.2,0.03702496392496392,19.4,23.0,8.734049927849929
Psychosis,Navane,9.333333333333334,0.10964506172839505,30.0,3.0,10.252623456790126
Psychosis,Perphenazine,7.166666666666667,-0.16303273809523808,13.333333333333334,11.0,6.3072678571428575
Psychosis,Prolixin,5.666666666666667,-0.040333333333333325,27.666666666666668,3.0,8.019333333333336
Psychosis,Thiothixene,10.0,0.1175925925925926,24.5,2.0,9.335185185185185
Psychosis,Thorazine,5.5,0.175,8.0,25.0,6.65
Psychosis,Trilafon,3.6666666666666665,-0.11946825396825396,16.0,4.0,4.8277301587301595
Pudendal Neuralgia,Amitriptyline,7.0,0.1982281144781145,7.0,695.0,74.09645622895623
Pudendal Neuralgia,Gabapentin,4.0,-0.0625,3.0,1047.0,106.775
Pulmonary Embolism,Apixaban,7.5,0.0247544642857143,26.833333333333332,45.0,12.916175595238096
Pulmonary Embolism,Dabigatran,6.0,-0.27754884004884006,4.5,58.0,8.54490231990232
Pulmonary Embolism,Eliquis,8.0,-0.00528273809523809,30.333333333333332,31.0,12.35610119047619
Pulmonary Embolism,Fondaparinux,9.0,0.27125,9.5,5.0,6.5425
Pulmonary Embolism,Pradaxa,9.0,-0.39305555555555555,1.0,55.0,8.51388888888889
Pulmonary Embolism,Rivaroxaban,7.037037037037037,0.09744158562110777,21.703703703703702,83.0,15.650438726797772
Pulmonary Embolism,Xarelto,6.592592592592593,0.11581962036591666,26.59259259259259,76.0,15.787194796287391
"Pulmonary Embolism, First Event",Coumadin,10.0,0.025,47.0,11.0,14.549999999999999
"Pulmonary Embolism, First Event",Warfarin,9.0,-0.13333333333333333,20.666666666666668,27.0,10.166666666666668
"Pulmonary Embolism, Recurrent Event",Rivaroxaban,9.333333333333334,0.13643563034188033,40.666666666666664,83.0,20.43953792735043
"Pulmonary Embolism, Recurrent Event",Warfarin,8.666666666666666,0.07476851851851851,26.333333333333332,27.0,11.582870370370369
"Pulmonary Embolism, Recurrent Event",Xarelto,9.333333333333334,0.13643563034188036,40.666666666666664,76.0,19.73953792735043
Pulmonary Hypertension,Adcirca,6.0,0.3131861348528015,7.666666666666667,3.0,4.859705603038937
Pulmonary Hypertension,Adempas,1.0,0.05652680652680653,0.0,1.0,0.6130536130536131
Pulmonary Hypertension,Ambrisentan,8.0,0.09299206349206349,19.4,5.0,7.765984126984128
Pulmonary Hypertension,Bosentan,9.5,0.125,2.5,2.0,4.750000000000001
Pulmonary Hypertension,Epoprostenol,10.0,0.13541666666666666,6.0,1.0,5.570833333333333
Pulmonary Hypertension,Letairis,8.625,0.14606906114718615,19.0,8.0,8.342138122294374
Pulmonary Hypertension,Macitentan,10.0,0.5,5.0,1.0,6.1
Pulmonary Hypertension,Opsumit,10.0,0.5,5.0,1.0,6.1
Pulmonary Hypertension,Remodulin,4.0,-0.07499999999999998,0.0,1.0,1.5500000000000003
Pulmonary Hypertension,Revatio,5.857142857142857,0.10242559523809523,20.0,7.0,7.247708333333334
Pulmonary Hypertension,Riociguat,1.0,0.05652680652680653,0.0,1.0,0.6130536130536131
Pulmonary Hypertension,Selexipag,4.2,0.07507913961038962,7.4,5.0,3.8101582792207793
Pulmonary Hypertension,Sildenafil,6.5,0.11949652777777776,21.666666666666668,167.0,23.872326388888887
Pulmonary Hypertension,Tadalafil,5.25,0.12093126780626781,10.75,318.0,36.29186253561254
Pulmonary Hypertension,Tracleer,9.5,0.125,2.5,2.0,4.750000000000001
Pulmonary Hypertension,Treprostinil,7.2,0.03040250721500722,6.4,5.0,4.720805014430015
Pulmonary Hypertension,Tyvaso,7.875,0.08658345452290764,7.625,8.0,5.648166909045815
Pulmonary Hypertension,Uptravi,4.666666666666667,0.04706890331890332,7.666666666666667,3.0,3.7941378066378073
Pupillary Dilation,Hydroxyamphetamine / tropicamide,2.0,0.11717032967032968,2.0,1.0,1.5343406593406597
Pupillary Dilation,Paremyd,2.0,0.13358516483516483,1.0,2.0,1.4671703296703296
Pupillary Dilation,Tropicamide,3.5,0.06174999999999999,6.5,2.0,3.0235000000000003
Q Feve,Doxycycline,9.0,0.19523809523809524,0.0,627.0,66.69047619047619
Rabies Prophylaxis,"Rabies vaccine, human diploid cell",10.0,-0.006569166127989662,0.0,1.0,4.086861667744021
Radionuclide Myocardial Perfusion Study,Regadenoson,1.0,-0.0007936507936507908,6.0,6.0,2.1984126984126986
Ramsay Hunt Syndrome,Valacyclovir,8.0,-0.12749999999999997,1.0,238.0,26.945
Raynaud's Syndrome,Amlodipine,6.5,0.18836947278911564,57.75,179.0,32.426738945578236
Raynaud's Syndrome,Cardizem,8.0,0.04340277777777778,62.0,7.0,16.386805555555554
Raynaud's Syndrome,Diltiazem,8.0,0.04340277777777778,62.0,59.0,21.586805555555557
Raynaud's Syndrome,Felodipine,10.0,-0.09999999999999999,12.0,5.0,6.7
Raynaud's Syndrome,Isoxsuprine,9.0,-0.15595238095238098,3.0,2.0,4.088095238095238
Raynaud's Syndrome,Isradipine,5.0,-0.08333333333333331,4.0,1.0,2.733333333333334
Raynaud's Syndrome,Nifedical XL,4.0,0.05833333333333334,42.0,4.0,10.516666666666667
Raynaud's Syndrome,Nifedipine,7.833333333333333,0.05184872901018734,20.166666666666668,45.0,11.770364124687042
Raynaud's Syndrome,Nisoldipine,1.0,0.0,2.0,1.0,0.9
Raynaud's Syndrome,Nitro-Bid,10.0,0.10208333333333335,43.0,3.0,13.104166666666668
Raynaud's Syndrome,Norvasc,6.0,0.2110204081632653,63.666666666666664,44.0,19.955374149659868
Raynaud's Syndrome,Plendil,9.0,0.11141774891774892,16.0,2.0,7.222835497835498
Raynaud's Syndrome,Prazosin,9.5,0.10000000000000002,3.0,69.0,11.5
Raynaud's Syndrome,Procardia,7.2,0.07073484848484848,26.8,5.0,8.881469696969697
Raynaud's Syndrome,Sular,1.0,0.0,2.0,1.0,0.9
Raynaud's Syndrome,Vasodilan,9.0,-0.15595238095238098,3.0,1.0,3.988095238095238
Reflex Sympathetic Dystrophy Syndrome,Amitriptyline,4.333333333333333,0.11141203703703702,5.0,695.0,72.4561574074074
Reflex Sympathetic Dystrophy Syndrome,Aventyl Hydrochloride,1.0,0.0,5.0,2.0,1.5999999999999999
Reflex Sympathetic Dystrophy Syndrome,Doxepin,3.0,0.26,5.0,171.0,19.82
Reflex Sympathetic Dystrophy Syndrome,Gabapentin,6.4,0.029293986730494666,7.8,1047.0,108.878587973461
Reflex Sympathetic Dystrophy Syndrome,Lyrica,6.142857142857143,0.025096715453858307,12.857142857142858,441.0,49.178764859479145
Reflex Sympathetic Dystrophy Syndrome,Milnacipran,7.0,0.04836309523809525,17.25,207.0,27.046726190476193
Reflex Sympathetic Dystrophy Syndrome,Neurontin,8.0,0.009374999999999994,14.0,140.0,20.01875
Reflex Sympathetic Dystrophy Syndrome,Nortriptyline,7.0,-0.17333333333333328,21.0,241.0,30.753333333333337
Reflex Sympathetic Dystrophy Syndrome,Pregabalin,7.363636363636363,0.04284829801358727,12.090909090909092,632.0,68.64933295966354
Reflex Sympathetic Dystrophy Syndrome,Savella,6.0,-0.04384920634920634,15.666666666666666,212.0,26.645634920634926
Reflex Sympathetic Dystrophy Syndrome,Trazodone,8.0,-0.045833333333333316,33.5,584.0,68.20833333333334
Reiter's Syndrome,Adalimumab,8.666666666666666,0.07029596560846561,5.0,295.0,34.1072585978836
Reiter's Syndrome,Humira,8.5,-0.00039682539682539195,6.0,295.0,34.09920634920635
Rejection Prophylaxis,Mycophenolic acid,10.0,-0.13472222222222222,1.0,3.0,4.230555555555556
Rejection Prophylaxis,Myfortic,10.0,-0.024375,17.5,3.0,7.75125
Renal Cell Carcinoma,Afinitor,7.0,0.16,68.0,11.0,17.820000000000004
Renal Cell Carcinoma,Avastin,8.0,-0.17499999999999996,14.0,15.0,7.15
Renal Cell Carcinoma,Bevacizumab,8.0,-0.17499999999999996,14.0,17.0,7.3500000000000005
Renal Cell Carcinoma,Everolimus,7.0,0.16,68.0,9.0,17.62
Renal Cell Carcinoma,Medroxyprogesterone,7.0,0.23333333333333334,14.0,995.0,105.56666666666666
Renal Cell Carcinoma,Nivolumab,4.0,0.05000000000000001,10.666666666666666,19.0,5.733333333333333
Renal Cell Carcinoma,Opdivo,1.0,0.0,19.0,12.0,5.4
Renal Cell Carcinoma,Pazopanib,8.333333333333334,0.0654258652777998,39.43333333333333,38.0,15.150851730555601
Renal Cell Carcinoma,Proleukin,10.0,0.042857142857142864,13.0,1.0,6.785714285714285
Renal Cell Carcinoma,Sorafenib,10.0,0.10663197097020626,27.5,7.0,10.41326394194041
Renal Cell Carcinoma,Sunitinib,8.333333333333334,0.07748271404521405,58.083333333333336,12.0,16.30496542809043
Renal Cell Carcinoma,Sutent,7.461538461538462,0.03262126762126762,51.84615384615385,14.0,14.819088689088689
Renal Cell Carcinoma,Temsirolimus,9.0,0.5,2.0,1.0,5.1
Renal Cell Carcinoma,Torisel,9.0,0.5,2.0,1.0,5.1
Renal Cell Carcinoma,Votrient,8.153846153846153,0.0814309843982515,64.73076923076923,34.0,19.77055427648881
Renal Transplant,Azathioprine,10.0,0.17083333333333334,21.0,44.0,12.941666666666668
Renal Transplant,Imuran,10.0,0.17083333333333334,21.0,33.0,11.841666666666669
Restless Legs Syndrome,Carbidopa / levodopa,7.866666666666666,0.12059638400814872,30.0,33.0,12.687859434682965
Restless Legs Syndrome,Clonazepam,8.0,0.17886710042602902,43.46666666666667,831.0,95.3510675341854
Restless Legs Syndrome,Clonidine,10.0,0.04611111111111112,21.5,315.0,39.89222222222222
Restless Legs Syndrome,Gabapentin,8.297872340425531,0.09794656966590634,57.02127659574468,1047.0,119.61929739465097
Restless Legs Syndrome,Gabapentin enacarbil,8.0,0.13276547947002493,43.0,15.0,13.56553095894005
Restless Legs Syndrome,Gabarone,4.0,0.013888888888888883,51.0,2.0,12.027777777777779
Restless Legs Syndrome,Horizant,7.6923076923076925,0.03460497835497836,35.30769230769231,15.0,11.707671495171496
Restless Legs Syndrome,Klonopin,7.5,0.18033234126984127,70.625,432.0,60.68566468253968
Restless Legs Syndrome,Klonopin Wafer,5.0,0.475,27.0,12.0,9.55
Restless Legs Syndrome,Lamotrigine,1.0,-0.08333333333333333,5.0,591.0,60.333333333333336
Restless Legs Syndrome,Levodopa,8.0,0.09999999999999998,4.0,1.0,4.3
Restless Legs Syndrome,Lyrica,10.0,0.46875,41.0,441.0,57.237500000000004
Restless Legs Syndrome,Mirapex,8.0,0.0467010675268872,39.721311475409834,67.0,17.93766443013574
Restless Legs Syndrome,Neupro,8.11111111111111,0.09975264952434106,24.22222222222222,25.0,10.788394187937572
Restless Legs Syndrome,Neurontin,8.833333333333334,0.20138888888888892,105.66666666666667,140.0,39.06944444444444
Restless Legs Syndrome,Pramipexole,7.576470588235294,0.07801393912722603,28.611764705882354,96.0,18.508969054725043
Restless Legs Syndrome,Pregabalin,9.333333333333334,0.2566152597402597,16.333333333333332,632.0,70.71323051948052
Restless Legs Syndrome,Requip,6.857142857142857,0.014452968453818797,34.61224489795919,60.0,15.69421205935662
Restless Legs Syndrome,Ropinirole,6.911290322580645,0.05553197330584412,20.93548387096774,133.0,20.362676849837495
Restless Legs Syndrome,Rotigotine,8.666666666666666,0.11300899089744174,23.714285714285715,26.0,11.035541791318693
Restless Legs Syndrome,Sinemet,8.222222222222221,0.14078516647961092,54.333333333333336,14.0,15.837125888514779
Restless Legs Syndrome,Tramadol,8.576923076923077,0.02418356084458319,30.307692307692307,820.0,91.54067481399686
Restless Legs Syndrome,Ultram,7.0,0.06372777777777777,26.4,142.0,22.407455555555558
Restless Legs Syndrome,Ultram ER,5.5,0.0,21.5,19.0,8.4
Reversal of Nondepolarizing Muscle Relaxants,Pyridostigmine,1.0,-0.5395833333333333,10.0,21.0,3.4208333333333334
Reversal of Opioid Sedation,Naloxone,7.0,-0.001212121212121213,4.0,10.0,4.597575757575758
Reversal of Opioid Sedation,Narcan Injection,8.0,0.06,3.0,4.0,4.32
Rheumatoid Arthritis,Abatacept,7.176470588235294,0.07329086762910293,56.35294117647059,19.0,16.187758205846443
Rheumatoid Arthritis,Absorbine Jr.,10.0,0.2716666666666667,1.0,1.0,4.843333333333333
Rheumatoid Arthritis,Acetaminophen / hydrocodone,7.833333333333333,0.04733796296296297,49.833333333333336,498.0,62.99467592592593
Rheumatoid Arthritis,Acetaminophen / tramadol,8.666666666666666,0.4513544536271809,23.666666666666668,30.0,12.102708907254362
Rheumatoid Arthritis,Actemra,8.5,0.05407638888888888,29.0,13.0,10.608152777777779
Rheumatoid Arthritis,Acthar,10.0,-0.075,5.0,6.0,5.449999999999999
Rheumatoid Arthritis,Adalimumab,6.802631578947368,0.06377381304009529,49.14473684210526,295.0,42.17754762608019
Rheumatoid Arthritis,Advil,10.0,0.14285714285714285,14.0,14.0,8.485714285714286
Rheumatoid Arthritis,Aleve,7.6,0.2575,56.4,66.0,21.435000000000002
Rheumatoid Arthritis,Anakinra,8.0,0.21874999999999997,5.0,6.0,5.237500000000001
Rheumatoid Arthritis,Ansaid,6.0,0.0,9.0,2.0,4.4
Rheumatoid Arthritis,Arava,6.357142857142857,-0.017787468649075787,98.5,14.0,23.60728220555899
Rheumatoid Arthritis,Arthrotec,8.0,0.29158459595959596,28.25,27.0,12.133169191919194
Rheumatoid Arthritis,Aspirin,10.0,-0.2638186813186813,11.0,20.0,7.672362637362637
Rheumatoid Arthritis,Auranofin,10.0,0.11982142857142858,12.5,2.0,6.939642857142857
Rheumatoid Arthritis,Azathioprine,3.3333333333333335,-0.010902777777777787,15.333333333333334,44.0,8.778194444444445
Rheumatoid Arthritis,Bextra,10.0,0.5,8.0,5.0,7.1
Rheumatoid Arthritis,Celebrex,8.428571428571429,0.11576723871366727,59.857142857142854,97.0,25.27439162028448
Rheumatoid Arthritis,Celecoxib,7.2727272727272725,0.010097101972101973,41.36363636363637,109.0,22.102012385762386
Rheumatoid Arthritis,CellCept,9.0,0.18,55.0,19.0,16.86
Rheumatoid Arthritis,Certolizumab,8.0,0.20307539682539683,49.5,18.0,15.306150793650795
Rheumatoid Arthritis,Cimzia,8.5,0.15773809523809523,40.0,14.0,13.115476190476192
Rheumatoid Arthritis,Clinoril,8.0,0.325,20.0,4.0,8.25
Rheumatoid Arthritis,Corticotropin,10.0,-0.075,5.0,9.0,5.75
Rheumatoid Arthritis,Daypro,3.0,0.0,0.0,2.0,1.4000000000000001
Rheumatoid Arthritis,Deltasone,8.0,0.22916666666666666,81.0,5.0,20.358333333333334
Rheumatoid Arthritis,Depo-Medrol,9.0,0.029135101010100996,16.0,8.0,7.658270202020202
Rheumatoid Arthritis,Diclofenac,7.173913043478261,0.18610531470676397,19.73913043478261,482.0,55.389601933761355
Rheumatoid Arthritis,Diclofenac / misoprostol,6.8,0.19271103896103897,33.2,29.0,12.64542207792208
Rheumatoid Arthritis,Diflunisal,6.5,0.032142857142857126,8.5,6.0,4.9642857142857135
Rheumatoid Arthritis,Doxycycline,5.5,5.4253472222220295e-05,9.5,627.0,66.80010850694445
Rheumatoid Arthritis,Enbrel,8.351851851851851,0.09812846716115607,40.98148148148148,144.0,26.13329397135935
Rheumatoid Arthritis,Esomeprazole / naproxen,9.5,-0.03462103174603175,25.25,21.0,10.880757936507937
Rheumatoid Arthritis,Etanercept,8.542372881355933,0.09140770660107414,41.20338983050848,152.0,27.040442531846217
Rheumatoid Arthritis,Etodolac,8.0,0.18972222222222218,5.0,40.0,8.579444444444444
Rheumatoid Arthritis,Famotidine / ibuprofen,9.0,0.14583333333333334,6.0,12.0,6.291666666666667
Rheumatoid Arthritis,Feldene,7.0,0.14034391534391535,11.0,9.0,6.180687830687832
Rheumatoid Arthritis,Flurbiprofen,6.0,0.0,9.0,6.0,4.800000000000001
Rheumatoid Arthritis,Golimumab,7.142857142857143,0.13402959713897214,32.07142857142857,50.0,14.539487765706516
Rheumatoid Arthritis,Humira,6.408450704225352,0.05686386893499499,45.690140845070424,295.0,41.315136188574215
Rheumatoid Arthritis,Hydroxychloroquine,6.531914893617022,0.05135181374161189,59.08510638297872,114.0,25.93249086152578
Rheumatoid Arthritis,IBU,10.0,0.0,0.0,1.0,4.1
Rheumatoid Arthritis,Ibuprofen,10.0,0.13886904761904761,17.75,85.0,16.327738095238097
Rheumatoid Arthritis,Imuran,4.5,-0.0033333333333333305,21.0,33.0,9.293333333333335
Rheumatoid Arthritis,Indocin,8.0,0.3333333333333333,47.0,20.0,15.266666666666667
Rheumatoid Arthritis,Indomethacin,8.5,0.0,10.5,103.0,15.8
Rheumatoid Arthritis,Infliximab,8.277777777777779,0.0762503434432998,34.05555555555556,109.0,21.174722909108823
Rheumatoid Arthritis,Kenalog-40,10.0,0.1010596546310832,16.333333333333332,12.0,8.668785975928834
Rheumatoid Arthritis,Ketoprofen,8.5,-0.01418350168350168,8.0,15.0,6.471632996632997
Rheumatoid Arthritis,Leflunomide,6.931034482758621,0.066970393004749,68.55172413793103,30.0,19.616699406699155
Rheumatoid Arthritis,Lorcet 10 / 650,9.0,0.0,49.0,13.0,14.700000000000001
Rheumatoid Arthritis,Lortab,8.75,0.05803571428571429,44.75,98.0,22.36607142857143
Rheumatoid Arthritis,Medrol,7.0,0.05833333333333333,44.0,5.0,12.216666666666669
Rheumatoid Arthritis,Medrol Dosepak,9.0,0.20000000000000004,78.0,9.0,20.5
Rheumatoid Arthritis,Meloxicam,6.04,0.032472988795716085,44.56,250.0,36.39294597759143
Rheumatoid Arthritis,Methotrexate,7.52,0.06288449165066382,83.04,121.0,31.84176898330133
Rheumatoid Arthritis,Methyl salicylate,10.0,0.2716666666666667,1.0,13.0,6.043333333333333
Rheumatoid Arthritis,Methylprednisolone,8.5,0.09319485028860029,24.6,152.0,23.706389700577205
Rheumatoid Arthritis,Minocycline,4.0,-0.021875,1.0,257.0,27.456250000000004
Rheumatoid Arthritis,Mobic,6.857142857142857,0.11741578196935341,55.57142857142857,84.0,22.491974421081565
Rheumatoid Arthritis,Mycophenolate mofetil,9.0,0.18,55.0,31.0,18.060000000000002
Rheumatoid Arthritis,Nabumetone,4.5,-0.06006944444444444,24.625,48.0,11.404861111111114
Rheumatoid Arthritis,Naproxen,6.6875,0.21886126893939395,39.5,308.0,41.81272253787879
Rheumatoid Arthritis,Norco,5.5,0.11666666666666668,67.5,156.0,31.533333333333335
Rheumatoid Arthritis,Orencia,6.684210526315789,0.04453138236032973,47.94736842105263,21.0,14.4522206594575
Rheumatoid Arthritis,Orudis KT,9.0,-0.02836700336700336,7.0,2.0,5.143265993265993
Rheumatoid Arthritis,Otrexup,9.0,0.013750000000000002,30.0,1.0,9.7275
Rheumatoid Arthritis,Oxaprozin,5.5,0.019375000000000014,14.0,6.0,5.63875
Rheumatoid Arthritis,Piroxicam,8.75,0.2955357142857143,13.0,16.0,8.291071428571428
Rheumatoid Arthritis,Plaquenil,6.92,0.05374099749965135,103.2,59.0,29.415481994999304
Rheumatoid Arthritis,Prednicot,10.0,0.7,25.0,1.0,10.5
Rheumatoid Arthritis,Prednisone,7.75,0.04281822375293357,71.5,289.0,46.385636447505874
Rheumatoid Arthritis,Relafen,10.0,-0.0033333333333333214,56.0,17.0,16.893333333333334
Rheumatoid Arthritis,Remicade,8.052631578947368,0.12511350479442584,38.0,104.0,21.4712796411678
Rheumatoid Arthritis,Rheumatrex Dose Pack,2.0,-0.15000000000000002,113.0,1.0,23.200000000000003
Rheumatoid Arthritis,Ridaura,10.0,0.11982142857142858,12.5,2.0,6.939642857142857
Rheumatoid Arthritis,Rituxan,6.375,0.07954962572150072,72.875,17.0,18.984099251443002
Rheumatoid Arthritis,Rituximab,7.888888888888889,0.07365117461940471,36.22222222222222,58.0,16.34730234923881
Rheumatoid Arthritis,Salsalate,8.0,0.1875,5.0,3.0,4.875
Rheumatoid Arthritis,Simponi,7.4,0.10576683056526807,37.8,42.0,14.931533661130537
Rheumatoid Arthritis,Simponi Aria,5.6,0.11410606060606061,9.6,5.0,4.888212121212121
Rheumatoid Arthritis,Sulfasalazine,5.565217391304348,-0.03539518754192667,53.78260869565217,47.0,17.61181832056832
Rheumatoid Arthritis,Sulfazine,3.3333333333333335,-0.19444444444444445,73.66666666666667,7.0,16.37777777777778
Rheumatoid Arthritis,Sulindac,4.5,-0.008163265306122436,13.0,15.0,5.883673469387755
Rheumatoid Arthritis,Tocilizumab,8.076923076923077,0.047702351067735675,41.76923076923077,14.0,13.080020086750856
Rheumatoid Arthritis,Tofacitinib,5.72,0.03896968150896723,26.08,25.0,10.081939363017934
Rheumatoid Arthritis,Tolmetin,9.0,0.0,0.0,2.0,3.8000000000000003
Rheumatoid Arthritis,Tramadol,9.375,0.020662202380952385,44.125,820.0,94.61632440476191
Rheumatoid Arthritis,Triamcinolone,10.0,0.12050409907552766,21.0,110.0,19.441008198151057
Rheumatoid Arthritis,Trolamine salicylate,1.0,0.29285714285714287,6.0,22.0,4.385714285714286
Rheumatoid Arthritis,Ultracet,9.0,0.6625,66.0,20.0,20.125
Rheumatoid Arthritis,Ultram,8.0,-0.13888888888888892,96.0,142.0,36.32222222222223
Rheumatoid Arthritis,Valdecoxib,10.0,0.5,8.0,9.0,7.5
Rheumatoid Arthritis,Vicodin,10.0,-0.006249999999999999,88.0,91.0,30.6875
Rheumatoid Arthritis,Vimovo,8.25,-0.09783775252525251,15.75,17.0,7.954324494949495
Rheumatoid Arthritis,Voltaren,5.888888888888889,0.17592592592592593,21.555555555555557,89.0,15.91851851851852
Rheumatoid Arthritis,Xeljanz,5.62962962962963,0.035045119072445924,34.96296296296296,27.0,12.014534682589336
Rheumatoid Arthritis,Xeljanz XR,9.666666666666666,0.3325073953823954,1.0,3.0,5.031681457431457
Rhinitis,Allerx Dose Pack DF,10.0,0.10333333333333333,3.3333333333333335,3.0,5.173333333333334
Rhinitis,Chlorcyclizine / phenylephrine,10.0,0.08933333333333333,16.0,1.0,7.478666666666666
Rhinitis,Chlorpheniramine / methscopolamine / phenylephrine,8.5,0.008630952380952371,3.5,5.0,4.6172619047619055
Rhinitis,Dallergy,10.0,0.08933333333333333,16.0,1.0,7.478666666666666
Rhinitis,Flonase,7.285714285714286,0.11365204034468225,26.464285714285715,51.0,13.534446937832225
Rhinitis,Flonase Allergy Relief,1.0,0.014285714285714315,7.0,1.0,1.9285714285714288
Rhinitis,Fluticasone,7.6,0.1147193023050445,18.4,111.0,18.04943860461009
Rhinitis,Veramyst,8.0,0.0405952380952381,20.333333333333332,15.0,8.847857142857142
Rhinorrhea,Atrovent Nasal,10.0,-0.1226388888888889,71.0,1.0,18.054722222222225
Rhinorrhea,Ipratropium,7.5,0.05534722222222222,35.5,12.0,11.410694444444445
Rosacea,Accutane,9.166666666666666,0.08050870811287478,19.333333333333332,330.0,40.694350749559085
Rosacea,Azelaic acid,8.06060606060606,0.12557217261320797,16.303030303030305,49.0,11.635992830074901
Rosacea,Azelex,9.333333333333334,0.22083333333333335,16.333333333333332,4.0,7.841666666666668
Rosacea,Brimonidine,3.6857142857142855,-0.0024414629063935784,17.228571428571428,73.0,12.215117074187214
Rosacea,Clarifoam EF,9.333333333333334,0.21378306878306877,27.666666666666668,8.0,10.494232804232805
Rosacea,Doryx,10.0,0.0,27.0,49.0,14.3
Rosacea,Doxy 100,9.0,0.26666666666666666,88.0,14.0,23.133333333333333
Rosacea,Doxycycline,8.271186440677965,0.10257416698185598,24.593220338983052,627.0,71.13226697803151
Rosacea,Finacea,8.0,0.13586213641108494,24.310344827586206,42.0,12.533793238339413
Rosacea,Isotretinoin,8.375,0.053864759166098446,9.875,530.0,58.432729518332195
Rosacea,Ivermectin,7.52542372881356,0.12206729236470507,13.440677966101696,88.0,14.742439669475175
Rosacea,MetroCream,3.5,0.020312499999999997,36.0,2.0,8.840625
Rosacea,MetroGel,7.916666666666667,0.2826851851851852,47.166666666666664,12.0,14.365370370370371
Rosacea,Metronidazole,6.947368421052632,0.11503761842851755,28.05263157894737,922.0,100.81954892106756
Rosacea,Minocin,7.666666666666667,0.17324074074074072,21.333333333333332,10.0,8.679814814814815
Rosacea,Minocycline,8.357142857142858,0.19494024779333222,17.0,257.0,32.83273763844381
Rosacea,Mirvaso,3.7777777777777777,-0.0169468061542461,19.142857142857142,63.0,11.605788927374048
Rosacea,Monodox,10.0,0.11388888888888889,28.0,24.0,12.22777777777778
Rosacea,Oracea,8.433333333333334,0.13969210843169177,26.1,31.0,11.972717550196718
Rosacea,Oxymetazoline,2.375,0.019948685573685593,4.125,66.0,8.414897371147372
Rosacea,Plexion Cleanser,9.0,0.26666666666666666,31.0,1.0,10.433333333333334
Rosacea,Rhofade,3.2222222222222223,0.019997526907249145,4.111111111111111,9.0,3.0511061649256095
Rosacea,Rozex,1.0,-0.2571428571428572,23.0,1.0,4.585714285714285
Rosacea,Solodyn,10.0,0.3997130394857668,26.333333333333332,63.0,16.366092745638202
Rosacea,Soolantra,7.509803921568627,0.10458848357827115,13.588235294117647,51.0,11.030745594607524
Rosacea,Sulfacetamide sodium / sulfur,8.5,0.24904253418539132,18.75,32.0,10.848085068370782
SIADH,Declomycin,9.0,0.0541245791245791,7.0,2.0,5.308249158249159
SIADH,Demeclocycline,7.666666666666667,0.018675645342311992,5.666666666666667,3.0,4.537351290684624
STD Prophylaxis,Azithromycin,3.0,-0.4,0.0,548.0,55.2
STD Prophylaxis,Cefixime,7.0,0.5,6.0,7.0,5.7
STD Prophylaxis,Metronidazole,5.0,0.0,0.0,922.0,94.2
STD Prophylaxis,Suprax,7.0,0.5,6.0,5.0,5.5
Salivary Gland Cance,Herceptin,10.0,0.19545454545454546,32.0,3.0,11.090909090909092
Salivary Gland Cance,Trastuzumab,10.0,0.19545454545454546,32.0,4.0,11.190909090909091
Sarcoidosis,Acthar,10.0,0.6000000000000001,0.0,6.0,5.800000000000001
Sarcoidosis,Deltasone,6.0,0.18613636363636363,9.0,5.0,5.072272727272727
Sarcoidosis,Prednisone,7.5,0.07223484848484849,14.5,289.0,34.9444696969697
Sarcoidosis,Triamcinolone,8.0,0.1554743867243867,6.0,110.0,15.710948773448774
Scabies,Elimite,6.5,-0.00347222222222221,88.5,2.0,20.493055555555554
Scabies,Ivermectin,8.5,0.14913419913419912,149.5,88.0,42.3982683982684
Scabies,Permethrin,6.333333333333333,-0.011713726088726081,34.166666666666664,8.0,10.143239214489215
Scabies,Stromectol,8.0,0.1619047619047619,211.0,2.0,45.92380952380953
Schilling Test,Cyanocobalamin,10.0,0.1524537037037037,21.0,12.0,9.704907407407408
Schistosoma japonicum,Biltricide,3.0,-0.057777777777777775,1.0,1.0,1.3844444444444446
Schistosoma japonicum,Praziquantel,3.0,-0.057777777777777775,1.0,2.0,1.4844444444444445
Schizoaffective Disorde,Abilify,7.689655172413793,0.12903405773664395,19.24137931034483,446.0,51.782206046507774
Schizoaffective Disorde,Aripiprazole,7.125,0.18283334930405243,19.75,500.0,57.165666698608106
Schizoaffective Disorde,Asenapine,8.466666666666667,0.15848157100835672,29.4,194.0,28.983629808683382
Schizoaffective Disorde,Depakene,9.0,0.55,13.5,7.0,8.1
Schizoaffective Disorde,Geodon,6.964285714285714,0.060453375163196606,19.571428571428573,165.0,23.320906750326394
Schizoaffective Disorde,Invega,5.461538461538462,0.06504434456860156,22.03846153846154,54.0,12.122396381444897
Schizoaffective Disorde,Invega Sustenna,6.571428571428571,0.07342855226783798,15.142857142857142,21.0,7.903999961678533
Schizoaffective Disorde,Lamictal,8.8,-0.01813888888888887,28.8,339.0,43.14372222222222
Schizoaffective Disorde,Lamotrigine,9.0,0.10507186100936101,25.875,591.0,68.08514372201873
Schizoaffective Disorde,Latuda,9.0,0.0823143424036281,29.625,330.0,42.68962868480726
Schizoaffective Disorde,Lithium,9.0,-0.12833333333333333,18.0,173.0,24.243333333333332
Schizoaffective Disorde,Lithobid,9.0,0.0,27.0,11.0,10.1
Schizoaffective Disorde,Lurasidone,9.125,0.10516745488058046,22.625,352.0,43.585334909761166
Schizoaffective Disorde,Olanzapine,5.375,0.10997276984135243,13.78125,278.0,32.92619553968271
Schizoaffective Disorde,Paliperidone,6.151515151515151,0.1125955051939394,21.545454545454547,104.0,17.39488798008485
Schizoaffective Disorde,Quetiapine,6.923076923076923,0.09681614647233588,19.846153846153847,831.0,90.03209383140621
Schizoaffective Disorde,Risperdal,6.733333333333333,0.039220214970214974,27.066666666666666,116.0,19.7851070966071
Schizoaffective Disorde,Risperdal M-Tab,10.0,0.11920995670995668,15.0,4.0,7.638419913419914
Schizoaffective Disorde,Risperidone,6.473684210526316,0.03204225035752384,17.894736842105264,240.0,30.232505553346627
Schizoaffective Disorde,Saphris,7.9411764705882355,0.12278175605906698,27.41176470588235,181.0,27.004387041529903
Schizoaffective Disorde,Seroquel,7.357142857142857,0.1026239147979094,24.142857142857142,334.0,41.37667640102439
Schizoaffective Disorde,Seroquel XR,6.0,0.048056231962481974,6.5,126.0,16.396112463924965
Schizoaffective Disorde,Tegretol,9.0,0.2933333333333333,42.0,77.0,20.286666666666665
Schizoaffective Disorde,Valproic acid,8.5,0.2513888888888889,5.0,16.0,6.502777777777778
Schizoaffective Disorde,Ziprasidone,7.275862068965517,0.02818286669806635,16.344827586206897,178.0,24.03567607822372
Schizoaffective Disorde,Zyprexa,6.4,0.17160964889938105,20.1,167.0,23.623219297798762
Schizoaffective Disorde,Zyprexa Zydis,6.333333333333333,0.14916666666666667,15.0,12.0,7.031666666666667
Schizophrenia,Abilify,6.361111111111111,0.02533089423222525,26.583333333333332,446.0,52.51177289957556
Schizophrenia,Abilify Maintena,7.75,-0.05163213770356627,6.75,4.0,4.7467357245928685
Schizophrenia,Aripiprazole,6.888888888888889,0.02425770999649968,22.066666666666666,500.0,57.21740430888189
Schizophrenia,Asenapine,7.708333333333333,0.14829970624613484,19.125,194.0,26.604932745825607
Schizophrenia,Brexpiprazole,6.75,-0.033836158054908055,14.625,95.0,15.057327683890184
Schizophrenia,Cariprazine,8.333333333333334,0.14329898205073274,20.0,63.0,13.9199312974348
Schizophrenia,Chlorpromazine,9.142857142857142,0.16472222222222221,12.571428571428571,33.0,9.800873015873016
Schizophrenia,Clozapine,8.8125,0.10700915916469894,67.4375,20.0,19.226518318329397
Schizophrenia,Clozaril,8.833333333333334,0.2102141955266955,95.66666666666667,6.0,23.687095057720065
Schizophrenia,Fanapt,8.0,-0.03561350466112371,18.571428571428573,16.0,8.443058704963468
Schizophrenia,Geodon,7.833333333333333,0.04812861161472273,24.88888888888889,165.0,24.707368334340558
Schizophrenia,Iloperidone,6.875,0.005223214285714289,15.625,23.0,8.18544642857143
Schizophrenia,Invega,4.916666666666667,0.05063957628520669,24.166666666666668,54.0,12.301279152570414
Schizophrenia,Invega Sustenna,6.615384615384615,0.14203880841380842,16.0,21.0,8.230231462981463
Schizophrenia,Invega Trinza,5.0,0.11666666666666667,6.0,2.0,3.6333333333333337
Schizophrenia,Latuda,6.51063829787234,0.039470333069976445,29.5531914893617,330.0,41.59383428316123
Schizophrenia,Loxapine,6.5,-0.017499999999999998,6.75,6.0,4.515000000000001
Schizophrenia,Lurasidone,6.622222222222222,0.042755584737201056,27.977777777777778,352.0,43.52995561391885
Schizophrenia,Mellaril,10.0,0.30729166666666663,22.0,1.0,9.114583333333334
Schizophrenia,Moban,9.0,-0.021464646464646464,1.0,1.0,3.8570707070707075
Schizophrenia,Molindone,9.0,-0.021464646464646464,1.0,1.0,3.8570707070707075
Schizophrenia,Olanzapine,6.761904761904762,0.18930511181205625,20.857142857142858,278.0,35.05480069981459
Schizophrenia,Paliperidone,6.096153846153846,0.07262666042748461,16.923076923076923,104.0,16.368330243931894
Schizophrenia,Quetiapine,7.115384615384615,0.05077578158003983,17.884615384615383,831.0,89.62462848623701
Schizophrenia,Rexulti,5.375,-0.08413603179228181,18.75,83.0,14.031727936415436
Schizophrenia,Risperdal,5.0,0.0087649827024827,26.95,116.0,19.007529965404967
Schizophrenia,Risperdal Consta,8.5,0.23342592592592593,40.75,6.0,12.616851851851852
Schizophrenia,Risperidone,5.641025641025641,0.021631766856125834,21.333333333333332,240.0,30.566340456789177
Schizophrenia,Saphris,7.8,0.16088143338143338,18.2,181.0,25.181762866762867
Schizophrenia,Seroquel,5.714285714285714,0.017001803846191606,22.857142857142858,334.0,40.291146464835236
Schizophrenia,Seroquel XR,8.25,0.04433396464646465,18.5,126.0,19.688667929292933
Schizophrenia,Stelazine,10.0,0.0020000000000000018,27.333333333333332,5.0,9.970666666666666
Schizophrenia,Thioridazine,10.0,0.30729166666666663,22.0,1.0,9.114583333333334
Schizophrenia,Thorazine,9.666666666666666,0.039722222222222235,10.666666666666666,25.0,8.579444444444444
Schizophrenia,Trifluoperazine,9.75,0.3104285714285714,12.5,7.0,7.7208571428571435
Schizophrenia,Vraylar,7.818181818181818,0.14267535760860817,18.818181818181817,53.0,12.476259806126308
Schizophrenia,Ziprasidone,7.8,0.10768310855810856,20.0,178.0,25.135366217116218
Schizophrenia,Zyprexa,6.5625,0.1850430219857303,39.0,167.0,27.49508604397146
Schizophrenia,Zyprexa Zydis,5.333333333333333,0.1148148148148148,7.666666666666667,12.0,5.0962962962962965
Schnitzler Syndrome,Anakinra,10.0,0.4583333333333333,5.0,6.0,6.5166666666666675
Schnitzler Syndrome,Kineret,10.0,0.05805555555555556,4.0,1.0,5.016111111111111
Sciatica,Acetaminophen,5.5,-0.050446428571428586,10.0,30.0,7.099107142857143
Sciatica,Aleve,7.5,0.07571113630637441,59.0,66.0,21.55142227261275
Sciatica,Amrix,10.0,0.16818181818181818,72.0,35.0,22.236363636363635
Sciatica,Arthrotec,9.2,0.10405483405483404,69.6,27.0,20.508109668109668
Sciatica,Aspirin,7.5,0.18506944444444445,31.0,20.0,11.57013888888889
Sciatica,Cyclobenzaprine,6.655172413793103,0.07578309013501712,40.89655172413793,275.0,38.49294549061486
Sciatica,Diclofenac,7.583333333333333,0.1514614898989899,37.833333333333336,482.0,59.10292297979798
Sciatica,Diclofenac / misoprostol,9.0,0.08977235916011427,50.42857142857143,29.0,16.76525900403452
Sciatica,Flexeril,6.375,0.10387731481481481,64.125,119.0,27.482754629629632
Sciatica,Flurbiprofen,10.0,0.06785714285714287,1.0,6.0,4.935714285714287
Sciatica,Ibuprofen,6.8,0.17215079365079364,19.2,85.0,15.404301587301587
Sciatica,Nabumetone,4.25,0.10625,29.75,48.0,12.662500000000001
Sciatica,Naprelan,9.0,0.09047619047619047,77.5,9.0,20.18095238095238
Sciatica,Naprosyn,10.0,0.09633333333333334,78.0,19.0,21.692666666666668
Sciatica,Naproxen,6.5,0.06148354362788886,42.708333333333336,308.0,42.06463375392245
Sciatica,Relafen,8.5,0.16223544973544973,48.0,17.0,15.024470899470902
Sciatica,Tylenol,5.5,0.07142857142857142,23.5,8.0,7.8428571428571425
Sciatica,Voltaren,8.2,0.02275,60.2,89.0,24.265500000000003
Scleroderma,Methotrexate,1.0,-0.11898148148148148,5.0,121.0,13.262037037037038
Seasonal Affective Disorde,Budeprion XL,9.0,0.15340909090909088,56.0,19.0,17.006818181818183
Seasonal Affective Disorde,Bupropion,9.636363636363637,0.03809278663255936,44.09090909090909,1022.0,114.9489128459924
Seasonal Affective Disorde,Wellbutrin XL,9.666666666666666,-0.050277777777777775,69.0,202.0,37.766111111111115
Seasonal Allergic Conjunctivitis,Lotemax,10.0,0.0031250000000000006,10.0,6.0,6.606249999999999
Seasonal Allergic Conjunctivitis,Loteprednol,10.0,0.0031250000000000006,10.0,12.0,7.20625
Seasonal Allergic Conjunctivitis,Olopatadine,7.666666666666667,0.0555992127961825,9.151515151515152,40.0,9.008168122562061
Seasonal Allergic Conjunctivitis,Pataday,6.857142857142857,-0.03819742881126809,10.785714285714286,14.0,6.2236051423774645
Seasonal Allergic Conjunctivitis,Patanol,8.307692307692308,0.10958130544669006,14.384615384615385,14.0,7.819162610893382
Seasonal Allergic Conjunctivitis,Pazeo,6.0,0.05368923611111111,6.5,4.0,4.207378472222223
Seborrheic Dermatitis,Avar LS Cleanser,10.0,0.21979166666666666,22.0,1.0,8.939583333333333
Seborrheic Dermatitis,Coal tar,7.0,0.008854166666666656,2.0,13.0,4.517708333333333
Seborrheic Dermatitis,Cutar,7.0,0.008854166666666656,2.0,2.0,3.4177083333333336
Seborrheic Dermatitis,DermaZinc Shampoo,10.0,0.23058035714285716,10.0,1.0,6.561160714285714
Seborrheic Dermatitis,Extina,10.0,0.4777777777777778,47.0,1.0,14.455555555555556
Seborrheic Dermatitis,Fluocinolone,10.0,0.184375,9.0,7.0,6.86875
Seborrheic Dermatitis,Ketoconazole,7.583333333333333,0.18390204959649403,26.916666666666668,25.0,11.284470765859655
Seborrheic Dermatitis,Loprox,8.0,0.26666666666666666,34.0,1.0,10.633333333333335
Seborrheic Dermatitis,Nizoral A-D,1.0,0.0,16.0,2.0,3.8000000000000003
Seborrheic Dermatitis,Nizoral Topical,10.0,0.42000000000000004,55.0,2.0,16.04
Seborrheic Dermatitis,Ovace Plus,10.0,0.07000000000000002,17.0,1.0,7.64
Seborrheic Dermatitis,Selenium sulfide,10.0,0.365625,3.0,11.0,6.43125
Seborrheic Dermatitis,Sulfacetamide sodium,10.0,0.07000000000000002,17.0,2.0,7.74
Seborrheic Dermatitis,Sulfacetamide sodium / sulfur,9.5,0.12458333333333335,17.5,32.0,10.749166666666667
Seborrheic Dermatitis,Xolegel,6.5,0.06349206349206349,28.25,4.0,8.776984126984127
Secondary Cutaneous Bacterial Infections,Mupirocin,10.0,0.15000000000000002,1.0,18.0,6.3
Secondary Hyperparathyroidism,Cinacalcet,6.714285714285714,0.06568584656084657,12.428571428571429,7.0,6.002800264550265
Secondary Hyperparathyroidism,Sensipar,8.4,-0.01303981481481482,12.8,5.0,6.393920370370371
Sedation,Atarax,8.0,0.06444444444444446,41.333333333333336,70.0,18.595555555555556
Sedation,Ativan,10.0,0.5143055555555556,24.0,220.0,31.828611111111112
Sedation,Butabarbital,9.0,0.3091666666666667,1.5,2.0,4.718333333333334
Sedation,Butisol Sodium,9.0,0.20583333333333337,2.0,1.0,4.511666666666667
Sedation,Chloral hydrate,2.0,-0.24375000000000002,1.0,15.0,2.0125
Sedation,Desyrel,8.857142857142858,0.0998965478965479,98.14285714285714,27.0,26.071221667221668
Sedation,Desyrel Dividose,9.0,0.075,67.0,2.0,17.349999999999998
Sedation,Hydroxyzine,6.1521739130434785,0.05151297164687595,31.956521739130434,448.0,53.755199856337235
Sedation,Lorazepam,8.222222222222221,0.33530864197530863,22.88888888888889,429.0,51.43728395061729
Sedation,Lorazepam Intensol,9.0,0.33662698412698416,22.666666666666668,6.0,9.406587301587303
Sedation,Phenergan,6.833333333333333,0.036397707231040584,60.166666666666664,67.0,21.539462081128747
Sedation,Phenobarbital,3.0,0.2,0.0,10.0,2.6
Sedation,Promethazine,7.619047619047619,0.0499976799110571,39.476190476190474,129.0,23.94285250267926
Sedation,Somnote,2.0,-0.24375000000000002,1.0,7.0,1.2125
Sedation,Trazodone,7.763636363636364,0.09502819303511945,74.01818181818182,584.0,76.49914729516115
Sedation,Vistaril,6.6,0.0303148148148148,76.4,110.0,28.980629629629632
Seizure Prevention,Acetazolamide,6.5,0.1177295918367347,1.0,67.0,9.73545918367347
Seizure Prevention,Clonazepam,9.185185185185185,0.1268059681229451,16.444444444444443,831.0,90.31657489920886
Seizure Prevention,Clorazepate,5.0,0.11190476190476191,24.0,20.0,9.023809523809526
Seizure Prevention,Depakene,1.0,-0.575,10.5,7.0,2.0500000000000003
Seizure Prevention,Diazepam,8.333333333333334,0.1625,17.0,322.0,39.25833333333334
Seizure Prevention,Klonopin,8.285714285714286,0.11395310190191779,30.0,432.0,52.74219191808955
Seizure Prevention,Klonopin Wafer,10.0,-0.025,31.0,12.0,11.350000000000001
Seizure Prevention,Lamictal,6.75,0.02255265277201154,33.958333333333336,339.0,43.43677197221069
Seizure Prevention,Lamictal XR,8.5,0.19236111111111112,11.0,2.0,6.184722222222223
Seizure Prevention,Lamotrigine,6.909090909090909,0.04596136021336556,26.75,591.0,67.30555908406309
Seizure Prevention,Qudexy XR,1.0,-0.2152777777777777,3.0,3.0,0.8694444444444447
Seizure Prevention,Topamax,6.04,0.09532858876077625,32.44,340.0,43.094657177521555
Seizure Prevention,Topiragen,9.0,0.15709366391184573,5.0,1.0,5.0141873278236915
Seizure Prevention,Topiramate,6.027027027027027,0.08421537201894344,23.324324324324323,606.0,67.84410641971357
Seizure Prevention,Tranxene,5.0,0.11190476190476191,24.0,5.0,7.523809523809525
Seizure Prevention,Trokendi XR,10.0,0.13653846153846153,11.0,1.0,6.573076923076923
Seizure Prevention,Valium,8.5,0.26875,17.5,157.0,23.137500000000003
Seizure Prevention,Valproic acid,4.5,-0.6125,6.5,16.0,3.475
Seizures,Aptiom,7.285714285714286,0.19587483201322486,11.285714285714286,7.0,6.263178235455022
Seizures,Brivaracetam,8.0,0.0,8.0,1.0,4.9
Seizures,Briviact,1.0,0.2571428571428571,1.0,1.0,1.2142857142857144
Seizures,Depakene,5.0,-0.023960884353741493,5.0,7.0,3.652078231292517
Seizures,Diastat,7.0,0.37916666666666665,21.0,2.0,7.958333333333334
Seizures,Diastat AcuDial,5.0,-0.016666666666666666,10.0,1.0,4.066666666666666
Seizures,Diazepam,7.333333333333333,0.13141025641025642,14.0,322.0,38.19615384615385
Seizures,Dilantin,7.705882352941177,0.06716542172424525,17.470588235294116,40.0,10.710801431683784
Seizures,Eslicarbazepine,7.2,0.15683382242757243,14.8,5.0,6.653667644855146
Seizures,Ethosuximide,9.142857142857142,0.1728968253968254,5.0,7.0,5.702936507936508
Seizures,Fycompa,6.4,0.04703463203463204,22.2,15.0,8.594069264069265
Seizures,Gabitril,6.0,0.10750000000000001,5.5,2.0,3.9150000000000005
Seizures,Keppra,6.432098765432099,0.005816636460679841,36.641975308641975,117.0,21.612867840822595
Seizures,Keppra XR,7.75,-0.028110119047619023,12.375,11.0,6.6187797619047615
Seizures,Lacosamide,7.134328358208955,0.05249543000190038,32.80597014925373,67.0,16.21991623313813
Seizures,Levetiracetam,6.635514018691588,0.023619140995976784,30.33644859813084,174.0,26.168733609094758
Seizures,Luminal,9.0,-0.1,17.0,1.0,6.9
Seizures,Mysoline,9.25,0.2836111111111111,19.5,6.0,8.767222222222221
Seizures,Oxcarbazepine,6.75,0.027454256102693607,18.625,133.0,19.779908512205388
Seizures,Oxtellar XR,10.0,0.5,29.0,1.0,10.9
Seizures,Perampanel,4.666666666666667,0.0796031746031746,20.0,14.0,7.425873015873016
Seizures,Phenobarbital,8.714285714285714,0.05926870748299319,15.428571428571429,10.0,7.689965986394558
Seizures,Phenytek,9.5,0.1074786324786325,10.0,3.0,6.314957264957265
Seizures,Phenytoin,6.461538461538462,0.023552396677396684,14.961538461538462,53.0,10.924027870277872
Seizures,Primidone,8.0,0.17904477466977467,16.5,41.0,10.958089549339551
Seizures,Prometrium,10.0,0.1151851851851852,39.0,17.0,13.73037037037037
Seizures,Qudexy XR,10.0,-0.01666666666666668,11.0,3.0,6.466666666666667
Seizures,Tiagabine,3.0,-0.037500000000000006,0.0,3.0,1.4250000000000003
Seizures,Topamax,7.0,0.13999999999999999,10.0,340.0,39.08
Seizures,Topiramate,9.0,0.0878666945428309,7.0,606.0,65.77573338908566
Seizures,Trileptal,6.181818181818182,0.09571877869605143,19.545454545454547,46.0,11.173255739210287
Seizures,Valium,10.0,-0.17499999999999996,47.0,157.0,28.75
Seizures,Valproic acid,7.0,0.0900685941043084,7.333333333333333,16.0,6.046803854875284
Seizures,Vimpat,7.178571428571429,0.041869316775033805,33.32142857142857,56.0,15.219452919264356
Seizures,Zarontin,9.75,0.16576388888888888,6.5,4.0,5.931527777777778
Seizures,Zonegran,7.933333333333334,0.056248913740580414,38.86666666666667,28.0,13.859164494147828
Seizures,Zonisamide,7.09375,0.0143192859329223,25.625,53.0,13.291138571865845
Sepsis,Vancomycin,2.0,-0.0326923076923077,3.0,18.0,3.134615384615385
Severe Mood Dysregulation,Citalopram,10.0,-0.041666666666666664,6.0,995.0,104.61666666666667
Severe Mood Dysregulation,Methylphenidate,1.0,0.0,1.0,456.0,46.2
Severe Mood Dysregulation,Risperidone,8.0,0.05333333333333332,33.0,240.0,33.906666666666666
"Sexual Dysfunction, SSRI Induced",BuSpar,6.333333333333333,0.3457070707070707,221.33333333333334,264.0,73.89141414141415
"Sexual Dysfunction, SSRI Induced",Bupropion,6.333333333333333,0.13674283058706604,37.0,1022.0,112.40681899450746
"Sexual Dysfunction, SSRI Induced",Buspirone,6.125,0.176293740981241,76.625,471.0,65.22758748196249
"Sexual Dysfunction, SSRI Induced",Cyproheptadine,9.0,0.0,31.0,92.0,19.0
"Sexual Dysfunction, SSRI Induced",Dexedrine,10.0,0.19999999999999998,42.0,58.0,18.6
"Sexual Dysfunction, SSRI Induced",Dextroamphetamine,9.5,0.1048148148148148,39.0,96.0,21.40962962962963
"Sexual Dysfunction, SSRI Induced",Dextrostat,10.0,0.11499999999999999,27.0,1.0,9.73
"Sexual Dysfunction, SSRI Induced",Sildenafil,8.363636363636363,0.28566437098255276,40.81818181818182,167.0,28.780419651056015
"Sexual Dysfunction, SSRI Induced",Viagra,8.714285714285714,0.4282539682539683,61.285714285714285,113.0,27.89936507936508
"Sexual Dysfunction, SSRI Induced",Wellbutrin,8.666666666666666,0.32976190476190476,76.66666666666667,281.0,47.55952380952381
"Sexual Dysfunction, SSRI Induced",Yohimbine,6.0,0.0,21.0,5.0,7.1000000000000005
Shift Work Sleep Disorde,Armodafinil,7.523809523809524,0.09694946012956208,22.857142857142858,206.0,28.374851301211507
Shift Work Sleep Disorde,Modafinil,8.153846153846153,0.016297959519113378,31.615384615384617,209.0,30.517211303653614
Shift Work Sleep Disorde,Nuvigil,7.588235294117647,0.11118573558740803,21.705882352941178,169.0,24.498842059410112
Shift Work Sleep Disorde,Provigil,9.555555555555555,-0.010319664902998217,61.0,113.0,27.301582892416228
Short Stature,Somatropin,10.0,0.15833333333333333,22.0,16.0,10.316666666666666
Short Stature for Age,Humatrope,10.0,0.15833333333333333,22.0,6.0,9.316666666666666
Sinus Symptoms,Acetaminophen / chlorpheniramine / phenylephrine,10.0,0.25,9.0,7.0,7.0
Sinus Symptoms,Acetaminophen / dextromethorphan / phenylephrine,9.0,0.07666666666666667,1.0,2.0,4.153333333333333
Sinus Symptoms,Acetaminophen / pseudoephedrine,10.0,0.04308673469387756,6.857142857142857,7.0,6.157602040816326
Sinus Symptoms,Advil Cold and Sinus,8.444444444444445,0.07881991208380097,8.5,18.0,7.0354176019453805
Sinus Symptoms,Advil Cold and Sinus Liqui-Gels,10.0,-0.1866482843137255,0.0,1.0,3.7267034313725493
Sinus Symptoms,Aleve-D Sinus & Cold,9.0,0.08500000000000002,18.0,1.0,7.47
Sinus Symptoms,Alka-Seltzer Cold and Sinus,10.0,-0.016666666666666646,6.0,1.0,5.266666666666667
Sinus Symptoms,Alka-Seltzer Plus Cold,10.0,0.25,9.0,3.0,6.6
Sinus Symptoms,Alka-Seltzer Plus Cold Formula Sparkling Original Effervescent Tablets,8.0,-0.014880952380952352,2.0,1.0,3.6702380952380955
Sinus Symptoms,Aspirin / chlorpheniramine / phenylephrine,8.0,-0.014880952380952352,2.0,1.0,3.6702380952380955
Sinus Symptoms,Chlorpheniramine / methscopolamine / pseudoephedrine,10.0,0.26666666666666666,1.0,3.0,5.033333333333333
Sinus Symptoms,Dexbrompheniramine / pseudoephedrine,10.0,-0.1133179012345679,5.5,38.0,8.673364197530864
Sinus Symptoms,Drixoral Cold and Allergy,10.0,0.007122071050642468,5.285714285714286,39.0,8.971386999244142
Sinus Symptoms,Guaifenesin / phenylephrine,10.0,0.2299861111111111,9.333333333333334,7.0,7.02663888888889
Sinus Symptoms,Ibuprofen / pseudoephedrine,8.565217391304348,0.07908383978316844,7.521739130434782,23.0,7.388602462175033
Sinus Symptoms,Mometasone,1.5,0.008391608391608393,1.0,77.0,8.516783216783217
Sinus Symptoms,Naproxen / pseudoephedrine,9.0,0.08500000000000002,18.0,1.0,7.47
Sinus Symptoms,Nasonex,4.333333333333333,0.03589743589743589,4.333333333333333,30.0,5.671794871794872
Sinus Symptoms,Ornex,10.0,0.10422619047619047,10.0,3.0,6.508452380952381
Sinus Symptoms,Sine-Off Maximum Strength,10.0,0.060416666666666646,1.0,1.0,4.420833333333333
Sinus Symptoms,Sudafed PE Pressure + Pain,4.0,0.2583333333333333,0.0,1.0,2.216666666666667
Sinus Symptoms,Vicks Dayquil Cold & Flu Relief,10.0,0.12000000000000002,1.0,1.0,4.54
Sinus Symptoms,VisRx Dose Pack,10.0,0.5,1.0,1.0,5.3
Sinusitis,Amoxicillin,6.875,-0.06356956845238096,14.625,115.0,17.047860863095238
Sinusitis,Amoxicillin / clavulanate,5.214285714285714,-0.030132286074761483,22.206349206349206,321.0,38.566719554834606
Sinusitis,Amoxil,6.666666666666667,0.029384756657483926,16.0,16.0,7.525436179981634
Sinusitis,Augmentin,5.701754385964913,0.0052718651563281186,35.333333333333336,169.0,26.25791215136529
Sinusitis,Augmentin XR,10.0,-0.049999999999999996,10.0,2.0,6.1000000000000005
Sinusitis,Avelox,6.052631578947368,0.13757572735265128,17.763157894736842,102.0,16.44883566523162
Sinusitis,Azithromycin,7.173333333333333,0.04344549661059412,24.84,548.0,62.72422432655453
Sinusitis,Azithromycin Dose Pack,8.0,0.09000450937950939,25.666666666666668,28.0,11.313342352092354
Sinusitis,Bactrim,3.7777777777777777,-0.06718232384899052,20.77777777777778,212.0,26.73230201896869
Sinusitis,Bactrim DS,4.928571428571429,-0.04044729363606915,13.642857142857142,136.0,18.219105412727863
Sinusitis,Biaxin,6.583333333333333,0.01509271069538926,35.416666666666664,44.0,14.146852088057445
Sinusitis,Cedax,10.0,-0.10119047619047619,13.0,2.0,6.597619047619047
Sinusitis,Cefdinir,3.9516129032258065,0.02178545787920952,14.725806451612904,138.0,18.36937736737132
Sinusitis,Cefixime,10.0,0.08742559523809523,3.0,7.0,5.474851190476191
Sinusitis,Cefpodoxime,9.0,1.0,13.0,3.0,8.5
Sinusitis,Cefprozil,3.5714285714285716,-0.08731292517006803,10.571428571428571,17.0,5.068231292517007
Sinusitis,Ceftibuten,8.0,0.06770833333333336,7.0,2.0,4.935416666666667
Sinusitis,Ceftin,8.5,-0.008299851190476177,72.25,25.0,20.33340029761905
Sinusitis,Cefuroxime,7.260869565217392,0.12030613327895938,34.04347826086956,53.0,15.25365574481879
Sinusitis,Cefzil,5.5,-0.05833333333333332,13.0,8.0,5.483333333333333
Sinusitis,Chlorpheniramine / pseudoephedrine,8.5,-0.49583333333333335,3.5,6.0,3.708333333333334
Sinusitis,Cipro,4.0,0.2586805555555556,40.333333333333336,165.0,26.68402777777778
Sinusitis,Ciprofloxacin,7.75,0.051677083333333346,31.333333333333332,361.0,45.57002083333333
Sinusitis,Clarithromycin,5.451219512195122,-0.045316984654431694,20.451219512195124,291.0,35.28009773800821
Sinusitis,Cleocin,7.75,0.1875,80.5,11.0,20.675000000000004
Sinusitis,Clindamycin,6.583333333333333,0.02888728925483187,50.916666666666664,385.0,51.37444124517633
Sinusitis,Deltasone,10.0,0.0,120.0,5.0,28.5
Sinusitis,Dexchlorpheniramine / dextromethorphan / pseudoephedrine,9.0,-0.058333333333333307,0.0,2.0,3.6833333333333336
Sinusitis,Levaquin,5.588235294117647,-0.01127856094589442,32.10294117647059,202.0,28.83332523104939
Sinusitis,Levofloxacin,5.344086021505376,0.016635050915522278,24.118279569892472,327.0,39.69456042441169
Sinusitis,Lorabid,9.0,0.42500000000000004,3.0,1.0,5.15
Sinusitis,Loracarbef,9.0,0.42500000000000004,3.0,1.0,5.15
Sinusitis,Moxifloxacin,6.585365853658536,0.10871937307054647,16.78048780487805,126.0,18.80768264858012
Sinusitis,Omnicef,6.4,0.08191666666666667,36.0,28.0,12.723833333333335
Sinusitis,Phenylephrine / pyrilamine,10.0,-0.265625,1.0,1.0,3.7687500000000003
Sinusitis,Prednisone,6.875,0.013259360720298223,42.5,289.0,40.1765187214406
Sinusitis,SMZ-TMP DS,5.0,-0.6,4.0,15.0,3.1
Sinusitis,Septra DS,1.0,0.15000000000000002,0.0,19.0,2.6
Sinusitis,Sulfamethoxazole / trimethoprim,4.4,-0.024925803561517846,15.32,527.0,57.47414839287697
Sinusitis,Suprax,10.0,0.08742559523809523,3.0,5.0,5.274851190476191
Sinusitis,Vantin,9.0,1.0,13.0,4.0,8.6
Sinusitis,Zithromax,8.476190476190476,0.06364091879398003,44.095238095238095,79.0,20.236805647111773
Sjogren's Syndrome,Cevimeline,8.333333333333334,-0.0447291334229165,19.666666666666668,9.0,8.077208399820835
Sjogren's Syndrome,Evening Primrose Oil,10.0,0.06547619047619048,15.0,5.0,7.630952380952381
Sjogren's Syndrome,Evoxac,6.857142857142857,0.029128472937996728,21.285714285714285,7.0,7.758256945875994
Sjogren's Syndrome,Hydroxychloroquine,6.818181818181818,0.027156736825018915,56.0,114.0,25.38158620092277
Sjogren's Syndrome,Infliximab,5.0,-0.19479166666666667,0.0,109.0,12.510416666666668
Sjogren's Syndrome,Plaquenil,6.5,0.05364312354312355,76.7,59.0,23.947286247086247
Skin Cance,Carac,8.8,0.20293650793650791,90.8,15.0,23.585873015873016
Skin Cance,Efudex,7.8,0.044535714285714276,79.8,23.0,21.46907142857143
Skin Cance,Fluoroplex,8.0,0.16458333333333333,30.0,1.0,9.629166666666666
Skin Cance,Fluorouracil,8.090909090909092,0.06644303346226423,75.18181818181819,63.0,24.705613339651805
"Skin Disinfection, Preoperative",Chlorhexidine,5.5,0.12642857142857145,6.5,10.0,4.752857142857143
Skin Rash,Diflorasone,10.0,-0.03333333333333333,12.0,2.0,6.533333333333334
Skin Rash,Hydrocortisone,10.0,-0.08333333333333334,4.0,34.0,8.033333333333335
Skin Rash,Prednisone,7.0,0.039546924269146494,27.0,289.0,37.179093848538294
Skin Rash,Psorcon,10.0,-0.03333333333333333,12.0,1.0,6.433333333333334
Skin and Structure Infection,Amoxicillin / clavulanate,6.0,0.07525928932178932,11.75,321.0,37.00051857864358
Skin and Structure Infection,Augmentin,10.0,-0.03154761904761903,30.0,169.0,26.836904761904762
Skin and Structure Infection,Augmentin XR,9.0,0.07743055555555556,37.0,2.0,11.354861111111111
Skin and Structure Infection,Avelox,8.0,0.038333333333333344,0.0,102.0,13.476666666666668
Skin and Structure Infection,Bactroban,8.272727272727273,0.15992380515107787,44.0,13.0,13.728938519393067
Skin and Structure Infection,Cefdinir,2.6666666666666665,-0.08656084656084655,2.3333333333333335,138.0,15.16021164021164
Skin and Structure Infection,Cefditoren,3.0,0.004487179487179489,0.0,3.0,1.5089743589743592
Skin and Structure Infection,Cefuroxime,1.0,0.0,11.0,53.0,7.9
Skin and Structure Infection,Clarithromycin,4.333333333333333,-0.023232583774250432,1.0,291.0,30.986868165784834
Skin and Structure Infection,Cubicin,10.0,0.11872222222222223,2.0,1.0,4.737444444444445
Skin and Structure Infection,Daptomycin,10.0,0.11872222222222223,2.0,1.0,4.737444444444445
Skin and Structure Infection,Goldenseal,10.0,-0.2061767578125,1.0,1.0,3.8876464843750003
Skin and Structure Infection,Linezolid,8.2,-0.11546428571428571,18.2,16.0,8.289071428571429
Skin and Structure Infection,Minocycline,1.0,-0.16875,0.0,257.0,25.762500000000003
Skin and Structure Infection,Moxifloxacin,8.0,0.038333333333333344,0.0,126.0,15.876666666666669
Skin and Structure Infection,Mupirocin,8.272727272727273,0.11818498841226113,37.27272727272727,18.0,12.800006340460888
Skin and Structure Infection,Zyvox,8.5,-0.0962202380952381,20.0,17.0,8.907559523809525
Skin or Soft Tissue Infection,Amoxicillin,7.0,0.38121212121212117,19.333333333333332,115.0,18.92909090909091
Skin or Soft Tissue Infection,Amoxicillin / clavulanate,6.894736842105263,0.034317199700188435,12.421052631578947,321.0,37.41073966255827
Skin or Soft Tissue Infection,Augmentin,7.0,0.00222319281247854,16.133333333333333,169.0,22.931113052291625
Skin or Soft Tissue Infection,Azithromycin,7.0,0.07546717171717172,9.0,548.0,59.55093434343435
Skin or Soft Tissue Infection,Cefdinir,5.0,-0.09798416495784915,2.0,138.0,16.004031670084302
Skin or Soft Tissue Infection,Cefotaxime,10.0,0.24,0.0,1.0,4.58
Skin or Soft Tissue Infection,Cephalexin,6.825396825396825,0.02296782518688475,29.61904761904762,155.0,24.199903904342023
Skin or Soft Tissue Infection,Cipro,10.0,0.0,1.0,165.0,20.7
Skin or Soft Tissue Infection,Ciprofloxacin,6.333333333333333,-0.03373778998778998,3.0,361.0,39.165857753357756
Skin or Soft Tissue Infection,Clarithromycin,3.75,-0.21190452858979644,2.25,291.0,30.626190942820408
Skin or Soft Tissue Infection,Cleocin,3.0,-0.11631944444444445,33.0,11.0,8.667361111111111
Skin or Soft Tissue Infection,Cleocin HCl,8.0,0.10972222222222222,14.0,3.0,6.519444444444445
Skin or Soft Tissue Infection,Clindamycin,6.55,0.009845215640646322,17.3,385.0,44.599690431281296
Skin or Soft Tissue Infection,Dicloxacillin,10.0,0.7,0.0,2.0,5.6000000000000005
Skin or Soft Tissue Infection,Doxycycline,7.214285714285714,0.1121106980441396,16.571428571428573,627.0,69.12422139608829
Skin or Soft Tissue Infection,Erythromycin,5.0,0.027142857142857135,39.0,19.0,11.754285714285716
Skin or Soft Tissue Infection,Flagyl,1.0,-0.055050505050505044,2.0,141.0,14.789898989898992
Skin or Soft Tissue Infection,Keflex,7.538461538461538,0.09350249287749288,46.53846153846154,34.0,15.91008190883191
Skin or Soft Tissue Infection,Levaquin,5.0,0.08554924242424244,11.75,202.0,24.72109848484849
Skin or Soft Tissue Infection,Levofloxacin,2.5714285714285716,0.04778112760255619,6.142857142857143,327.0,35.05270511234797
Skin or Soft Tissue Infection,Meropenem,8.0,0.38333333333333336,0.0,1.0,4.066666666666666
Skin or Soft Tissue Infection,Metronidazole,5.5,-0.16732606679035247,4.166666666666667,922.0,94.89868119975263
Skin or Soft Tissue Infection,Minocin,10.0,0.206737012987013,5.0,10.0,6.413474025974026
Skin or Soft Tissue Infection,Minocycline,4.5,-0.0036749361749361677,5.833333333333333,257.0,28.659316794316798
Skin or Soft Tissue Infection,Vancomycin,4.0,-0.07916666666666666,6.0,18.0,4.441666666666667
Skin or Soft Tissue Infection,Vibramycin,7.0,-0.10000000000000002,10.0,4.0,5.0
Skin or Soft Tissue Infection,Zithromax,10.0,0.01204545454545455,16.0,79.0,15.12409090909091
Sleep Paralysis,Clonazepam,6.5,-0.06666666666666667,7.0,831.0,86.96666666666667
Small Bowel Bacterial Overgrowth,Amoxicillin / clavulanate,5.5,-0.10982142857142857,9.0,321.0,35.88035714285714
Small Bowel Bacterial Overgrowth,Augmentin,1.0,-0.3125,11.0,169.0,18.875000000000004
Small Bowel or Pancreatic Fistula,Sandostatin,4.0,-0.015158730158730161,6.0,6.0,3.36968253968254
Small Fiber Neuropathy,Duloxetine,6.0,0.0,3.0,934.0,96.4
Small Fiber Neuropathy,Gabapentin,3.0,0.146875,13.0,1047.0,108.79375
Smoking Cessation,Buproban,4.5,0.18333333333333335,16.0,2.0,5.566666666666667
Smoking Cessation,Bupropion,8.306122448979592,0.07999609712329779,33.4421768707483,1022.0,112.37087654798809
Smoking Cessation,Chantix,8.883096366508688,0.11166109818350389,20.22432859399684,637.0,71.52142646176985
Smoking Cessation,Commit,8.928571428571429,0.06265730755686114,12.142857142857142,14.0,7.525314615113723
Smoking Cessation,Habitrol,8.75,0.25890178571428574,17.5,4.0,7.917803571428572
Smoking Cessation,Leader Nicotine Polacrilex,2.0,-0.06666666666666667,3.0,1.0,1.366666666666667
Smoking Cessation,Nicoderm CQ,9.153846153846153,0.14103279336023156,29.615384615384617,26.0,12.466680971335848
Smoking Cessation,Nicorette,8.4,0.18063828792735043,24.4,5.0,9.101276575854701
Smoking Cessation,Nicotine,8.279069767441861,0.14627104345523145,23.6046511627907,87.0,17.025100226445346
Smoking Cessation,Nicotrol Inhaler,8.071428571428571,0.16668560606060606,34.857142857142854,16.0,12.133371212121212
Smoking Cessation,Nicotrol NS,1.0,0.025286616161616166,10.0,1.0,2.5505732323232326
Smoking Cessation,Nortriptyline,9.5,-0.23755787037037035,31.5,241.0,33.72488425925926
Smoking Cessation,Pamelor,9.5,-0.425,47.0,18.0,14.150000000000002
Smoking Cessation,Topamax,2.0,-0.11458333333333333,15.0,340.0,37.57083333333333
Smoking Cessation,Topiramate,2.0,-0.11458333333333333,15.0,606.0,64.17083333333333
Smoking Cessation,Varenicline,8.832070707070708,0.1084491783014195,19.171717171717173,794.0,86.98407007377456
Smoking Cessation,Zyban,8.741379310344827,0.12900281627476218,53.810344827586206,58.0,20.316626322204698
Social Anxiety Disorde,Effexor XR,8.083333333333334,0.19705370503981615,43.833333333333336,399.0,52.29410741007964
Social Anxiety Disorde,Fluvoxamine,1.0,-0.029141414141414145,4.0,116.0,12.741717171717173
Social Anxiety Disorde,Luvox CR,10.0,0.19761904761904764,92.0,7.0,23.495238095238097
Social Anxiety Disorde,Paroxetine,8.104166666666666,0.07463822101957805,37.520833333333336,645.0,75.39510977537249
Social Anxiety Disorde,Paxil,7.609756097560975,0.059888858423037865,37.41463414634146,457.0,56.34660698513876
Social Anxiety Disorde,Risperdal,10.0,0.33303571428571427,57.0,116.0,27.66607142857143
Social Anxiety Disorde,Risperidone,9.0,0.2220238095238095,47.333333333333336,240.0,37.510714285714286
Social Anxiety Disorde,Sertraline,7.457516339869281,0.06686408530596717,45.45751633986928,1360.0,148.20823797453352
Social Anxiety Disorde,Venlafaxine,8.416666666666666,0.2227386463844797,17.0,1016.0,108.81214395943563
Social Anxiety Disorde,Zoloft,7.7155172413793105,0.08567190614374678,55.31896551724138,805.0,94.8213438122875
Soft Tissue Sarcoma,Pazopanib,7.75,0.08231924903799903,31.375,38.0,13.339638498075999
Soft Tissue Sarcoma,Votrient,8.75,0.07211271945646947,43.5,34.0,15.74422543891294
Solid Tumors,Docetaxel,6.0,0.12999999999999998,3.0,7.0,3.9600000000000004
Solid Tumors,Taxotere,6.0,0.12999999999999998,3.0,5.0,3.7600000000000002
Somatoform Pain Disorde,Elavil,10.0,-0.14707792207792209,92.0,116.0,33.70584415584416
Sore Throat,Benzocaine,9.0,0.07500000000000001,0.0,8.0,4.55
Sore Throat,Cepacol Dual Relief Sore Throat,9.0,0.07500000000000001,0.0,1.0,3.85
Sore Throat,Chloraseptic Sore Throat Spray,2.25,-0.047273403679653686,2.75,8.0,2.155453192640693
Sore Throat,Phenol,2.6666666666666665,-0.08272817460317461,3.0,8.0,2.301210317460318
Spondyloarthritis,Adalimumab,2.0,0.2125,0.0,295.0,30.725
Spondyloarthritis,Humira,6.0,0.20625,8.0,295.0,33.9125
Spondyloarthritis,Remicade,10.0,-0.14956709956709952,2.0,104.0,14.500865800865801
Spondyloarthritis,Simponi,9.0,0.1277777777777778,2.0,42.0,8.455555555555556
Spondylolisthesis,Advil,2.0,-0.225,6.0,14.0,2.95
Spondylolisthesis,Gabapentin,6.0,0.033528465994983846,9.142857142857142,1047.0,108.9956283605614
Spondylolisthesis,Ibuprofen,2.0,-0.225,6.0,85.0,10.05
Sporotrichosis,Itraconazole,8.0,0.16805555555555554,7.0,18.0,6.736111111111112
Squamous Cell Carcinoma,Cetuximab,7.0,-0.17291666666666666,8.0,7.0,4.754166666666667
Squamous Cell Carcinoma,Erbitux,8.0,-0.11145833333333333,10.5,8.0,5.877083333333334
Status Epilepticus,Ativan,8.333333333333334,0.056250000000000015,20.0,220.0,29.445833333333333
Status Epilepticus,Diazepam,10.0,1.0,2.0,322.0,38.6
Status Epilepticus,Lorazepam,7.75,-0.0681423611111111,16.5,429.0,49.16371527777778
Still's Disease,Anakinra,8.5,0.06305765993265994,6.75,6.0,5.47611531986532
Still's Disease,Enbrel,9.0,0.0,2.0,144.0,18.4
Still's Disease,Etanercept,9.0,0.0,2.0,152.0,19.200000000000003
Stomach Cance,Capecitabine,10.0,0.20833333333333334,12.0,22.0,9.016666666666667
Stomach Ulce,Aciphex,10.0,0.0,6.0,33.0,8.5
Stomach Ulce,Axid AR,10.0,0.375,6.0,2.0,6.15
Stomach Ulce,Calcium carbonate,9.0,0.4166666666666667,21.0,10.0,9.633333333333333
Stomach Ulce,Carafate,6.714285714285714,0.0526662457912458,45.0,21.0,13.891046777296777
Stomach Ulce,Cimetidine,9.0,0.55,8.5,7.0,7.1000000000000005
Stomach Ulce,Lansoprazole,6.75,-0.012500000000000011,16.5,55.0,11.475000000000001
Stomach Ulce,Nizatidine,10.0,0.375,6.0,5.0,6.45
Stomach Ulce,Omeprazole,5.0,0.06722222222222221,9.166666666666666,90.0,12.967777777777778
Stomach Ulce,Omeprazole / sodium bicarbonate,10.0,0.15222222222222223,21.0,18.0,10.304444444444446
Stomach Ulce,Pantoprazole,6.8,0.05038158192569959,39.6,94.0,20.140763163851403
Stomach Ulce,Prevacid,5.666666666666667,0.3111111111111111,17.333333333333332,37.0,10.055555555555557
Stomach Ulce,Prilosec,1.0,-0.31333333333333335,8.0,23.0,3.673333333333334
Stomach Ulce,Protonix,8.0,-0.014942810457516331,60.666666666666664,35.0,18.8034477124183
Stomach Ulce,Protonix IV,10.0,0.125,13.0,3.0,7.1499999999999995
Stomach Ulce,Rabeprazole,10.0,0.10425925925925926,11.0,38.0,10.208518518518519
Stomach Ulce,Ranitidine,9.0,-0.013715277777777767,6.5,57.0,10.572569444444444
Stomach Ulce,Sucralfate,6.8,0.12688993356180855,43.0,36.0,15.173779867123617
Stomach Ulce,Tagamet,8.0,0.5,16.0,2.0,7.6000000000000005
Stomach Ulce,Zegerid,10.0,0.22833333333333333,28.5,17.0,11.856666666666666
Strabismus,OnabotulinumtoxinA,10.0,0.2141025641025641,0.0,167.0,21.128205128205128
Strep Throat,Amoxicillin / clavulanate,6.358974358974359,0.030699212556767986,15.435897435897436,321.0,37.792167655882764
Strep Throat,Augmentin,7.6,0.17149213661691962,24.066666666666666,169.0,25.096317606567176
Strep Throat,Augmentin ES-600,3.0,-0.036250000000000004,10.0,2.0,3.3275000000000006
Strep Throat,Biaxin,6.142857142857143,0.03057904114026564,17.142857142857142,44.0,10.346872367994818
Strep Throat,Cefdinir,3.4545454545454546,-0.0769704537886356,10.363636363636363,138.0,17.100604546968185
Strep Throat,Ceftin,10.0,0.25,31.0,25.0,13.2
Strep Throat,Cefuroxime,10.0,0.25,31.0,53.0,16.0
Strep Throat,Clarithromycin,4.592592592592593,-0.03196595894429889,8.407407407407407,291.0,32.554586600629925
Strep Throat,Erythromycin,10.0,0.008787878787878864,29.0,19.0,11.717575757575759
Strep Throat,Omnicef,4.5,-0.13660714285714284,28.5,28.0,10.026785714285715
Strep Throat,Penicillin VK,10.0,-0.009935897435897421,24.5,5.0,9.380128205128205
Strep Throat,Penicillin v potassium,10.0,0.15673076923076923,24.5,12.0,10.41346153846154
Streptococcal Infection,Levaquin,7.0,0.038328373015873024,35.75,202.0,30.22665674603175
Streptococcal Infection,Levofloxacin,7.25,0.059313334235209236,25.0,327.0,40.71862666847042
Streptococcal Infection,Penicillin v potassium,7.0,0.0,4.0,12.0,4.800000000000001
Stress Ulcer Prophylaxis,Carafate,10.0,0.3,88.0,21.0,24.300000000000004
Stress Ulcer Prophylaxis,Pantoprazole,1.0,-0.06666666666666665,3.0,94.0,10.266666666666667
Stress Ulcer Prophylaxis,Sucralfate,10.0,0.3,88.0,36.0,25.800000000000004
Strongyloidiasis,Stromectol,9.0,0.07500000000000001,31.0,2.0,10.149999999999999
Subarachnoid Hemorrhage,Nimodipine,10.0,-0.026041666666666664,13.0,2.0,6.747916666666667
Submental Fullness,Kybella,5.5,0.12863482671174978,10.5,2.0,4.7572696534235
Sunburn,Lidocaine,5.5,0.05972222222222222,0.5,95.0,11.919444444444444
Sunburn,Solarcaine Burn Relief,1.0,0.019444444444444427,0.0,1.0,0.5388888888888889
Supraventricular Tachycardia,Adenosine,6.333333333333333,-0.11612911522633745,1.0,4.0,2.9010751028806583
Supraventricular Tachycardia,Atenolol,7.8,0.07529166666666667,12.8,114.0,17.230583333333335
Supraventricular Tachycardia,Bisoprolol,4.6,0.10323232323232323,25.6,12.0,8.366464646464648
Supraventricular Tachycardia,Calan SR,8.5,0.2422619047619048,24.5,7.0,9.48452380952381
Supraventricular Tachycardia,Cardizem CD,9.0,0.07499999999999998,53.0,4.0,14.750000000000002
Supraventricular Tachycardia,Cartia XT,6.8,-0.09055158730158733,35.4,11.0,10.718896825396826
Supraventricular Tachycardia,Corgard,9.0,0.3333333333333333,27.0,4.0,10.066666666666668
Supraventricular Tachycardia,Diltiazem,7.857142857142857,0.10362339380196521,32.714285714285715,59.0,15.792961073318217
Supraventricular Tachycardia,Flecainide,6.0,-0.04069559228650138,3.5,63.0,9.318608815426998
Supraventricular Tachycardia,Metoprolol,7.0,0.055593863926962306,41.35897435897436,215.0,32.682982599648795
Supraventricular Tachycardia,Nadolol,9.0,0.10768229166666667,21.5,20.0,10.115364583333333
Supraventricular Tachycardia,Tenormin,9.0,0.5,1.0,13.0,6.1
Supraventricular Tachycardia,Toprol-XL,7.444444444444445,0.011744743885094755,61.0,38.0,19.00126726554797
Supraventricular Tachycardia,Verapamil,8.0,0.15029761904761904,14.75,82.0,14.650595238095239
Surgical Prophylaxis,Clindamycin,4.833333333333333,-0.04302190947280232,6.416666666666667,385.0,41.630622847721064
Surgical Prophylaxis,Metronidazole,9.0,-0.3,1.0,922.0,95.4
Swine Flu,Oseltamivir,7.555555555555555,-0.06091171482838149,8.555555555555555,187.0,23.31150990367657
Swine Flu,Relenza,10.0,0.8,4.0,2.0,6.6
Swine Flu,Tamiflu,7.0,-0.017318162393162383,9.5,191.0,23.765363675213678
Swine Flu,Zanamivir,10.0,0.8,4.0,2.0,6.6
Syringomyelia,Gabapentin,6.0,0.7,0.0,1047.0,108.5
Systemic Candidiasis,Fluconazole,8.0,-0.03571428571428572,6.0,200.0,24.32857142857143
Systemic Lupus Erythematosus,Azasan,4.0,0.0,11.0,2.0,4.0
Systemic Lupus Erythematosus,Azathioprine,4.5,0.10650520833333334,18.25,44.0,10.063010416666668
Systemic Lupus Erythematosus,Belimumab,8.076923076923077,0.019582739420479802,20.692307692307693,13.0,8.708396248071729
Systemic Lupus Erythematosus,Benlysta,8.071428571428571,0.06895696916344238,22.214285714285715,14.0,9.209342509755457
Systemic Lupus Erythematosus,CellCept,8.666666666666666,0.2734126984126984,42.666666666666664,19.0,14.446825396825398
Systemic Lupus Erythematosus,Hydroxychloroquine,7.730769230769231,0.06994841041991777,38.80769230769231,114.0,22.393742974685992
Systemic Lupus Erythematosus,Imuran,5.111111111111111,0.1316957671957672,29.88888888888889,33.0,11.585613756613757
Systemic Lupus Erythematosus,Kenalog-40,10.0,0.17040816326530608,14.0,12.0,8.340816326530614
Systemic Lupus Erythematosus,Mycophenolate mofetil,8.5,0.2050595238095238,41.5,31.0,15.210119047619049
Systemic Lupus Erythematosus,Plaquenil,7.5,0.06489517392605192,69.91666666666667,59.0,23.01312368118544
Systemic Lupus Erythematosus,Prednisone,6.0,-0.14179292929292928,13.666666666666666,289.0,33.74974747474748
Systemic Lupus Erythematosus,Triamcinolone,10.0,0.17040816326530608,14.0,110.0,18.14081632653061
Systemic Mastocytosis,Cromolyn,6.666666666666667,0.15,3.0,11.0,4.666666666666667
Systemic Mastocytosis,Gastrocrom,7.0,0.25,4.5,2.0,4.4
Systemic Mastocytosis,Midostaurin,8.0,-0.03571428571428571,2.0,1.0,3.6285714285714286
Systemic Sclerosis,Methotrexate,10.0,-0.2888888888888889,0.0,121.0,15.522222222222224
Systemic Sclerosis,Prednisone,4.0,-0.2571428571428571,2.0,289.0,30.385714285714286
TSH Suppression,Armour Thyroid,10.0,0.0,32.0,112.0,21.6
TSH Suppression,Levothyroxine,6.5,-0.12279075091575092,16.5,290.0,34.654418498168496
TSH Suppression,Levoxyl,5.0,0.030000000000000006,59.0,21.0,15.96
TSH Suppression,Thyroid desiccated,10.0,0.08863636363636364,22.5,159.0,24.577272727272728
TSH Suppression,Tirosint,9.0,0.2875,33.0,38.0,14.575000000000001
Tardive Dyskinesia,Aquavite-E,1.0,-0.05833333333333333,13.0,1.0,2.9833333333333334
Tardive Dyskinesia,Vitamin e,1.0,-0.05833333333333333,13.0,4.0,3.283333333333333
Temporomandibular Joint Disorde,Baclofen,6.333333333333333,-0.136518759018759,16.0,159.0,21.360295815295814
Temporomandibular Joint Disorde,Clonazepam,10.0,-0.10555555555555557,1.0,831.0,87.0888888888889
Temporomandibular Joint Disorde,Cyclobenzaprine,7.5,0.07185780423280423,17.166666666666668,275.0,34.07704894179894
Temporomandibular Joint Disorde,Diazepam,9.333333333333334,0.14558035714285714,25.833333333333332,322.0,41.39116071428572
Temporomandibular Joint Disorde,Feldene,5.0,0.0,7.0,9.0,4.300000000000001
Temporomandibular Joint Disorde,Flexeril,7.666666666666667,0.08287878787878789,37.0,119.0,22.53242424242424
Temporomandibular Joint Disorde,Ibuprofen,8.0,0.17083333333333334,1.0,85.0,12.241666666666667
Temporomandibular Joint Disorde,Piroxicam,6.0,0.33541666666666664,7.5,16.0,6.170833333333334
Temporomandibular Joint Disorde,Valium,9.428571428571429,0.14192602040816327,27.571428571428573,157.0,25.269566326530615
Tendonitis,Aleve,9.0,0.55,47.0,66.0,20.700000000000003
Tendonitis,Meloxicam,6.9375,0.06969299893779062,51.0,250.0,38.11438599787559
Tendonitis,Mobic,9.428571428571429,0.14717088687326782,94.85714285714286,84.0,31.437198916603677
Tendonitis,Naprosyn,6.333333333333333,0.12962962962962965,35.333333333333336,19.0,11.759259259259261
Tendonitis,Naproxen,5.9375,0.10229276394901396,20.375,308.0,37.45458552789803
Testicular Cance,Ifex,10.0,0.0,0.0,1.0,4.1
Testicular Cance,Ifosfamide,10.0,0.0,0.0,1.0,4.1
Tetanus,Diazepam,6.0,0.39999999999999997,6.0,322.0,36.6
Tetanus,Valium,6.0,0.39999999999999997,6.0,157.0,20.1
Thrombocythemia,Busulfan,10.0,0.22666666666666666,15.0,2.0,7.653333333333333
Thrombocythemia,Hydrea,3.0,-0.05488888888888888,42.0,2.0,9.690222222222221
Thrombocythemia,Hydroxyurea,5.0,-0.045333333333333316,18.666666666666668,10.0,6.642666666666667
Thrombocythemia,Myleran,10.0,0.22666666666666666,15.0,2.0,7.653333333333333
Thrombocytopenia,Eltrombopag,5.0,0.0,23.0,2.0,6.800000000000001
Thrombocytopenia,Promacta,5.0,0.0,23.0,1.0,6.7
Thromboembolic Stroke Prophylaxis,Apixaban,1.0,-0.02833333333333334,14.0,45.0,7.6433333333333335
Thromboembolic Stroke Prophylaxis,Aspirin,9.0,0.172,15.0,20.0,8.943999999999999
Thromboembolic Stroke Prophylaxis,Eliquis,1.0,-0.02833333333333334,14.0,31.0,6.243333333333334
Thyroid Cance,Armour Thyroid,6.0,0.20772727272727276,49.5,112.0,23.915454545454548
Thyroid Cance,Cabozantinib,1.0,2.4671622769447922e-17,0.0,1.0,0.5000000000000001
Thyroid Cance,Cometriq,1.0,2.4671622769447922e-17,0.0,1.0,0.5000000000000001
Thyroid Cance,Nature-Throid,10.0,-0.08854166666666663,102.0,30.0,27.22291666666667
Thyroid Cance,Nexavar,7.0,0.0,19.0,5.0,7.1000000000000005
Thyroid Cance,Thyroid desiccated,8.0,0.14843740337043912,65.25,159.0,32.44687480674088
Thyroid Suppression Test,Levothyroxine,1.0,0.0,17.0,290.0,32.8
Thyrotoxicosis,Propranolol,10.0,0.022222222222222227,12.0,467.0,53.144444444444446
Tic Disorde,Risperidone,8.5,0.15138888888888888,20.5,240.0,31.802777777777777
Tinea Barbae,Griseofulvin,5.0,0.09505509641873279,1.0,10.0,3.390110192837466
Tinea Capitis,Gris-PEG,6.0,0.041666666666666664,13.0,3.0,5.383333333333334
Tinea Capitis,Griseofulvin,6.0,0.041666666666666664,13.0,10.0,6.083333333333334
Tinea Capitis,Lamisil,9.5,0.3194444444444444,54.0,63.0,21.53888888888889
Tinea Capitis,Terbinafine,7.666666666666667,0.20949074074074073,37.0,173.0,28.18564814814815
Tinea Corporis,Econazole,8.5,0.455787037037037,12.833333333333334,10.0,7.8782407407407415
Tinea Corporis,Fluconazole,10.0,-0.024242424242424246,3.0,200.0,24.55151515151515
Tinea Corporis,Griseofulvin,4.333333333333333,-0.5401269841269841,1.0,10.0,1.853079365079365
Tinea Corporis,Ketoconazole,5.5,-0.008333333333333331,24.0,25.0,9.483333333333334
Tinea Corporis,Lamisil AT,1.0,-0.15000000000000002,6.0,4.0,1.7000000000000002
Tinea Corporis,Miconazole,10.0,0.430952380952381,21.0,1000.0,109.06190476190477
Tinea Corporis,Naftifine,10.0,0.09500000000000001,6.0,3.0,5.69
Tinea Corporis,Nizoral Topical,10.0,0.0,42.0,2.0,12.6
Tinea Corporis,Oxiconazole,9.0,0.12616666666666665,15.0,2.0,7.052333333333333
Tinea Corporis,Oxistat,10.0,0.15833333333333333,11.0,1.0,6.616666666666666
Tinea Corporis,Spectazole,10.0,-0.022222222222222216,30.0,3.0,10.255555555555556
Tinea Corporis,Terbinafine,4.2,-0.025347222222222222,8.0,173.0,20.529305555555556
Tinea Cruris,Clotrimazole,10.0,0.13441558441558443,5.0,13.0,6.568831168831169
Tinea Cruris,Econazole,8.5,0.41388888888888886,2.5,10.0,5.727777777777778
Tinea Cruris,Fluconazole,9.0,0.13333333333333336,1.0,200.0,24.066666666666666
Tinea Cruris,Griseofulvin,8.0,0.052500000000000005,5.0,10.0,5.305
Tinea Cruris,Lamisil AT,1.6666666666666667,-0.0375,12.0,4.0,3.391666666666667
Tinea Cruris,Naftin,10.0,1.0,11.0,1.0,8.299999999999999
Tinea Cruris,Terbinafine,6.666666666666667,0.0018161375661375652,31.0,173.0,26.170298941798944
Tinea Cruris,Tolnaftate,10.0,0.12,25.0,2.0,9.44
Tinea Pedis,Ciclopirox,1.0,0.09375,1.0,12.0,1.9875000000000003
Tinea Pedis,Clioquinol,10.0,0.0,0.0,1.0,4.1
Tinea Pedis,Econazole,10.0,-0.018,21.0,10.0,9.164
Tinea Pedis,Lamisil,7.2,-0.10816666666666666,9.8,63.0,10.923666666666668
Tinea Pedis,Naftifine,10.0,0.10853174603174603,6.5,3.0,5.817063492063491
Tinea Pedis,Sertaconazole,10.0,0.012500000000000011,9.0,1.0,5.925
Tinea Pedis,Spectazole,9.5,0.16099999999999998,24.0,3.0,9.222000000000001
Tinea Pedis,Terbinafine,6.571428571428571,-0.07904761904761905,10.714285714285714,173.0,21.913333333333334
Tinea Pedis,Zeasorb-AF Drying Gel,10.0,0.1108333333333333,0.0,1.0,4.321666666666666
Tinea Versicol,Clotrimazole,9.0,0.10555555555555557,2.0,13.0,5.511111111111111
Tinea Versicol,Diflucan,3.0,0.014624999999999999,4.0,67.0,8.72925
Tinea Versicol,Fluconazole,5.5,0.0625,8.5,200.0,24.025
Tinea Versicol,Ketoconazole,6.666666666666667,0.17599060457516344,9.333333333333334,25.0,7.385314542483661
Tinea Versicol,Nizoral,10.0,0.3666666666666667,19.0,2.0,8.733333333333333
Tinea Versicol,Selenium sulfide,8.2,0.15789713064713065,31.2,11.0,10.93579426129426
Tinea Versicol,Selsun Blue,1.0,0.0,2.0,1.0,0.9
Tinea Versicol,Terbinafine,10.0,-0.10833333333333334,14.0,173.0,23.883333333333333
Tinea Versicol,Tolnaftate,5.0,-0.125,1.0,2.0,2.15
Tinnitus,Alprazolam,8.192307692307692,0.050213530015212705,60.73076923076923,703.0,85.82350398310734
Tinnitus,Pamelor,1.0,0.024999999999999994,74.0,18.0,17.05
Tinnitus,Xanax,9.166666666666666,0.06702876984126983,109.33333333333333,456.0,71.26739087301587
Tinnitus,Xanax XR,10.0,0.22000000000000003,115.0,38.0,31.240000000000002
Tonsillitis/Pharyngitis,Amoxicillin,7.75,0.1883917548500882,23.583333333333332,115.0,19.693450176366845
Tonsillitis/Pharyngitis,Amoxil,10.0,0.0,18.0,16.0,9.2
Tonsillitis/Pharyngitis,Azithromycin,6.414634146341464,0.03947814298625813,18.609756097560975,548.0,61.1667611640213
Tonsillitis/Pharyngitis,Azithromycin Dose Pack,6.25,0.18958333333333333,33.25,28.0,12.329166666666667
Tonsillitis/Pharyngitis,Benzocaine,9.0,-0.125,1.0,8.0,4.3500000000000005
Tonsillitis/Pharyngitis,Biaxin,2.0,-0.1929315476190476,1.0,44.0,5.014136904761905
Tonsillitis/Pharyngitis,Cefdinir,6.0,0.235546875,11.25,138.0,18.92109375
Tonsillitis/Pharyngitis,Cefprozil,7.0,0.35208333333333336,2.3333333333333335,17.0,5.670833333333334
Tonsillitis/Pharyngitis,Ceftin,9.0,-0.02068452380952382,19.0,25.0,9.858630952380953
Tonsillitis/Pharyngitis,Cefuroxime,9.0,-0.02068452380952382,19.0,53.0,12.658630952380953
Tonsillitis/Pharyngitis,Cefzil,2.0,0.05625000000000001,2.0,8.0,2.1125
Tonsillitis/Pharyngitis,Chloraseptic Sore Throat Spray,4.0,-0.007853535353535343,17.0,8.0,5.7842929292929295
Tonsillitis/Pharyngitis,Clarithromycin,5.933333333333334,-0.10911105307183737,8.4,291.0,32.93511122718966
Tonsillitis/Pharyngitis,Omnicef,10.0,0.35555555555555557,14.666666666666666,28.0,10.444444444444445
Tonsillitis/Pharyngitis,Penicillin v potassium,9.0,-0.04,9.0,12.0,6.5200000000000005
Tonsillitis/Pharyngitis,Phenol,6.0,-0.00304545454545454,13.8,8.0,5.953909090909091
Tonsillitis/Pharyngitis,Trocaine,9.0,-0.125,1.0,1.0,3.6500000000000004
Tonsillitis/Pharyngitis,Zithromax,9.0,-0.1586111111111111,35.4,79.0,18.262777777777778
Toothache,Ibuprofen,10.0,0.05651515151515152,1.5,85.0,12.913030303030304
Topical Disinfection,Betadine Aerosol Spray,1.0,0.2,0.0,1.0,0.9
Topical Disinfection,Povidone iodine,5.5,0.26666666666666666,1.5,2.0,3.2333333333333334
Topical Disinfection,Sodium hypochlorite,10.0,-0.1581349206349206,2.0,1.0,4.1837301587301585
Tourette's Syndrome,Abilify,9.0,0.3,57.0,446.0,60.2
Tourette's Syndrome,Aripiprazole,6.857142857142857,0.12552482149884747,11.857142857142858,500.0,55.36533535728341
Tourette's Syndrome,Catapres,10.0,0.20037878787878788,35.0,33.0,14.700757575757576
Tourette's Syndrome,Clonidine,6.823529411764706,0.08131973556768107,22.88235294117647,315.0,38.96852182407654
Tourette's Syndrome,Geodon,9.0,-0.125,17.0,165.0,23.25
Tourette's Syndrome,Guanfacine,7.0,-0.015507235819735817,8.0,127.0,17.06898552836053
Tourette's Syndrome,Haldol,1.0,-0.45,28.0,19.0,7.000000000000001
Tourette's Syndrome,Haloperidol,5.333333333333333,0.016496713163379844,13.0,49.0,9.666326759660093
Tourette's Syndrome,Olanzapine,6.0,-0.0017676767676767663,5.0,278.0,31.196464646464648
Tourette's Syndrome,Orap,7.7272727272727275,0.06543128798810617,13.727272727272727,11.0,7.067226212339849
Tourette's Syndrome,Pimozide,6.454545454545454,0.04159134636407363,14.636363636363637,11.0,6.692273601819057
Tourette's Syndrome,Seroquel,6.0,-0.029513888888888878,9.0,334.0,37.54097222222222
Tourette's Syndrome,Topamax,8.0,0.156090367965368,28.0,340.0,43.112180735930735
Tourette's Syndrome,Topiramate,8.0,0.156090367965368,28.0,606.0,69.71218073593074
Tourette's Syndrome,Ziprasidone,9.0,-0.125,17.0,178.0,24.55
Transient Ischemic Attack,Aspirin,10.0,0.09166666666666667,10.0,20.0,8.183333333333334
Transient Ischemic Attack,Bayer Children's Aspirin,10.0,0.09166666666666667,10.0,1.0,6.283333333333333
Transient Ischemic Attack,Clopidogrel,8.0,0.0699810606060606,10.5,38.0,9.239962121212121
Transient Ischemic Attack,Plavix,5.0,0.13273809523809527,9.0,26.0,6.665476190476191
Transverse Myelitis,Gabapentin,7.0,0.03141025641025642,4.0,1047.0,108.36282051282052
Traveler's Diarrhea,Cipro,10.0,0.16,55.0,165.0,31.82
Traveler's Diarrhea,Ciprofloxacin,10.0,0.010952380952380977,27.5,361.0,45.62190476190476
Traveler's Diarrhea,Imodium,6.0,-0.09828088578088578,16.5,9.0,6.40343822843823
Traveler's Diarrhea,Loperamide,6.0,0.4,17.5,27.0,9.4
Traveler's Diarrhea,Ofloxacin,1.0,-0.7,0.0,6.0,-0.3999999999999998
Traveler's Diarrhea,Rifaximin,9.0,0.02142857142857143,40.0,43.0,15.942857142857143
Traveler's Diarrhea,Sulfamethoxazole / trimethoprim,10.0,-0.030753968253968256,1.0,527.0,56.83849206349207
Traveler's Diarrhea,Xifaxan,9.0,0.02142857142857143,40.0,30.0,14.642857142857142
Trichomoniasis,Flagyl,7.5,0.060568085188620904,29.25,141.0,23.071136170377244
Trichomoniasis,Metronidazole,7.803571428571429,-0.03916221086003814,19.696428571428573,922.0,99.18238986399422
Trichomoniasis,Tindamax,7.5,-0.028333333333333335,29.5,13.0,10.143333333333334
Trichomoniasis,Tinidazole,8.0,-0.06014880952380953,19.0,39.0,10.779702380952381
Trichotillomania,Celexa,8.0,-0.15,48.0,491.0,61.6
Trichotillomania,Citalopram,7.666666666666667,0.007862103174603174,23.666666666666668,995.0,107.3157242063492
Trichotillomania,Clomipramine,9.0,-0.024242424242424246,17.0,75.0,14.451515151515153
Trichotillomania,Escitalopram,5.0,0.010042735042735047,4.0,1292.0,132.0200854700855
Trichotillomania,Fluoxetine,8.0,-0.0006060606060606024,18.0,766.0,83.39878787878789
Trichotillomania,Naltrexone,7.0,0.18020262145262145,7.333333333333333,180.0,22.62707190957191
Trichotillomania,Paroxetine,10.0,0.16071428571428573,15.0,645.0,71.82142857142857
Trichotillomania,Sertraline,10.0,-0.13714285714285715,24.0,1360.0,144.5257142857143
Trichotillomania,Zoloft,10.0,-0.13714285714285715,24.0,805.0,89.02571428571429
Trigeminal Neuralgia,Baclofen,7.333333333333333,0.043523601819056366,34.0,159.0,25.720380536971447
Trigeminal Neuralgia,Carbamazepine,6.754385964912281,0.024819691636663043,25.45614035087719,163.0,24.14262183941368
Trigeminal Neuralgia,Carbatrol,6.0,-0.4055555555555556,14.0,10.0,5.388888888888889
Trigeminal Neuralgia,Dilantin,8.0,-0.018181818181818202,31.0,40.0,13.363636363636363
Trigeminal Neuralgia,Epitol,8.5,-0.16,45.5,16.0,13.78
Trigeminal Neuralgia,Gabapentin,8.764705882352942,0.07386340239281415,49.35294117647059,1047.0,118.22419739302093
Trigeminal Neuralgia,Neurontin,8.25,-0.033127480158730155,101.5,140.0,37.53374503968254
Trigeminal Neuralgia,Oxcarbazepine,8.5,0.05681271334147755,39.0,133.0,24.613625426682958
Trigeminal Neuralgia,Phenytoin,8.0,-0.018181818181818202,31.0,53.0,14.663636363636364
Trigeminal Neuralgia,Tegretol,6.956521739130435,0.09318237258172324,44.26086956521739,77.0,19.5211473538591
Trigeminal Neuralgia,Tegretol XR,8.857142857142858,-0.0797493487753228,20.857142857142858,16.0,9.15478701673507
Trigeminal Neuralgia,Topamax,5.833333333333333,0.11011022927689595,16.833333333333332,340.0,39.92022045855379
Trigeminal Neuralgia,Topiramate,7.5,0.10274681337181338,19.375,606.0,67.68049362674363
Trigeminal Neuralgia,Trileptal,8.857142857142858,0.15386761475423505,60.57142857142857,46.0,20.564878086651326
"Tuberculosis, Active",Isoniazid,7.0,-0.034166666666666665,13.0,9.0,6.231666666666667
"Tuberculosis, Latent",Isoniazid,5.714285714285714,0.10107771888742871,12.714285714285714,9.0,5.930726866346287
"Tuberculosis, Latent",Rifampin,5.666666666666667,0.21530331088664423,10.0,7.0,5.397273288439956
"Tuberculosis, Prophylaxis",Isoniazid,7.0,0.007051282051282056,40.0,9.0,11.714102564102564
"Tuberculosis, Prophylaxis",Rifadin,10.0,0.2,7.0,1.0,5.9
"Tuberculosis, Prophylaxis",Rifampin,10.0,0.2,7.0,7.0,6.500000000000001
Turner's Syndrome,Humatrope,10.0,0.8,3.0,6.0,6.799999999999999
Turner's Syndrome,Norditropin,10.0,0.16666666666666666,13.0,2.0,7.133333333333334
Turner's Syndrome,Somatropin,9.0,0.37278344671201813,5.666666666666667,16.0,7.078900226757371
Typhoid Feve,Cipro,9.0,0.7,60.0,165.0,33.5
Typhoid Feve,Ciprofloxacin,9.0,0.7,60.0,361.0,53.1
Ulcerative Colitis,Adalimumab,6.0,-0.0013719800671911087,24.583333333333332,295.0,36.81392270653228
Ulcerative Colitis,Apriso,6.5,0.009159507799892412,12.1,14.0,6.438319015599785
Ulcerative Colitis,Asacol,5.333333333333333,0.0855654761904762,11.666666666666666,35.0,8.13779761904762
Ulcerative Colitis,Asacol HD,9.0,-0.033333333333333326,10.0,3.0,5.833333333333333
Ulcerative Colitis,Azathioprine,6.846153846153846,-0.0048801507134840485,21.692307692307693,44.0,11.46716277549611
Ulcerative Colitis,Azulfidine,1.0,0.0,8.0,2.0,2.2
Ulcerative Colitis,Balsalazide,7.125,0.17571022727272728,8.125,15.0,6.326420454545454
Ulcerative Colitis,Budesonide,6.7,0.06856780372405373,4.5,53.0,9.017135607448107
Ulcerative Colitis,Canasa,9.0,0.10384615384615387,6.0,6.0,5.607692307692307
Ulcerative Colitis,Colazal,5.5,-0.10170454545454546,9.0,8.0,4.596590909090909
Ulcerative Colitis,Delzicol,9.333333333333334,0.5255555555555556,6.666666666666667,5.0,6.617777777777778
Ulcerative Colitis,Entyvio,6.0,0.04716690716690717,17.666666666666668,14.0,7.427667147667149
Ulcerative Colitis,Golimumab,9.5,0.0323489010989011,26.0,50.0,14.064697802197802
Ulcerative Colitis,Humira,6.142857142857143,-0.02779800672425905,22.5,295.0,36.40154684369434
Ulcerative Colitis,Imuran,7.428571428571429,0.03640171556838223,43.57142857142857,33.0,15.05851771685105
Ulcerative Colitis,Infliximab,7.142857142857143,0.05871292287958955,24.952380952380953,109.0,18.865044893378226
Ulcerative Colitis,Lialda,7.7272727272727275,0.034576664917574,7.2727272727272725,57.0,10.314607875289695
Ulcerative Colitis,Mesalamine,6.9743589743589745,0.09123565062667627,8.58974358974359,179.0,22.590163608945662
Ulcerative Colitis,Pentasa,8.0,0.03757996632996632,4.0,37.0,7.775159932659933
Ulcerative Colitis,Prednisone,6.777777777777778,0.05154985478770202,18.88888888888889,289.0,35.491988598464296
Ulcerative Colitis,Remicade,7.416666666666667,0.06828001618366202,30.583333333333332,104.0,19.61989336570066
Ulcerative Colitis,Salofalk,9.0,-0.09166666666666667,2.0,6.0,4.416666666666667
Ulcerative Colitis,Simponi,5.0,0.20404761904761906,14.0,42.0,9.408095238095239
Ulcerative Colitis,Sulfasalazine,5.0,-0.05875530719280718,16.875,47.0,9.957489385614386
Ulcerative Colitis,Sulfazine,5.5,-0.25,37.0,7.0,9.8
Ulcerative Colitis,Uceris,6.2,0.15891414141414142,6.8,8.0,4.957828282828284
Ulcerative Colitis,Vedolizumab,4.0,0.08147697210197212,17.333333333333332,17.0,6.929620610870612
"Ulcerative Colitis, Active",Asacol,8.0,-0.06303703703703703,22.8,35.0,11.133925925925926
"Ulcerative Colitis, Active",Balsalazide,4.333333333333333,0.34833333333333333,7.333333333333333,15.0,5.3966666666666665
"Ulcerative Colitis, Active",Budesonide,8.0,0.03876488095238095,27.0,53.0,13.977529761904762
"Ulcerative Colitis, Active",Canasa,7.25,0.09627976190476192,18.0,6.0,7.292559523809524
"Ulcerative Colitis, Active",Colazal,4.0,0.08666666666666664,13.0,8.0,5.173333333333333
"Ulcerative Colitis, Active",Cyclosporine,10.0,0.3236363636363636,5.0,34.0,9.047272727272727
"Ulcerative Colitis, Active",Delzicol,5.5,0.06944444444444443,3.5,5.0,3.538888888888889
"Ulcerative Colitis, Active",Lialda,7.7368421052631575,0.12111021517472655,25.894736842105264,57.0,14.21590464087577
"Ulcerative Colitis, Active",Mesalamine,7.225806451612903,0.09645160372890217,18.93548387096774,179.0,24.770322562296517
"Ulcerative Colitis, Active",Pentasa,7.25,0.08368055555555556,12.25,37.0,9.217361111111112
"Ulcerative Colitis, Active",Rowasa,6.8,-0.018937122926093515,8.4,5.0,4.862125754147813
"Ulcerative Colitis, Active",Salofalk,7.0,0.30833333333333335,1.5,6.0,4.316666666666666
"Ulcerative Colitis, Active",Uceris,8.0,0.06473214285714286,21.0,8.0,8.329464285714286
"Ulcerative Colitis, Maintenance",Apriso,9.0,0.2904761904761905,23.0,14.0,10.180952380952382
"Ulcerative Colitis, Maintenance",Asacol,7.090909090909091,0.13669490358126724,37.09090909090909,35.0,14.02793526170799
"Ulcerative Colitis, Maintenance",Asacol HD,10.0,0.7,6.0,3.0,6.9
"Ulcerative Colitis, Maintenance",Lialda,10.0,0.13214285714285715,33.0,57.0,16.564285714285713
"Ulcerative Colitis, Maintenance",Mercaptopurine,3.0,-0.2556547619047619,15.5,10.0,4.788690476190476
"Ulcerative Colitis, Maintenance",Mesalamine,7.730769230769231,0.18747050139014426,24.346153846153847,179.0,26.236479464318755
"Ulcerative Colitis, Maintenance",Salofalk,6.0,0.37343750000000003,3.0,6.0,4.346875000000001
Ulcerative Proctitis,Canasa Pac,5.0,-0.2899999999999999,5.0,1.0,2.52
Ulcerative Proctitis,Cortenema,4.0,0.5,9.0,1.0,4.5
Ulcerative Proctitis,Hydrocortisone,4.0,0.5,9.0,34.0,7.800000000000001
Ulcerative Proctitis,Lialda,10.0,0.024638605442176872,12.5,57.0,12.249277210884355
Ulcerative Proctitis,Mesalamine,9.0,-0.0472903988242334,7.4,179.0,22.885419202351535
Underactive Thyroid,Armour Thyroid,7.6923076923076925,0.06935886249559892,85.33846153846154,112.0,31.483333109606583
Underactive Thyroid,Cytomel,8.727272727272727,0.14862698764078636,163.45454545454547,13.0,37.779072157099755
Underactive Thyroid,Levothroid,5.666666666666667,0.04666666666666667,70.33333333333333,5.0,16.926666666666666
Underactive Thyroid,Levothyroxine,6.432584269662922,0.0894212621738774,52.258426966292134,290.0,42.20356162547135
Underactive Thyroid,Levoxyl,7.2727272727272725,0.060189147973238884,60.54545454545455,21.0,17.238560114128298
Underactive Thyroid,Liothyronine,7.166666666666667,0.07899442089546256,87.61111111111111,23.0,22.846877730679815
Underactive Thyroid,NP Thyroid,4.333333333333333,-0.0853956228956229,26.0,6.0,7.362542087542089
Underactive Thyroid,Nature-Throid,6.733333333333333,0.14329155643738975,90.26666666666667,30.0,24.033249779541446
Underactive Thyroid,Synthroid,6.837209302325581,0.07520612832012334,85.06976744186046,94.0,29.299249465942573
Underactive Thyroid,Thyroid desiccated,7.666666666666667,0.056643409436466896,63.88095238095238,159.0,31.856143961730076
Underactive Thyroid,Tirosint,6.9411764705882355,0.03907562209032797,54.35294117647059,38.0,17.52521006771007
Underactive Thyroid,WP Thyroid,10.0,0.29363636363636364,15.0,3.0,7.887272727272727
Underactive Thyroid,Westhroid,10.0,0.26641578118850845,72.0,2.0,19.132831562377017
Undifferentiated Connective Tissue Disease,Hydroxychloroquine,6.2,-0.003876372266078154,19.3,114.0,17.732247255467847
Undifferentiated Connective Tissue Disease,Plaquenil,3.3333333333333335,-0.003138410246253396,26.0,59.0,12.427056512840828
Unknown,Acetaminophen / dextromethorphan / doxylamine,10.0,0.17500000000000002,0.0,1.0,4.449999999999999
Unknown,Dalteparin,10.0,0.09999999999999999,4.0,1.0,5.1
Unknown,Fluvastatin,9.0,-0.03597402597402596,25.0,1.0,8.628051948051947
Unknown,Magnesium sulfate,10.0,0.4047619047619047,6.0,1.0,6.109523809523809
Unknown,Methenamine / sodium acid phosphate,10.0,0.0,6.0,1.0,5.3
Upper Limb Spasticity,Botox,8.0,0.1111111111111111,0.0,160.0,19.422222222222224
Upper Respiratory Tract Infection,Amoxicillin,7.5,0.02138680033416876,44.0,115.0,23.342773600668338
Upper Respiratory Tract Infection,Amoxicillin / clavulanate,7.0,0.03704771617271617,16.61111111111111,321.0,38.29631765456766
Upper Respiratory Tract Infection,Amoxil,8.5,0.011660401002506274,74.0,16.0,19.823320802005014
Upper Respiratory Tract Infection,Augmentin,6.230769230769231,-0.06493026844949921,21.53846153846154,169.0,23.570139463101004
Upper Respiratory Tract Infection,Azithromycin,6.878787878787879,0.1304747572343991,23.78787878787879,548.0,62.57004042355971
Upper Respiratory Tract Infection,Azithromycin Dose Pack,5.25,0.14425747863247862,29.5,28.0,11.088514957264959
Upper Respiratory Tract Infection,Bactrim,2.0,-0.23420138888888886,3.0,212.0,22.131597222222226
Upper Respiratory Tract Infection,Bactrim DS,3.25,0.2631820436507937,15.5,136.0,18.526364087301587
Upper Respiratory Tract Infection,Biaxin,5.666666666666667,-0.059335317460317415,33.0,44.0,13.147996031746032
Upper Respiratory Tract Infection,Cefprozil,6.5,0.05,2.5,17.0,4.9
Upper Respiratory Tract Infection,Ceftin,9.0,-0.013888888888888914,38.0,25.0,13.672222222222222
Upper Respiratory Tract Infection,Cefuroxime,8.0,0.1996527777777778,21.25,53.0,13.149305555555557
Upper Respiratory Tract Infection,Cefzil,6.5,0.05,2.5,8.0,4.0
Upper Respiratory Tract Infection,Cephalexin,6.875,-0.1470982142857143,38.625,155.0,25.680803571428573
Upper Respiratory Tract Infection,Clarithromycin,5.407407407407407,-0.05271809841634059,11.962962962962964,291.0,33.550119358722874
Upper Respiratory Tract Infection,Doxy 100,1.0,-0.4666666666666666,35.0,14.0,7.866666666666667
Upper Respiratory Tract Infection,Doxycycline,5.785714285714286,0.03693594104308391,38.785714285714285,627.0,72.84530045351474
Upper Respiratory Tract Infection,Erythromycin,7.6,0.09204761904761907,20.4,19.0,9.204095238095238
Upper Respiratory Tract Infection,Keflex,4.0,-0.35833333333333334,50.0,34.0,14.283333333333333
Upper Respiratory Tract Infection,SMZ-TMP DS,8.0,0.2866666666666667,25.0,15.0,10.273333333333333
Upper Respiratory Tract Infection,Septra DS,9.0,0.07797619047619048,14.5,19.0,8.555952380952382
Upper Respiratory Tract Infection,Sulfamethoxazole / trimethoprim,4.875,0.09711805555555555,8.125,527.0,56.469236111111115
Upper Respiratory Tract Infection,Vantin,10.0,0.4388888888888889,9.0,4.0,7.077777777777778
Upper Respiratory Tract Infection,Zithromax,8.25,0.08833333333333337,28.25,79.0,17.026666666666667
Urinary Incontinence,Amitriptyline,10.0,-0.012499999999999997,35.0,695.0,80.475
Urinary Incontinence,Azo-Cranberry,10.0,0.3625,45.0,2.0,13.924999999999999
Urinary Incontinence,Botox,9.333333333333334,0.179685524352191,0.6666666666666666,160.0,20.22603771537105
Urinary Incontinence,Cranberry,10.0,0.3625,45.0,3.0,14.025
Urinary Incontinence,Cymbalta,8.0,0.05583333333333333,9.0,864.0,91.51166666666667
Urinary Incontinence,Darifenacin,4.4,-0.10652380952380949,19.0,16.0,6.946952380952382
Urinary Incontinence,Detrol,5.5,-0.3229166666666667,31.5,14.0,9.254166666666668
Urinary Incontinence,Detrol LA,7.4,0.216875,19.8,13.0,8.65375
Urinary Incontinence,Ditropan,5.8,0.05681168831168831,35.2,16.0,11.073623376623377
Urinary Incontinence,Duloxetine,2.0,-0.018506944444444447,10.0,934.0,96.16298611111111
Urinary Incontinence,Enablex,4.0,-0.1483333333333333,17.5,13.0,6.1033333333333335
Urinary Incontinence,Fesoterodine,5.5,0.02861111111111111,49.5,26.0,14.757222222222223
Urinary Incontinence,Gelnique,2.0,0.0,11.0,4.0,3.4
Urinary Incontinence,Hyoscyamine,10.0,0.0,43.0,42.0,16.8
Urinary Incontinence,Levsin SL,10.0,0.0,43.0,4.0,13.0
Urinary Incontinence,Mirabegron,5.4,-0.04382475475912975,42.1,96.0,20.092350490481742
Urinary Incontinence,Myrbetriq,5.705882352941177,0.01050297292576704,47.705882352941174,77.0,19.54453535761624
Urinary Incontinence,OnabotulinumtoxinA,7.0,-0.007927644372088821,0.6666666666666666,167.0,19.617478044589156
Urinary Incontinence,Oxybutynin,6.36,-0.0110000666000666,32.08,154.0,24.33799986679987
Urinary Incontinence,Oxytrol,8.75,0.016872730444159028,50.25,36.0,17.183745460888318
Urinary Incontinence,Sanctura,9.0,0.24439300411522635,41.0,12.0,13.488786008230452
Urinary Incontinence,Sanctura XR,9.5,0.1125,40.5,6.0,12.725
Urinary Incontinence,Solifenacin,7.142857142857143,0.03408770021865261,61.0,77.0,22.825318257580165
Urinary Incontinence,Tolterodine,7.125,0.17981770833333333,20.375,33.0,10.584635416666668
Urinary Incontinence,Toviaz,5.5,0.007341269841269835,15.0,27.0,7.91468253968254
Urinary Incontinence,Trospium,7.333333333333333,0.06186801881246326,27.166666666666668,24.0,10.890402704291594
Urinary Incontinence,VESIcare,7.277777777777778,0.08212147677425456,61.833333333333336,70.0,22.442020731326288
Urinary Retention,Bethanechol,6.0,-0.03555555555555555,0.5,4.0,2.8288888888888892
Urinary Tract Infection,Acetohydroxamic acid,9.0,0.1,4.0,1.0,4.7
Urinary Tract Infection,Acidophilus,10.0,-0.025,189.0,13.0,43.050000000000004
Urinary Tract Infection,Amikacin,1.0,-0.06666666666666667,5.0,2.0,1.4666666666666666
Urinary Tract Infection,Amoxicillin,7.529411764705882,0.10595508658008658,160.23529411764707,115.0,46.770733702571945
Urinary Tract Infection,Amoxicillin / clavulanate,4.8,-0.026827126577126572,25.4,321.0,39.046345746845745
Urinary Tract Infection,Amoxil,10.0,0.0,310.0,16.0,67.6
Urinary Tract Infection,Ampicillin,10.0,-0.016666666666666673,40.0,2.0,12.166666666666666
Urinary Tract Infection,Ampicillin / sulbactam,7.0,0.2,7.0,2.0,4.800000000000001
Urinary Tract Infection,Augmentin,4.6,-0.013823247354497348,48.0,169.0,28.312353505291007
Urinary Tract Infection,Augmentin ES-600,6.0,0.009487179487179507,15.0,2.0,5.61897435897436
Urinary Tract Infection,Azo-Cranberry,9.0,0.325,20.0,2.0,8.45
Urinary Tract Infection,Bactrim,4.8625,0.012321657068993722,23.175,212.0,27.80464331413799
Urinary Tract Infection,Bactrim DS,5.777777777777778,-0.012861616464365325,27.50793650793651,136.0,21.386975179769685
Urinary Tract Infection,Cefixime,10.0,-0.09273809523809522,4.0,7.0,5.31452380952381
Urinary Tract Infection,Ceftin,9.0,0.07671568627450982,6.0,25.0,7.453431372549019
Urinary Tract Infection,Ceftriaxone,9.307692307692308,-0.06864332820720181,25.846153846153847,52.0,13.955021035893289
Urinary Tract Infection,Cefuroxime,6.666666666666667,0.18851897240377632,27.5,53.0,13.84370461147422
Urinary Tract Infection,Cipro,5.824175824175824,0.003901889902882915,45.57142857142857,165.0,27.95175982376181
Urinary Tract Infection,Ciprofloxacin,5.265432098765432,-0.04559340895778699,29.65432098765432,361.0,44.04585021912146
Urinary Tract Infection,Cranberry,9.5,0.23833333333333334,14.0,3.0,7.376666666666668
Urinary Tract Infection,Doxycycline,6.933333333333334,0.10701890789986031,48.06666666666667,627.0,75.30070448246639
Urinary Tract Infection,Hiprex,10.0,-0.010469187675070032,37.5,12.0,12.679061624649862
Urinary Tract Infection,Hyoscyamine / methenamine / methylene blue / phenyl salicylate,8.0,0.09687750453069081,12.666666666666666,9.0,6.827088342394715
Urinary Tract Infection,Hyoscyamine / methenamine / methylene blue / phenyl salicylate / sodium biphosphate,5.333333333333333,-0.0066813973063973055,36.333333333333336,9.0,10.286637205387207
Urinary Tract Infection,Hyoscyamine / methenamine / methylene blue / sodium biphosphate,9.0,0.31377585377585376,12.666666666666666,3.0,7.060885040885041
Urinary Tract Infection,Levaquin,6.444444444444445,0.06541724364803793,39.611111111111114,202.0,30.83083448729608
Urinary Tract Infection,Levofloxacin,5.28,0.004863911055875345,30.96,327.0,41.013727822111754
Urinary Tract Infection,Lithostat,9.0,0.1,4.0,1.0,4.7
Urinary Tract Infection,Macrobid,4.755102040816326,-0.01832046868616581,24.421768707482993,238.0,30.5497536204508
Urinary Tract Infection,Macrodantin,7.428571428571429,0.033652683295540435,23.285714285714285,14.0,9.09587679516251
Urinary Tract Infection,Methenamine,9.8,0.03346857492997199,35.4,18.0,12.866937149859945
Urinary Tract Infection,Nitrofurantoin,4.817610062893082,-0.031516763032702046,16.18867924528302,500.0,55.10174634814843
Urinary Tract Infection,Norfloxacin,1.0,-0.32916666666666666,0.0,2.0,-0.05833333333333329
Urinary Tract Infection,Noroxin,1.0,-0.32916666666666666,0.0,1.0,-0.1583333333333333
Urinary Tract Infection,Ofloxacin,10.0,0.3375,4.0,6.0,6.074999999999999
Urinary Tract Infection,Phosphasal,10.0,0.09999999999999998,23.0,1.0,8.9
Urinary Tract Infection,Rocephin,9.333333333333334,-0.05592770361835486,29.866666666666667,52.0,14.794811259429956
Urinary Tract Infection,SMZ-TMP DS,2.142857142857143,-0.04351819212533498,17.0,15.0,5.670106472892187
Urinary Tract Infection,Septra,6.75,-0.010505952380952376,15.25,11.0,6.8289880952380955
Urinary Tract Infection,Septra DS,7.222222222222222,0.14216641493093513,18.22222222222222,19.0,8.717666163195204
Urinary Tract Infection,Sulfamethoxazole / trimethoprim,4.873949579831932,-0.01303527140599795,16.407563025210084,527.0,57.9050218941628
Urinary Tract Infection,Sulfatrim,10.0,0.03437500000000002,13.0,2.0,6.8687499999999995
Urinary Tract Infection,Suprax,10.0,0.0488095238095238,7.0,5.0,5.997619047619048
Urinary Tract Infection,Trimethoprim,2.6,-0.06425784632034633,2.8,8.0,2.2714843073593074
Urinary Tract Infection,Uribel,5.666666666666667,0.07051837822671156,50.111111111111114,9.0,13.329925645342314
Urinary Tract Infection,Urised,9.0,0.0,23.0,1.0,8.3
Urinary Tract Infection,Uta,10.0,0.45071428571428573,18.0,3.0,8.801428571428572
Urinary Tract Stones,Allopurinol,9.5,0.008928571428571428,16.5,39.0,11.017857142857144
Urinary Tract Stones,Citric acid / potassium citrate,10.0,0.625,6.0,1.0,6.55
Urinary Tract Stones,Cytra-K,10.0,0.625,6.0,1.0,6.55
Urinary Tract Stones,Flomax,8.477272727272727,0.0882745339702185,46.02272727272727,117.0,24.472003613394982
Urinary Tract Stones,Tamsulosin,7.6415094339622645,0.049552421393386635,36.24528301886792,181.0,28.504765220145266
Urticaria,Alavert,10.0,-0.041666666666666664,26.0,1.0,9.216666666666667
Urticaria,Allegra,8.625,0.1935136272147991,37.3125,45.0,15.799527254429599
Urticaria,Aller-Ease,1.0,-0.8749999999999998,1.0,1.0,-1.0499999999999996
Urticaria,Benadryl,8.5,0.03492424242424243,1.0,35.0,7.169848484848485
Urticaria,Benadryl Allergy,6.0,0.009047619047619077,6.666666666666667,17.0,5.451428571428572
Urticaria,Cetirizine,7.2368421052631575,0.08272722979818846,24.105263157894736,108.0,18.681243933280587
Urticaria,Chlor-Trimeton,7.0,0.525,68.0,6.0,18.050000000000004
Urticaria,Chlorpheniramine,6.0,0.27212000962000965,23.333333333333332,20.0,9.610906685906686
Urticaria,Claritin,1.0,0.06439393939393939,6.0,15.0,3.228787878787879
Urticaria,Cyproheptadine,8.0,-0.16071428571428573,19.0,92.0,15.87857142857143
Urticaria,Desloratadine,7.5,0.19318181818181818,8.0,10.0,5.986363636363636
Urticaria,Diphenhydramine,5.333333333333333,0.13166666666666668,7.333333333333333,117.0,15.563333333333334
Urticaria,Doxepin,8.625,0.14919871794871797,32.625,171.0,27.373397435897438
Urticaria,Famotidine,6.5,0.1388888888888889,3.0,14.0,4.877777777777778
Urticaria,Fexofenadine,8.2,0.05592014471143936,27.6,68.0,15.71184028942288
Urticaria,Levocetirizine,8.833333333333334,0.16365594112224016,18.125,127.0,20.185645215577814
Urticaria,Loratadine,5.333333333333333,0.15579405162738497,15.0,40.0,9.444921436588103
Urticaria,Omalizumab,8.2,0.0396352638923075,21.14,82.0,15.787270527784617
Urticaria,Pepcid,8.0,0.17777777777777778,3.0,6.0,4.755555555555556
Urticaria,Xolair,7.96875,0.057735504892243175,29.75,67.0,15.952971009784488
Urticaria,Xyzal,8.291666666666666,0.17655411933291834,18.5,112.0,18.569774905332505
Urticaria,Zyrtec,7.846153846153846,0.1327265343783201,31.53846153846154,69.0,16.61160691491049
Uterine Bleeding,Progesterone,3.0,0.010784313725490213,4.0,23.0,4.321568627450981
Uterine Bleeding,Prometrium,9.0,-0.012729166666666673,41.0,17.0,13.474541666666667
Uterine Fibroids,Leuprolide,6.8076923076923075,-0.0024752751445745983,43.15384615384615,155.0,26.848895603557004
Uterine Fibroids,Lupron,5.666666666666667,0.09337072649572652,36.0,38.0,13.453408119658121
Uterine Fibroids,Lupron Depot,7.0,0.029894431064966774,40.55,85.0,19.46978886212993
Uveitis,CellCept,9.0,-0.18472222222222223,16.0,19.0,8.330555555555556
Uveitis,Cyclopentolate,4.0,0.4,15.0,1.0,5.5
Uveitis,Difluprednate,10.0,0.5791666666666666,22.5,3.0,9.958333333333334
Uveitis,Durezol,8.333333333333334,0.3641880341880342,15.0,5.0,7.561709401709402
Uveitis,Fluocinolone,10.0,0.024610389610389607,16.0,7.0,7.94922077922078
Uveitis,Infliximab,8.666666666666666,0.14019274376417235,13.333333333333334,109.0,17.31371882086168
Uveitis,Mycophenolate mofetil,9.0,-0.18472222222222223,16.0,31.0,9.530555555555555
Uveitis,Ozurdex,10.0,1.0,0.0,1.0,6.1
Uveitis,Remicade,9.0,0.11295705782312926,14.5,104.0,17.12591411564626
Uveitis,Retisert,10.0,0.024610389610389607,16.0,1.0,7.349220779220779
Vaginal Yeast Infection,Acidophilus,8.9,0.16684754318394024,35.7,13.0,12.333695086367882
Vaginal Yeast Infection,Butoconazole,8.5,0.5875,9.5,2.0,6.675000000000001
Vaginal Yeast Infection,Clotrimazole,9.5,0.6075,17.0,13.0,9.715000000000002
Vaginal Yeast Infection,Diflucan,6.464285714285714,0.06891960131469059,41.589285714285715,67.0,17.74141063120081
Vaginal Yeast Infection,Fluconazole,6.971751412429379,0.04032737868293768,31.779661016949152,200.0,29.22528752572746
Vaginal Yeast Infection,Gynazole-1,10.0,1.0,13.0,1.0,8.7
Vaginal Yeast Infection,Itraconazole,9.166666666666666,0.14444444444444446,14.5,18.0,8.655555555555557
Vaginal Yeast Infection,Ketoconazole,3.0,-0.75,10.0,25.0,4.2
Vaginal Yeast Infection,Lactobacillus acidophilus,8.285714285714286,-0.03289565826330533,40.42857142857143,15.0,12.834208683473392
Vaginal Yeast Infection,M-Zole 3,1.0,0.0,0.0,1.0,0.5
Vaginal Yeast Infection,Micon 7,6.0,0.15000000000000002,13.0,1.0,5.4
Vaginal Yeast Infection,Miconazole,3.026026026026026,-0.06924143320157491,6.295295295295295,1000.0,102.33098660306632
Vaginal Yeast Infection,Monistat 1-Day or Night Combination Pack,1.4166666666666667,0.0642735847594246,7.25,12.0,3.3452138361855166
Vaginal Yeast Infection,Monistat 3-Day Combination Pack,3.704081632653061,-0.056443074649768034,9.091836734693878,98.0,12.987113850700464
Vaginal Yeast Infection,Monistat 7,3.032258064516129,-0.09309055587401452,5.435483870967742,62.0,8.313818888251971
Vaginal Yeast Infection,Monistat 7-Day Combination Pack,3.7916666666666665,-0.06703980948372226,7.166666666666667,72.0,10.015920381032556
Vaginal Yeast Infection,Nizoral,10.0,1.0,24.0,2.0,11.0
Vaginal Yeast Infection,Nystatin,7.0,0.1650210437710438,12.666666666666666,20.0,7.663375420875421
Vaginal Yeast Infection,Pedi-Dri,8.0,0.15333333333333335,20.0,1.0,7.6066666666666665
Vaginal Yeast Infection,Sporanox,10.0,0.2,13.5,8.0,7.9
Vaginal Yeast Infection,Terazol,7.666666666666667,0.13832070707070707,30.666666666666668,3.0,9.776641414141416
Vaginal Yeast Infection,Terazol 7,5.5,-0.03087301587301587,22.0,2.0,6.738253968253969
Vaginal Yeast Infection,Terconazole,6.340909090909091,0.01391023248182487,15.340909090909092,44.0,10.032365919509104
Vaginal Yeast Infection,Tioconazole,4.477337110481586,-0.041801543510774156,5.7492917847025495,706.0,73.4571901141116
Vaginal Yeast Infection,Vagistat-1,6.571428571428571,0.1332468820861678,16.571428571428573,7.0,6.90935090702948
Varicella-Zoste,Valacyclovir,8.666666666666666,0.021306383945272834,24.0,238.0,32.109279434557216
Varicella-Zoste,Valtrex,9.5,0.4975845759179093,23.0,155.0,24.89516915183582
Varicose Veins,Horse chestnut,10.0,-0.06041666666666666,43.0,2.0,12.679166666666665
Varicose Veins,Polidocanol,3.5,0.04827380952380952,1.5,2.0,1.9965476190476192
Ventricular Arrhythmia,Sotalol,5.0,-1.0,5.0,28.0,3.8000000000000003
Ventricular Fibrillation,Amiodarone,4.2,-0.13999999999999999,33.2,28.0,10.840000000000002
Ventricular Tachycardia,Amiodarone,7.285714285714286,-0.027037545787545785,37.714285714285715,28.0,13.203067765567766
Ventricular Tachycardia,Atenolol,8.166666666666666,0.11974726228632478,25.166666666666668,114.0,19.939494524572652
Ventricular Tachycardia,Flecainide,7.75,0.24925595238095238,21.0,63.0,14.098511904761907
Ventricular Tachycardia,Inderal,3.0,-0.16977678571428573,6.0,44.0,6.460446428571429
Ventricular Tachycardia,Propafenone,8.0,0.026096560846560847,1.8,33.0,6.912193121693122
Ventricular Tachycardia,Propranolol,7.333333333333333,0.025634770322270323,8.333333333333334,467.0,51.351269540644545
Ventricular Tachycardia,Rythmol SR,6.5,0.041666666666666664,7.0,15.0,5.583333333333334
Ventricular Tachycardia,Tambocor,10.0,0.65,21.0,9.0,10.4
Ventricular Tachycardia,Tenormin,9.0,0.5,35.0,13.0,12.9
Vertig,Antivert,5.571428571428571,-0.12423469387755103,50.714285714285715,8.0,12.922959183673472
Vertig,Bonine,8.5,0.2733640873015873,87.83333333333333,26.0,24.113394841269844
Vertig,Diphenidol,10.0,-0.4888888888888889,14.0,1.0,5.9222222222222225
Vertig,Dramamine II,9.0,-0.037499999999999985,52.75,4.0,14.475000000000001
Vertig,Dramamine Less Drowsy,9.0,0.096875,28.0,2.0,9.59375
Vertig,Meclizine,7.3108108108108105,0.0028635320828948327,54.729729729729726,110.0,24.875997334436057
Vertig,Phenergan,6.25,-0.20216765873015874,28.75,67.0,14.545664682539684
Vertig,Promethazine,5.333333333333333,0.07501984126984128,24.333333333333332,129.0,20.050039682539683
Vertig,Vontrol,10.0,-0.4888888888888889,14.0,1.0,5.9222222222222225
Vitamin B12 Deficiency,CaloMist,10.0,0.0,23.0,1.0,8.700000000000001
Vitamin B12 Deficiency,Cyanocobalamin,9.428571428571429,0.07023809523809524,25.142857142857142,12.0,10.140476190476189
Vitamin B12 Deficiency,Hydroxocobalamin,1.0,0.0,0.0,1.0,0.5
Vitamin B12 Deficiency,Vitamin B12,7.0,0.06226551226551227,17.333333333333332,8.0,7.191197691197691
Vitamin D Deficiency,Cholecalciferol,6.2,-0.06764924889924888,16.4,5.0,6.124701502201503
Vitamin D Deficiency,D3,10.0,-0.06666666666666667,3.0,1.0,4.566666666666666
Vitamin D Deficiency,Ergocalciferol,5.5,-0.030265061327561314,52.5,10.0,13.639469877344878
Vitamin D Deficiency,Vitamin D2,10.0,-0.10297619047619043,122.0,1.0,28.294047619047625
Vitamin D Deficiency,Vitamin D3,5.5,-0.1868055555555555,18.0,2.0,5.626388888888889
Vitamin K Deficiency,Mephyton,10.0,0.0,1.0,1.0,4.3
Vitamin K Deficiency,Phytonadione,10.0,0.0,1.0,1.0,4.3
Vitamin/Mineral Supplementation and Deficiency,Chromium picolinate,10.0,0.12435897435897436,26.0,8.0,10.24871794871795
Vitamin/Mineral Supplementation and Deficiency,EnLyte,1.0,0.39999999999999997,3.0,1.0,1.9000000000000001
Vitamin/Mineral Supplementation and Deficiency,Folic acid,10.0,0.0,8.0,2.0,5.8
Vitamin/Mineral Supplementation and Deficiency,Hemax,8.0,0.306646294881589,16.0,1.0,7.113292589763178
Vitamin/Mineral Supplementation and Deficiency,Heme iron polypeptide,10.0,-0.15,22.0,2.0,8.3
Vitamin/Mineral Supplementation and Deficiency,Multivitamin with iron,1.0,0.39999999999999997,3.0,10.0,2.8
Vitamin/Mineral Supplementation and Deficiency,Multivitamin with minerals,5.666666666666667,-0.0009141767818238379,6.733333333333333,15.0,5.111504979769686
Vitamin/Mineral Supplementation and Deficiency,Proferrin-ES,10.0,-0.15,22.0,3.0,8.400000000000002
Vitamin/Mineral Supplementation and Deficiency,Zinc sulfate,9.0,0.09722222222222221,7.0,1.0,5.294444444444444
Vitamin/Mineral Supplementation during Pregnancy/Lactation,CitraNatal 90 DHA,6.4,-0.05797258297258294,10.4,5.0,5.0240548340548346
Vitamin/Mineral Supplementation during Pregnancy/Lactation,CitraNatal Assure,9.5,0.40066964285714285,8.0,2.0,6.401339285714287
Vitamin/Mineral Supplementation during Pregnancy/Lactation,Concept DHA,10.0,0.15000000000000002,25.0,1.0,9.4
Vitamin/Mineral Supplementation during Pregnancy/Lactation,Duet DHA,8.0,0.09776190476190476,7.2,5.0,5.33552380952381
Vitamin/Mineral Supplementation during Pregnancy/Lactation,Ferrous gluconate,10.0,0.8,4.0,3.0,6.699999999999999
Vitamin/Mineral Supplementation during Pregnancy/Lactation,Ferrous sulfate,10.0,0.5,37.0,9.0,13.3
Vitamin/Mineral Supplementation during Pregnancy/Lactation,"Multivitamin, prenatal",8.475,0.11594037544521177,6.15,40.0,8.851880750890423
Vitamin/Mineral Supplementation during Pregnancy/Lactation,Natelle One,10.0,0.17080357142857144,1.0,2.0,4.741607142857143
Vitamin/Mineral Supplementation during Pregnancy/Lactation,Neevo DHA,10.0,0.15158730158730158,8.0,1.0,6.003174603174603
Vitamin/Mineral Supplementation during Pregnancy/Lactation,OB Complete Gold,2.0,-0.0875,3.0,1.0,1.3250000000000002
Vitamin/Mineral Supplementation during Pregnancy/Lactation,PR Natal 400,9.0,0.3375,1.0,1.0,4.575
Vitamin/Mineral Supplementation during Pregnancy/Lactation,PreNexa,9.5,0.2440848214285714,6.5,2.0,5.788169642857143
Vitamin/Mineral Supplementation during Pregnancy/Lactation,Prenatal Plus,6.857142857142857,0.13923611111111112,8.142857142857142,7.0,5.349900793650794
Vitamin/Mineral Supplementation during Pregnancy/Lactation,Provida DHA,7.0,-0.42499999999999993,2.5,2.0,2.6500000000000004
Vitamin/Mineral Supplementation during Pregnancy/Lactation,Tandem DHA,9.0,0.35,4.0,1.0,5.199999999999999
Vitamin/Mineral Supplementation during Pregnancy/Lactation,Vitafol Ultra,3.0,0.09242424242424242,18.0,1.0,5.084848484848485
Vitamin/Mineral Supplementation during Pregnancy/Lactation,Vitafol-OB+DHA,10.0,-0.020000000000000004,2.0,1.0,4.46
Vulvodynia,Amitriptyline,7.285714285714286,0.13285894660894662,20.714285714285715,695.0,76.82286075036075
Vulvodynia,Aventyl Hydrochloride,5.0,0.0,14.0,2.0,5.000000000000001
Vulvodynia,Desipramine,10.0,0.2791666666666667,4.0,14.0,6.758333333333334
Vulvodynia,Effexor XR,7.0,0.3,19.0,399.0,47.10000000000001
Vulvodynia,Elavil,7.75,0.23555555555555555,21.5,116.0,19.471111111111114
Vulvodynia,Gabapentin,7.2,0.08188632478632478,35.2,1047.0,114.78377264957265
Vulvodynia,Neurontin,8.0,0.16208333333333336,31.5,140.0,23.824166666666667
Vulvodynia,Nortriptyline,7.5,0.05833333333333333,16.5,241.0,30.51666666666667
Vulvodynia,Pamelor,10.0,0.11111111111111112,47.0,18.0,15.422222222222224
Vulvodynia,Sertraline,10.0,0.375,16.5,1360.0,144.05
Vulvodynia,Topamax,6.0,-0.14062499999999994,16.5,340.0,39.41875
Vulvodynia,Topiramate,3.0,-0.1666666666666666,6.0,606.0,62.66666666666667
Vulvodynia,Tramadol,8.75,0.14698135198135198,21.25,820.0,90.0439627039627
Vulvodynia,Venlafaxine,7.0,0.3,19.0,1016.0,108.80000000000001
Vulvodynia,Zoloft,10.0,-0.04999999999999999,23.0,805.0,89.0
Warts,Fluorouracil,1.0,0.14821428571428572,12.0,63.0,9.396428571428572
Warts,Salicylic acid,8.0,0.25,1.0,4.0,4.300000000000001
Wegener's Granulomatosis,Azathioprine,6.0,0.17166666666666666,0.0,44.0,7.143333333333334
Wegener's Granulomatosis,Cyclophosphamide,10.0,0.1,12.0,7.0,7.300000000000001
Wegener's Granulomatosis,Cytoxan,10.0,0.1,12.0,5.0,7.1000000000000005
Wegener's Granulomatosis,Rituximab,9.0,0.1630129419191919,21.0,58.0,13.926025883838385
Weight Loss,Adipex-P,9.058823529411764,0.13777050542505226,60.588235294117645,326.0,48.61671748143834
Weight Loss,Belviq,7.858267716535433,0.11714707873011836,56.272965879265094,563.0,70.93219441992744
Weight Loss,Belviq XR,8.333333333333334,0.08556594591750842,8.0,4.0,5.504465225168351
Weight Loss,Bupropion / naltrexone,6.318352059925093,0.07887616636326177,20.138576779026216,950.0,101.71280851250181
Weight Loss,Contrave,6.380228136882129,0.07802643899591653,20.171102661596958,920.0,98.74236466506407
Weight Loss,Fastin,7.171428571428572,0.09528620778346834,67.25714285714285,36.0,20.11057241556694
Weight Loss,Ionamin,7.285714285714286,0.13055940146713957,30.142857142857142,8.0,10.003975945791423
Weight Loss,Liraglutide,7.903614457831325,0.09643878841267979,18.018072289156628,755.0,82.45793781778922
Weight Loss,Lomaira,9.0,0.12187499999999998,3.0,1.0,4.543749999999999
Weight Loss,Lorcaserin,7.919896640826873,0.11143546929119048,56.09043927648579,572.0,71.80891745021029
Weight Loss,Megace,10.0,0.6000000000000001,68.0,7.0,19.5
Weight Loss,Megace ES,9.666666666666666,0.04486531986531986,41.333333333333336,5.0,12.723063973063974
Weight Loss,Megestrol,8.636363636363637,0.025414780926144562,33.27272727272727,41.0,14.2599204709432
Weight Loss,Phentercot,9.5,-0.08711805555555556,22.5,2.0,8.325763888888888
Weight Loss,Phentermine,8.804276315789474,0.12466240888327093,32.21628289473684,1543.0,164.5142919230297
Weight Loss,Phentermine / topiramate,7.847389558232932,0.08834767990383008,43.75100401606426,359.0,47.96585198631368
Weight Loss,Phentride,8.0,0.20059523809523808,40.0,1.0,11.701190476190476
Weight Loss,Qsymia,7.695652173913044,0.10085818474072042,52.61352657004831,312.0,45.002682553056324
Weight Loss,Saxenda,8.294736842105262,0.11084936671655804,13.852631578947369,345.0,40.810119786064696
Weight Loss,T-Diet,10.0,0.03388888888888889,72.0,1.0,18.567777777777778
Weight Loss,Victoza,8.142857142857142,0.08051904068491234,32.36507936507937,344.0,44.29119681152855
Wilson's Disease,Penicillamine,8.0,0.36666666666666664,4.0,1.0,4.833333333333333
Wolff-Parkinson-White Syndrome,Flecainide,9.0,0.07222222222222223,12.5,63.0,12.544444444444444
Wolff-Parkinson-White Syndrome,Tambocor,9.0,0.1,22.0,9.0,9.100000000000001
Women (minoxidil),Minoxidil,1.0,-0.17142857142857146,14.0,53.0,8.157142857142858
Women (oxybutynin),Oxybutynin,7.333333333333333,-0.09166666666666667,13.0,154.0,20.75
Wound Cleansing,Acetic acid,6.0,-0.65,3.0,1.0,1.8000000000000005
Xerostomia,Aquoral,1.0,-0.3297847985347986,6.5,2.0,1.240430402930403
Xerostomia,Biotene Mouthwash,5.5,-0.0693253968253968,4.0,2.0,3.061349206349207
Xerostomia,NeutraSal,8.666666666666666,0.16929713804713806,39.333333333333336,4.0,12.07192760942761
Xerostomia,Pilocarpine,10.0,0.06666666666666668,2.0,1.0,4.633333333333334
Xerostomia,Saliva substitutes,7.555555555555555,0.12414361872695207,15.777777777777779,13.0,7.726065015231682
Xerostomia,SalivaMAX,10.0,0.45833333333333337,2.0,1.0,5.416666666666667
Xerostomia,Salivart,10.0,0.05833333333333331,2.0,1.0,4.616666666666666
Zollinger-Ellison Syndrome,Omeprazole,10.0,0.014583333333333365,43.0,90.0,21.629166666666666
acial Lipoatrophy,Dermal filler,10.0,0.25,0.0,12.0,5.7
acial Wrinkles,AbobotulinumtoxinA,5.0,0.35000000000000003,11.0,3.0,5.2
acial Wrinkles,Botox,5.5,0.24583333333333335,0.5,160.0,18.791666666666668
acial Wrinkles,Botox Cosmetic,6.2,0.11777777777777779,3.4,5.0,3.895555555555556
acial Wrinkles,Dermal filler,7.090909090909091,0.17573863636363637,12.454545454545455,12.0,6.878750000000001
acial Wrinkles,Dysport,7.5,0.2317156862745098,10.5,4.0,5.96343137254902
acial Wrinkles,Juvederm Voluma XC,7.0,0.15000000000000002,0.0,1.0,3.2000000000000006
acial Wrinkles,OnabotulinumtoxinA,5.5,0.13125,3.25,167.0,19.8125
acial Wrinkles,Tazarotene,9.0,0.04458964646464648,3.0,14.0,5.6891792929292935
actor IX Deficiency,BeneFix,6.0,0.23229166666666665,3.0,1.0,3.5645833333333337
actor IX Deficiency,Coagulation factor ix,6.0,0.23229166666666665,3.0,1.0,3.5645833333333337
actor IX Deficiency,Tranexamic acid,9.0,1.0,10.0,80.0,15.6
ailure to Thrive,Cyproheptadine,9.333333333333334,0.12085813492063492,9.0,92.0,14.975049603174604
amilial Cold Autoinflammatory Syndrome,Arcalyst,10.0,0.1361111111111111,1.0,1.0,4.572222222222222
amilial Cold Autoinflammatory Syndrome,Rilonacept,10.0,0.0709722222222222,5.5,2.0,5.441944444444444
amilial Mediterranean Feve,Colchicine,9.8,0.10247619047619047,3.6,45.0,9.344952380952382
amilial Mediterranean Feve,Colcrys,9.0,0.4,10.0,17.0,8.100000000000001
atigue,Adderall,8.0,0.11249999999999999,76.0,201.0,38.725
atigue,Amantadine,5.0,0.049323593073593075,18.5,20.0,7.798647186147186
atigue,Amphetamine / dextroamphetamine,8.470588235294118,0.15047518022053624,34.11764705882353,419.0,52.41271506632343
atigue,Concerta,7.0,0.08088842975206612,29.0,198.0,28.561776859504135
atigue,Dextroamphetamine,7.0,-0.025802556818181818,16.75,96.0,15.698394886363637
atigue,Methylphenidate,6.75,0.019135346976256074,21.0,456.0,52.53827069395251
atigue,Modafinil,8.708333333333334,0.14595171707150875,21.458333333333332,209.0,28.96690343414302
cal Segmental Glomerulosclerosis,Corticotropin,10.0,0.04999999999999999,4.0,9.0,5.8
cal Segmental Glomerulosclerosis,Rituxan,9.0,0.5,22.0,17.0,10.7
cal Segmental Glomerulosclerosis,Rituximab,9.5,0.34363636363636363,17.5,58.0,13.787272727272729
emale Infertility,Clomid,7.68,0.15217886658795748,110.28,34.0,28.832357733175918
emale Infertility,Clomiphene,7.32258064516129,0.13442721489747045,81.0,40.0,23.397886687859454
emale Infertility,Femara,10.0,0.31111111111111106,45.0,29.0,16.522222222222222
emale Infertility,Glucophage,10.0,-0.022222222222222227,83.0,26.0,23.15555555555556
emale Infertility,Letrozole,10.0,0.23427579365079362,60.0,67.0,23.168551587301586
emale Infertility,Lupron,9.0,-0.1419323979591836,11.0,38.0,9.316135204081634
emale Infertility,Metformin,7.0,0.15185185185185185,25.25,268.0,34.95370370370371
eve,Acetaminophen,9.6,0.39016923076923077,11.6,30.0,9.940338461538461
eve,Advil,9.0,0.39166666666666666,36.0,14.0,12.983333333333334
eve,Advil Liqui-Gels,9.0,0.5,6.0,8.0,6.6
eve,Aspirin,10.0,1.0,15.0,20.0,11.0
eve,Children's Motrin,10.0,-0.037500000000000006,3.0,2.0,4.7250000000000005
eve,Ibuprofen,9.0,0.4458333333333333,21.0,85.0,17.191666666666666
eve,Tylenol,9.0,0.04751282051282053,18.0,8.0,8.095025641025641
ge (amlodipine / valsartan),Amlodipine / valsartan,6.0606060606060606,0.044224998766665434,29.181818181818183,33.0,11.649056058139394
ge HCT (amlodipine / hydrochlorothiazide / valsartan),Amlodipine / hydrochlorothiazide / valsartan,9.75,0.15958333333333333,10.25,4.0,6.669166666666667
ibrocystic Breast Disease,Danazol,9.0,-0.08293199855699858,6.0,6.0,5.234136002886004
ibromyalgia,Amitriptyline,6.6923076923076925,0.12484530892010753,40.76923076923077,695.0,80.58045984860945
ibromyalgia,Amrix,7.5,0.10182208994708995,35.5,35.0,13.80364417989418
ibromyalgia,Armodafinil,8.142857142857142,0.0729901051329623,49.42857142857143,206.0,33.888837353123066
ibromyalgia,Cesamet,10.0,0.13124999999999998,104.0,2.0,25.2625
ibromyalgia,Cyclobenzaprine,7.620689655172414,0.08945315955937878,36.48275862068966,275.0,38.023733905325656
ibromyalgia,Cymbalta,6.438356164383562,0.0798438880520546,38.78767123287671,864.0,96.89256448843288
ibromyalgia,Desvenlafaxine,8.153846153846153,0.1429797204220281,19.384615384615383,582.0,65.6244209793056
ibromyalgia,Desyrel,7.166666666666667,0.0909090909090909,40.833333333333336,27.0,13.915151515151518
ibromyalgia,Duloxetine,6.5394736842105265,0.08813136148192183,38.42763157894737,934.0,103.87757851243754
ibromyalgia,Effexor,4.0,-0.012772817460317453,51.75,265.0,38.42445436507937
ibromyalgia,Effexor XR,5.666666666666667,0.18333333333333335,31.666666666666668,399.0,48.866666666666674
ibromyalgia,Elavil,5.785714285714286,0.1303226310726311,59.42857142857143,116.0,26.060645262145265
ibromyalgia,Escitalopram,8.6,0.13304146894771895,37.7,1292.0,140.44608293789545
ibromyalgia,Flexeril,7.8,0.036719134400952605,60.3,119.0,27.153438268801906
ibromyalgia,Fluoxetine,6.5,-0.18858796296296299,46.833333333333336,766.0,88.18949074074075
ibromyalgia,Gabapentin,6.653061224489796,0.0927442163562612,60.96938775510204,1047.0,119.74059047352885
ibromyalgia,Glucosamine,10.0,0.23333333333333334,39.0,2.0,12.466666666666667
ibromyalgia,Gralise,9.0,0.15363636363636363,131.0,4.0,30.507272727272728
ibromyalgia,Guaifenesin,8.358490566037736,0.1071692080238146,56.905660377358494,117.0,26.638866717934427
ibromyalgia,Lexapro,8.428571428571429,0.058897564076135514,47.714285714285715,952.0,108.232080842438
ibromyalgia,Lyrica,6.603174603174603,0.05008459556983033,54.41798941798942,441.0,57.72503691600739
ibromyalgia,Meloxicam,7.35,0.0719368235930736,53.25,250.0,38.733873647186144
ibromyalgia,Metaxalone,8.3125,0.14085176542207792,40.0,75.0,19.106703530844158
ibromyalgia,Milnacipran,6.638613861386139,0.05926913721069069,44.05940594059406,207.0,32.28586500709466
ibromyalgia,Mobic,7.5,0.09651620370370373,78.66666666666667,84.0,27.32636574074074
ibromyalgia,Mucinex,7.722222222222222,0.04108823654789265,103.16666666666667,62.0,30.00439869531801
ibromyalgia,Nabilone,8.4,0.07102813852813852,57.8,7.0,15.762056277056278
ibromyalgia,Naltrexone,7.533333333333333,0.16888338359171692,55.333333333333336,180.0,32.41776676718344
ibromyalgia,Neurontin,6.4,0.17498402777777777,50.6,140.0,27.029968055555557
ibromyalgia,Nuvigil,8.333333333333334,0.1360870610870611,72.5,169.0,35.005507455507455
ibromyalgia,Prednisone,8.45,0.12892550827149044,39.25,289.0,40.38785101654298
ibromyalgia,Pregabalin,6.4774774774774775,0.05129579888372201,47.53603603603604,632.0,75.40078979596565
ibromyalgia,Pristiq,7.090909090909091,0.1294540875790876,17.90909090909091,548.0,61.47708999334
ibromyalgia,Prozac,9.0,0.0,108.0,472.0,72.4
ibromyalgia,Savella,6.826923076923077,0.062091531515808714,45.15384615384615,212.0,33.08572152457008
ibromyalgia,Skelaxin,8.142857142857142,0.19091057256235827,45.07142857142857,60.0,18.65324971655329
ibromyalgia,Sodium oxybate,7.714285714285714,-0.06252289377289377,45.714285714285715,56.0,17.703525641025642
ibromyalgia,Topamax,5.5,0.040660076530612245,47.42857142857143,340.0,45.76703443877551
ibromyalgia,Topiramate,6.24,0.06973313492063492,41.08,606.0,71.45146626984128
ibromyalgia,Tramadol,7.395604395604396,0.12651616253946674,45.879120879120876,820.0,94.38709825914486
ibromyalgia,Trazodone,7.0,0.034451574348173614,25.333333333333332,584.0,66.33556981536302
ibromyalgia,Ultram,6.8,0.06530064033189034,51.9,142.0,27.430601280663783
ibromyalgia,Ultram ER,7.25,0.21472247990105137,38.5,19.0,12.929444959802103
ibromyalgia,Venlafaxine,7.076923076923077,0.07054879420688244,38.73076923076923,1016.0,112.31802066533685
ibromyalgia,Xyrem,7.166666666666667,-0.06384615384615384,51.5,58.0,18.83897435897436
lic Acid Deficiency,Deplin,7.0,0.1062037037037037,35.666666666666664,56.0,15.745740740740743
lic Acid Deficiency,Folic acid,8.0,0.001428571428571426,4.0,2.0,4.202857142857143
lic Acid Deficiency,L-methylfolate,7.75,0.1567361111111111,60.75,73.0,22.863472222222224
llicular Lymphoma,Clarithromycin,5.0,-0.16666666666666666,3.0,291.0,31.366666666666667
m Pain Disorde,Milnacipran,10.0,0.023809523809523805,0.0,207.0,24.74761904761905
mance Anxiety,Propranolol,9.67379679144385,0.09271945322371683,36.19786096256684,467.0,57.99452981553834
me,Temozolomide,9.0,0.008333333333333331,21.0,9.0,8.716666666666667
min / pioglitazone),Metformin / pioglitazone,7.2,0.13174603174603178,16.4,5.0,6.923492063492064
min / rosiglitazone),Metformin / rosiglitazone,6.0,0.1775,7.0,2.0,4.355
min / saxagliptin),Metformin / saxagliptin,5.1,0.05670252525252526,7.9,10.0,4.73340505050505
min / sitagliptin),Metformin / sitagliptin,5.884615384615385,0.1130997264196565,37.88461538461539,31.0,13.256968683608545
min),Alogliptin / metformin,1.0,0.0,2.0,1.0,0.9
min),Dapagliflozin / metformin,9.0,0.12707026615359948,24.333333333333332,3.0,9.020807198973866
min),Empagliflozin / metformin,10.0,0.10260416666666666,10.5,2.0,6.505208333333333
min),Linagliptin / metformin,7.375,0.29263492063492064,4.25,8.0,5.185269841269841
min),Metformin,6.967741935483871,0.10604305013982435,72.3225806451613,268.0,44.26369900350546
mis,Dapsone,9.2,-0.07247023809523809,19.8,136.0,21.095059523809525
mist (,Formoterol,9.0,0.5,23.0,8.0,10.0
moterol / mometasone),Formoterol / mometasone,5.896551724137931,0.06335511072580038,17.03448275862069,29.0,8.792227462830912
moterol),Arformoterol,9.5,0.1,27.5,2.0,9.7
moterol),Budesonide / formoterol,7.375,0.09392627474059352,37.833333333333336,74.0,18.104519216147857
moterol),Formoterol,8.6,0.263939393939394,11.8,8.0,7.127878787878788
mulation) (phenylephrine),Phenylephrine,6.0,0.026092171717171733,4.666666666666667,24.0,5.785517676767678
t Care,Salicylic acid / urea,10.0,0.25,0.0,1.0,4.6
t Care,Salvax Duo,10.0,0.25,0.0,1.0,4.6
t Pac with Cyclobenzaprine (cyclobenzaprine),Cyclobenzaprine,4.5,0.23515625000000004,30.0,275.0,35.7703125
tic (mycophenolic acid),Mycophenolic acid,9.0,0.060000000000000005,13.0,3.0,6.62
unctional Gastric Disorde,Simethicone,7.0,0.3933333333333333,1.0,7.0,4.486666666666667
ungal Infection Prophylaxis,Itraconazole,5.0,-0.14895833333333336,0.0,18.0,3.502083333333333
ungal Pneumonia,Fluconazole,2.0,-0.2666666666666666,2.0,200.0,20.666666666666668
von Willebrand's Disease,Antihemophilic factor / von willebrand factor,10.0,0.5922916666666667,2.5,2.0,5.8845833333333335
von Willebrand's Disease,Humate-P,10.0,0.5922916666666667,2.5,2.0,5.8845833333333335
von Willebrand's Disease,Stimate,10.0,0.23342592592592593,5.0,3.0,5.766851851851851
zen Shoulde,Diclofenac,8.666666666666666,0.5083333333333334,19.0,482.0,56.483333333333334
zen Shoulde,Ibuprofen,8.0,0.15000000000000002,0.0,85.0,12.0
zen Shoulde,Indocin,10.0,0.0,12.0,20.0,8.4
zen Shoulde,Indomethacin,10.0,0.0,12.0,103.0,16.700000000000003
zen Shoulde,Nabumetone,5.666666666666667,0.21611111111111114,31.333333333333332,48.0,13.765555555555556
zen Shoulde,Naproxen,2.6666666666666665,-0.05736111111111111,15.333333333333334,308.0,34.81861111111111
zen Shoulde,Relafen,7.0,0.048333333333333325,50.0,17.0,14.596666666666668
zen Shoulde,Voltaren,8.0,0.8,33.0,89.0,20.300000000000004
